text,department
This is getting difficult because the LMS is not showing one of my registered courses during the last two classes. Please check the system and resolve the technical issue.,IT Services
"Could you please check this? the admission office entered the wrong academic program in my record. I am not sure who else to contact, so I am submitting this complaint. Please verify the record and update it.",Administrative Offices
"I am having a problem because required software is missing from several computers in the lab since yesterday. I have tried the normal procedure once already, but nothing changed. Please restore access as soon as possible.",IT Services
My complaint is that the room allocation list shows the wrong hostel block for me since yesterday and the situation is getting worse; Please arrange a proper solution for the affected residents.,Hostel/Provost Office
I have been facing a problem where a drainage channel near the department building is overflowing since yesterday. This is affecting a routine university task that I need to complete. Kindly arrange a repair as soon as possible.,Maintenance & Facilities
I want to report that the LMS is not showing one of my registered courses and restarting the device did not help. I would appreciate a proper technical fix for this issue.,IT Services
There is an issue with my university record: the university WiFi keeps disconnecting in the library can u check this please?,IT Services
I noticed that my attendance percentage is lower than the classes I actually attended since the start of this semester this is causing alot of trouble.,Academic
This is getting difficult because my registered course disappeared after the add/drop period which is creating a problem with course registration. Kindly check this issue and update the academic record.,Academic
There is an issue with my university record: my CGPA did not update after a repeated course grade was posted i already reported it but no response yet.,Academic
There is an issue with my university record: I was charged a late fee even though I paid before the deadline since the start of this semester i already reported it but no response yet.,Administrative Offices
My complaint is that the parking area is badly congested because the markings are not visible since yesterday and it is especially difficult during afternoon classes. Please send the maintenance team to inspect and repair it.,Maintenance & Facilities
Please look into this issue: the accounts office asked for the same payment proof multiple times since yesterday. I checked the relevant notice and the information still does not match. Please resolve the discrepancy in the official record.,Administrative Offices
"I have already tried to get this sorted, but my submitted assignment is still showing as not submitted after the latest update. The issue is not urgent in an emergency sense, but it needs proper attention. Can someone please confirm the correct status and fix the error?",Academic
I am having a problem because the registrar office has not issued a requested official document since yesterday and the deadline is approaching. Please resolve the discrepancy in the official record.,Administrative Offices
I need help because the toilet flush in the student washroom is broken since yesterday pls fix this soon.,Maintenance & Facilities
I want to report that the university portal is not loading after I sign in since yesterday but the issue still continues. Kindly have IT support investigate this.,IT Services
I want to report that my attendance percentage is lower than the classes I actually attended. I checked the relevant notice and the information still does not match. Please review the matter before the next academic deadline.,Academic
"My complaint is that a required course is not appearing in course registration after the latest update. I am not sure who else to contact, so I am submitting this complaint. Can someone please confirm the correct status and fix the error?",Academic
Could you please check this? the university WiFi keeps disconnecting in the library for three days now. I checked the relevant notice and the information still does not match. Please check the system and resolve the technical issue.,IT Services
"Could you please check this? my admission application shows incomplete documents although everything was submitted during the last two classes. I am not sure who else to contact, so I am submitting this complaint. Please resolve the discrepancy in the official record.",Administrative Offices
There is an issue with my university record: the transcript shows the wrong credit hours for one subject since the start of this semester and this is affecting my semester planning. Kindly check this issue and update the academic record.,Academic
I have been facing a problem where my financial aid application has not moved beyond initial review so I need clarification and correction; Kindly ask the relevant office to resolve this issue.,Administrative Offices
"i have already tried to get this sorted, but a prerequisite is being shown as incomplete although I passed it but the issue is still unresolved; Please review the matter before the next academic deadline.",Academic
"Hi, two of my final exams are scheduled at the same time during the last two classes which is creating a problem with course registration; Please look into this because I have not been able to resolve it myself.",Academic
I need help because the hostel entrance security check is not being done consistently since yesterday can u check this please?,Hostel/Provost Office
I am having a problem because my submitted assignment is still showing as not submitted. Kindly check this issue and update the academic record.,Academic
I am having a problem because the university WiFi keeps disconnecting in the library which is causing delays in my coursework; Can the IT team check the account or service configuration?,IT Services
Please look into this issue: my official document request was closed without issuing the document since yesterday so I need clarification and correction; I request that this matter be processed without further delay.,Administrative Offices
I noticed that my thesis supervisor has not been assigned even though the deadline passed even after I reported it earlier. Please review the matter before the next academic deadline.,Academic
I noticed that the hostel gate was locked earlier than the official curfew time even after I reported it earlier. Please ask the hostel administration to resolve this.,Hostel/Provost Office
I need help because the hostel water dispenser is frequently empty. I checked the relevant notice and the information still does not match. I request the provost office to investigate and take action.,Hostel/Provost Office
I need help because my roommate was changed without any prior notice since yesterday and several residents are affected. Kindly have the warden or provost office look into the issue.,Hostel/Provost Office
This is getting difficult because the classroom projector loses connection every few minutes after the latest update. I checked the relevant notice and the information still does not match. Can the IT team check the account or service configuration?,IT Services
This is getting difficult because my makeup exam application was approved but no exam schedule has been shared after the latest update and this is affecting my semester planning; Please verify the record and correct it.,Academic
"I have already tried to get this sorted, but my quiz marks were not included in the final course total after the latest update can u check this please?",Academic
"I am having a problem because my student card renewal request is still pending even after I reported it earlier. I am not sure who else to contact, so I am submitting this complaint. Can the administrative office review this and provide the correct status?",Administrative Offices
Please look into this issue: the online service becomes unavailable during registration hours for three days now this is causing alot of trouble.,IT Services
"I noticed that a prerequisite is being shown as incomplete although I passed it since last week. I have tried the normal procedure once already, but nothing changed. I would appreciate it if the department could resolve this soon.",Academic
"For the past few days, the admission office has not updated my verification status this is causing alot of trouble.",Administrative Offices
"I have already tried to get this sorted, but I have not received feedback from my thesis supervisor for several weeks since the start of this semester i already reported it but no response yet.",Academic
I noticed that the hostel entrance security check is not being done consistently during the last two classes. Can this be addressed by the hostel management soon?,Hostel/Provost Office
"I am having a problem because a submitted document is still marked as missing in the administrative record during the last two classes. I am not sure who else to contact, so I am submitting this complaint. I request that this matter be processed without further delay.",Administrative Offices
I am having a problem because the transcript shows the wrong credit hours for one subject after the latest update i already reported it but no response yet.,Academic
I want to report that the curfew entry record shows me late even though I entered before closing time kindly sort this out.,Hostel/Provost Office
There is an issue with my university record: garbage is not being removed regularly from the hostel floor since the start of this semester so I need the provost office to check the matter. Kindly have the warden or provost office look into the issue.,Hostel/Provost Office
"I have already tried to get this sorted, but the university portal is not loading after I sign in since last week and I cannot complete my online work; I would appreciate a proper technical fix for this issue.",IT Services
There is an issue with my university record: the financial aid amount shown is different from the approved amount after the latest update and I have visited the office more than once. Please verify the record and update it.,Administrative Offices
"Hi, a submitted document is still marked as missing in the administrative record and this is blocking another university process. I request that this matter be processed without further delay.",Administrative Offices
There is an issue with my university record: my admission application shows incomplete documents although everything was submitted and I have already submitted the required proof. Please check the payment or document status and correct it.,Administrative Offices
"For the past few days, the laundry machines have been out of order for several days since yesterday. Please check the hostel record and fix the problem.",Hostel/Provost Office
I want to report that the air conditioner is leaking water onto the floor during the last two classes. I checked the relevant notice and the information still does not match. Kindly arrange a repair as soon as possible.,Maintenance & Facilities
i noticed that garbage is not being removed regularly from the hostel floor can u check this please?,Hostel/Provost Office
I noticed that the biometric attendance device is not recognizing fingerprints since last week and the problem happens repeatedly. Please troubleshoot this because the usual fixes have not worked.,IT Services
I have been facing a problem where required software is missing from several computers in the lab this is causing alot of trouble.,IT Services
I am having a problem because my university account password reset link is not working so this needs technical support. I would appreciate a proper technical fix for this issue.,IT Services
"For the past few days, a refund approved earlier has still not been transferred during the last two classes kindly sort this out.",Administrative Offices
There is an issue with my university record: the registrar office has not issued a requested official document after the latest update this is causing alot of trouble.,Administrative Offices
I need help because there has been no electricity in part of the academic block during the last two classes. Can maintenance please inspect the area and resolve it?,Maintenance & Facilities
"I have been facing a problem where the laundry machines have been out of order for several days since yesterday. I am not sure who else to contact, so I am submitting this complaint. Please ask the hostel administration to resolve this.",Hostel/Provost Office
Please look into this issue: I have not received feedback from my thesis supervisor for several weeks since yesterday. This is affecting a routine university task that I need to complete. Can someone please confirm the correct status and fix the error?,Academic
I am having a problem because my thesis supervisor has not been assigned even though the deadline passed since the start of this semester. Please verify the record and correct it.,Academic
"Hi, the university portal is not loading after I sign in and the problem happens repeatedly. Can the IT team check the account or service configuration?",IT Services
"I need help because the grading rubric was not followed for my project evaluation since last week. The issue is not urgent in an emergency sense, but it needs proper attention. Please review the matter before the next academic deadline.",Academic
"I have already tried to get this sorted, but my GPA calculation appears incorrect after the latest result i already reported it but no response yet.",Academic
"I have already tried to get this sorted, but the university WiFi keeps disconnecting in the library since last week. This is affecting a routine university task that I need to complete. Please restore access as soon as possible.",IT Services
Please look into this issue: a refund approved earlier has still not been transferred since the start of this semester. Can the administrative office review this and provide the correct status?,Administrative Offices
"I am having a problem because the study room is being locked during the hours it should be open. I have tried the normal procedure once already, but nothing changed. Please arrange a proper solution for the affected residents.",Hostel/Provost Office
Please look into this issue: my submitted assignment is still showing as not submitted since last week i already reported it but no response yet.,Academic
"I have already tried to get this sorted, but the hostel mess is serving food much later than the announced timing since yesterday pls fix this soon.",Hostel/Provost Office
There is an issue with my university record: I was assigned a hostel room that is already occupied since the start of this semester. Can this be addressed by the hostel management soon?,Hostel/Provost Office
I am having a problem because there has been no electricity in part of the academic block so the facility needs attention; Kindly arrange a repair as soon as possible.,Maintenance & Facilities
"I want to report that the hostel entrance security check is not being done consistently. I have tried the normal procedure once already, but nothing changed. Please check the hostel record and fix the problem.",Hostel/Provost Office
My complaint is that the backup generator did not start during the last power outage after the latest update and temporary fixes have not solved it. Can maintenance please inspect the area and resolve it?,Maintenance & Facilities
Please look into this issue: the classroom projector loses connection every few minutes. Can the IT team check the account or service configuration?,IT Services
Could you please check this? a drainage channel near the department building is overflowing since yesterday which could become a safety issue. This needs to be fixed before it becomes a bigger problem.,Maintenance & Facilities
I have been facing a problem where the fee challan cannot be generated for the current semester for three days now so I need clarification and correction. Kindly ask the relevant office to resolve this issue.,Administrative Offices
"I have already tried to get this sorted, but the elevator stops between floors and feels unsafe since last week and students are avoiding the room. Kindly arrange a repair as soon as possible.",Maintenance & Facilities
"Hi, a washroom tap has been leaking continuously even after I reported it earlier. I checked the relevant notice and the information still does not match. Please have the facilities staff check this issue.",Maintenance & Facilities
I have been facing a problem where the stairway lights are not working in the evening since the start of this semester can u check this please?,Maintenance & Facilities
I want to report that a refund approved earlier has still not been transferred since the start of this semester. Kindly ask the relevant office to resolve this issue.,Administrative Offices
This is getting difficult because the timetable has overlapping lectures for two compulsory courses even after I reported it earlier this is causing alot of trouble.,Academic
"For the past few days, the accounts office has not reflected my bank payment since the start of this semester. Please check the payment or document status and correct it.",Administrative Offices
"My submitted assignment is still showing as not submitted for three days now. I am not sure who else to contact, so I am submitting this complaint. Please verify the record and correct it.",Academic
"Hi, the accounts office says my refund is processed but I have not received it. Please verify the record and update it.",Administrative Offices
My complaint is that the scholarship status has remained pending for a long time since last week. Please resolve the discrepancy in the official record.,Administrative Offices
I need help because the main building entrance becomes flooded after rain during the last two classes which is making the area difficult to use. Please have the facilities staff check this issue.,Maintenance & Facilities
"I want to report that my GPA calculation appears incorrect after the latest result during the last two classes. I am not sure who else to contact, so I am submitting this complaint. Please review the matter before the next academic deadline.",Academic
I want to report that the desks in the room are damaged and unstable during the last two classes. This needs to be fixed before it becomes a bigger problem.,Maintenance & Facilities
I have been facing a problem where my semester fee payment is complete but the account still shows an unpaid balance since yesterday. Please check the payment or document status and correct it.,Administrative Offices
I have been facing a problem where several ceiling fans in the lecture room are not working since the start of this semester kindly sort this out.,Maintenance & Facilities
"For the past few days, the biometric attendance device is not recognizing fingerprints since yesterday so this needs technical support; Please troubleshoot this because the usual fixes have not worked.",IT Services
A refund approved earlier has still not been transferred. Please check the payment or document status and correct it.,Administrative Offices
I am having a problem because my thesis supervisor has not been assigned even though the deadline passed even after I reported it earlier this is causing alot of trouble.,Academic
"I have already tried to get this sorted, but the hostel entrance security check is not being done consistently since yesterday but there has been no proper response; Please check the hostel record and fix the problem.",Hostel/Provost Office
I have been facing a problem where outgoing messages from my university email are being rejected for three days now can u check this please?,IT Services
A classroom door lock is jammed and the room cannot be secured for three days now and it is disturbing classes; Please send the maintenance team to inspect and repair it.,Maintenance & Facilities
I am having a problem because internet speed in the lab is too slow to access course material since yesterday. I would appreciate a proper technical fix for this issue.,IT Services
Please look into this issue: a repeated complaint about hostel room cleanliness has not been addressed after the latest update and several residents are affected. Please arrange a proper solution for the affected residents.,Hostel/Provost Office
Could you please check this? my submitted assignment is still showing as not submitted for three days now and I do not know which information to follow. Please verify the record and correct it.,Academic
I want to report that the printer in the student lab is showing an error for every print job can u check this please?,IT Services
I noticed that a drainage channel near the department building is overflowing. This is affecting a routine university task that I need to complete. Can maintenance please inspect the area and resolve it?,Maintenance & Facilities
My complaint is that I am locked out of my university account even after resetting the password during the last two classes and other students in the same area are facing it too; Can the IT team check the account or service configuration?,IT Services
"I want to report that the study room is being locked during the hours it should be open. The issue is not urgent in an emergency sense, but it needs proper attention. Please arrange a proper solution for the affected residents.",Hostel/Provost Office
There is an issue with my university record: required software is missing from several computers in the lab after the latest update and restarting the device did not help. Kindly have IT support investigate this.,IT Services
My official document request was closed without issuing the document since yesterday. This is affecting a routine university task that I need to complete. Kindly ask the relevant office to resolve this issue.,Administrative Offices
I have been facing a problem where my bonafide certificate request has not been processed and the deadline is approaching. I request that this matter be processed without further delay.,Administrative Offices
This is getting difficult because the university portal is not loading after I sign in after the latest update. Please troubleshoot this because the usual fixes have not worked.,IT Services
Please look into this issue: the accounts office has not reflected my bank payment even after I reported it earlier. Please resolve the discrepancy in the official record.,Administrative Offices
I want to report that my midterm marks are missing from the portal. Kindly check this issue and update the academic record.,Academic
This is getting difficult because the university WiFi keeps disconnecting in the library even after I reported it earlier which is interrupting classes and assignments; Please check the system and resolve the technical issue.,IT Services
"For the past few days, the campus WiFi connects but there is no internet access for three days now. Please check the system and resolve the technical issue.",IT Services
I noticed that the timetable shows a room and time that do not match the department notice during the last two classes. I would appreciate it if the department could resolve this soon.,Academic
I have been facing a problem where the timetable has overlapping lectures for two compulsory courses for three days now which may delay my graduation process. Please review the matter before the next academic deadline.,Academic
Could you please check this? my midterm marks are missing from the portal since last week and I do not know which information to follow. Please look into this because I have not been able to resolve it myself.,Academic
I have been facing a problem where one of the lab computers keeps restarting by itself during the last two classes and restarting the device did not help; I would appreciate a proper technical fix for this issue.,IT Services
"Could you please check this? the online service becomes unavailable during registration hours during the last two classes. I am not sure who else to contact, so I am submitting this complaint. Can the IT team check the account or service configuration?",IT Services
Could you please check this? the common room furniture is damaged and unusable since yesterday and the situation is getting worse; Please check the hostel record and fix the problem.,Hostel/Provost Office
"Hi, the hostel gate was locked earlier than the official curfew time since yesterday so I need the provost office to check the matter; Kindly have the warden or provost office look into the issue.",Hostel/Provost Office
Please look into this issue: the hostel gate was locked earlier than the official curfew time kindly sort this out.,Hostel/Provost Office
There is an issue with my univeristy record: a submitted document is still marked as missing in the administrative record for three days now and i have already submitted the required proof; Please resolve the discrepancy in the official record.,Administrative Offices
"Could you please check this? the printer in the student lab is showing an error for every print job since last week. The issue is not urgent in an emergency sense, but it needs proper attention. Can the IT team check the acount or service configuration?",IT Services
I want to report that I was assigned a hostel room that is already occupied since yesterday but there has been no proper response. Please arrange a proper solution for the affected residents.,Hostel/Provost Office
Please look into this issue: the elevator stops between floors and feels unsafe which could become a safety issue. Kindly arrange a repair as soon as possible.,Maintenance & Facilities
Please look into this issue: a classroom door lock is jammed and the room cant be secured even after I reported it earlier but no repair has been done yet. Kindly arrange a repair as soon as possible.,Maintenance & Facilities
Please look into this issue: I was marked absent in a class where I signed the attendance sheet. I checked the relevant notice and the information still does not match. Please look into this because I have not been able to resolve it myself.,Academic
My complaint is that power sockets in the classroom are loose and unsafe to use after the latest update i already reported it but no response yet.,Maintenance & Facilities
I want to report that the accounts office asked for the same payment proof multiple times. I checked the relevant notice and the information still does not match. Please verify the record and update it.,Administrative Offices
I noticed that the warden has not responded to repeated requests about a room issue even after I reported it earlier. Can this be addressed by the hostel management soon?,Hostel/Provost Office
"My complaint is that a classroom door lock is jammed and the room cannot be secured for three days now. I am not sure who else to contact, so I am submitting this complaint. Kindly arrange a repair as soon as possible.",Maintenance & Facilities
"For the past few days, a prerequisite is being shown as incomplete although I passed it during the last two classes this is causing alot of trouble.",Academic
"Could you please check this? the study room is being locked during the hours it should be open since the start of this semester. I am not sure who else to contact, so I am submitting this complaint. Kindly have the warden or provost office look into the issue.",Hostel/Provost Office
I have been facing a problem where my university email is not receiving messages from official mailing lists so I need the account or service checked. I would appreciate a proper technical fix for this issue.,IT Services
My complaint is that the corridor floor tiles are broken and causing people to trip since last week and students are avoiding the room. This needs to be fixed before it becomes a bigger problem.,Maintenance & Facilities
Could you please check this? the curfew entry record shows me late even though I entered before closing time and it is causing problems with daily hostel life; Please arrange a proper solution for the affected residents.,Hostel/Provost Office
I want to report that the timetable shows a room and time that do not match the department notice since last week. I checked the relevant notice and the information still does not match. Please review the matter before the next academic deadline.,Academic
I noticed that the accounts office has not reflected my bank payment since last week but the status has not changed. Please resolve the discrepancy in the official record.,Administrative Offices
My complaint is that the printer in the student lab is showing an error for every print job since last week and other students in the same area are facing it too; I would appreciate a proper technical fix for this issue.,IT Services
There is an issue with my university record: the transcript shows the wrong credit hours for one subject this is causing alot of trouble.,Academic
"For the past few days, the online service becomes unavailable during registration hours so I need the account or service checked. Please check the system and resolve the technical issue.",IT Services
The transcript shows the wrong credit hours for one subject even after I reported it earlier which may delay my graduation process. Please verify the record and correct it.,Academic
"I have already tried to get this sorted, but the mess food is often cold by the time students are served for three days now and several residents are affected. I request the provost office to investigate and take action.",Hostel/Provost Office
This is getting difficult because two of my final exams are scheduled at the same time during the last two classes and the deadline is getting very close. Please review the matter before the next academic deadline.,Academic
Please look into this issue: the room allocation list shows the wrong hostel block for me and it is causing problems with daily hostel life. I request the provost office to investigate and take action.,Hostel/Provost Office
I have been facing a problem where I was assigned a hostel room that is already occupied and the issue has been reported before; I request the provost office to investigate and take action.,Hostel/Provost Office
"For the past few days, the grading rubric was not followed for my project evaluation during the last two classes. This is affecting a routine university task that I need to complete. Kindly check this issue and update the academic record.",Academic
Please look into this issue: the room window does not close properly and insects enter at night. Please arrange a proper solution for the affected residents.,Hostel/Provost Office
"For the past few days, I am locked out of my university account even after resetting the password during the last two classes. The issue is not urgent in an emergency sense, but it needs proper attention. Kindly have IT support investigate this.",IT Services
"I have already tried to get this sorted, but required software is missing from several computers in the lab for three days now and it is affecting access to university systems; Please check the system and resolve the technical issue.",IT Services
There is an issue with my university record: the classroom AC is running but not cooling the room. This is affecting a routine university task that I need to complete. Kindly arrange a repair as soon as possible.,Maintenance & Facilities
My complaint is that the LMS is not showing one of my registered courses for three days now so I need the account or service checked; Please troubleshoot this because the usual fixes have not worked.,IT Services
My security deposit refund is still pending after clearance after the latest update but the status has not changed. Please verify the record and update it.,Administrative Offices
"Hi, the network printer accepts jobs but does not print anything after the latest update but the issue still continues. Please troubleshoot this because the usual fixes have not worked.",IT Services
There is no water in the washrooms on our floor pls fix this soon.,Maintenance & Facilities
I need help because the printer in the student lab is showing an error for every print job kindly sort this out.,IT Services
I have been facing a problem where several ceiling fans in the lecture room are not working for three days now this is causing alot of trouble.,Maintenance & Facilities
The elevator stops between floors and feels unsafe since last week. This needs to be fixed before it becomes a bigger problem.,Maintenance & Facilities
"I have already tried to get this sorted, but rainwater is entering the corridor through a damaged window for three days now. Can maintenance please inspect the area and resolve it?",Maintenance & Facilities
"For the past few days, the certificate I collected contains a spelling error in the program title after the latest update. I checked the relevant notice and the information still does not match. Please resolve the discrepancy in the official record.",Administrative Offices
Could you please check this? the student parking gate is damaged and difficult to open during the last two classes which could become a safety issue. Please arrange proper repair rather than another temporary fix.,Maintenance & Facilities
There is an issue with my university record: the desks in the room are damaged and unstable and it is especially difficult during afternoon classes. Please have the facilities staff check this issue.,Maintenance & Facilities
There is an issue with my university record: the portal shows an error whenever I try to open my profile and it is affecting access to university systems; Please check the system and resolve the technical issue.,IT Services
This is getting difficult because the grading rubric was not followed for my project evaluation and I have already checked with the course representative. Please review the matter before the next academic deadline.,Academic
Please look into this issue: the parking area is badly congested because the markings are not visible after the latest update and it is disturbing classes. Kindly arrange a repair as soon as possible.,Maintenance & Facilities
I noticed that several ceiling fans in the lecture room are not working so the facility needs attention; Kindly arrange a repair as soon as possible.,Maintenance & Facilities
I noticed that uploaded lecture files on the LMS are not opening and I cannot complete my online work. Please troubleshoot this because the usual fixes have not worked.,IT Services
I need help because the network printer accepts jobs but does not print anything even after I reported it earlier pls fix this soon.,IT Services
Please look into this issue: I was assigned a hostel room that is already occupied since last week and the situation is getting worse. I request the provost office to investigate and take action.,Hostel/Provost Office
I noticed that the online service becomes unavailable during registration hours since last week. Please restore access as soon as possible.,IT Services
I want to report that rainwater is entering the corridor through a damaged window which is causing inconvenience to students and staff. This needs to be fixed before it becomes a bigger problem.,Maintenance & Facilities
Could you please check this? the hostel mess is serving food much later than the announced timing and it is becoming frustrating for residents. I request the provost office to investigate and take action.,Hostel/Provost Office
This is getting difficult because several ceiling fans in the lecture room are not working for three days now. This needs to be fixed before it becomes a bigger problem.,Maintenance & Facilities
"Hi, the exam date was changed without a clear notice during the last two classes can u check this please?",Academic
This is getting difficult because my makeup exam application was approved but no exam schedule has been shared and I do not know which information to follow. Please verify the record and correct it.,Academic
My complaint is that the projector displays a blank screen even though the laptop is connected during the last two classes can u check this please?,IT Services
I noticed that a required course is not appearing in course registration since last week which is creating a problem with course registration. I would appreciate it if the department could resolve this soon.,Academic
I need help because the classroom AC is running but not cooling the room but no repair has been done yet. Please send the maintenance team to inspect and repair it.,Maintenance & Facilities
I was charged a late fee even though I paid before the deadline for three days now. Kindly ask the relevant office to resolve this issue.,Administrative Offices
The LMS is not showing one of my registered courses. I would appreciate a proper technical fix for this issue.,IT Services
"I am having a problem because my financial aid application has not moved beyond initial review please help, its still not fixed.",Administrative Offices
"I have already tried to get this sorted, but a refund approved earlier has still not been transferred since last week. The issue is not urgent in an emergency sense, but it needs proper attention. Can the administrative office review this and provide the correct status?",Administrative Offices
Could you please check this? required software is missing from several computers in the lab for three days now and other students in the same area are facing it too. Please check the system and resolve the technical issue.,IT Services
"I have already tried to get this sorted, but I have not received feedback from my thesis supervisor for several weeks. I am not sure who else to contact, so I am submitting this complaint. Please look into this because I have not been able to resolve it myself.",Academic
I need help because I was assigned a hostel room that is already occupied since yesterday i already reported it but no response yet.,Hostel/Provost Office
I have been facing a problem where my quiz marks were not included in the final course total even after I reported it earlier and I am worried it may affect my GPA. Please verify the record and correct it.,Academic
"My complaint is that the study room is being locked during the hours it should be open since the start of this semester. The issue is not urgent in an emergency sense, but it needs proper attention. Please ask the hostel administration to resolve this.",Hostel/Provost Office
My complaint is that my official document request was closed without issuing the document since the start of this semester which is causing unnecessary delay. Please check the payment or document status and correct it.,Administrative Offices
My complaint is that a refund approved earlier has still not been transferred since yesterday. This is affecting a routine university task that I need to complete. Please verify the record and update it.,Administrative Offices
"I am having a problem because my scholarship amount has not been adjusted in the semester fee after the latest update. I have tried the normal procedure once already, but nothing changed. I request that this matter be processed without further delay.",Administrative Offices
I need help because I was assigned a hostel room that is already occupied even after I reported it earlier and the issue has been reported before. Please ask the hostel administration to resolve this.,Hostel/Provost Office
I want to report that two of my final exams are scheduled at the same time even after I reported it earlier so I need the academic record checked; Can someone please confirm the correct status and fix the error?,Academic
"For the past few days, uploaded lecture files on the LMS are not opening after the latest update. This is affecting a routine university task that I need to complete. Please troubleshoot this because the usual fixes have not worked.",IT Services
I need help because the backup generator did not start during the last power outage which is making the area difficult to use. Please send the maintenance team to inspect and repair it.,Maintenance & Facilities
I want to report that the scholarship status has remained pending for a long time so I need clarification and correction. I request that this matter be processed without further delay.,Administrative Offices
This is getting difficult because there is no water in the washrooms on our floor during the last two classes and temporary fixes have not solved it. Kindly arrange a repair as soon as possible.,Maintenance & Facilities
I need help because two of my final exams are scheduled at the same time even after I reported it earlier but the issue is still unresolved; Please review the matter before the next academic deadline.,Academic
I need help because the campus WiFi connects but there is no internet access even after I reported it earlier and it is affecting access to university systems. Please troubleshoot this because the usual fixes have not worked.,IT Services
"I have already tried to get this sorted, but the main building entrance becomes flooded after rain during the last two classes and the problem has continued for several days. Please send the maintenance team to inspect and repair it.",Maintenance & Facilities
My complaint is that I was charged a late fee even though I paid before the deadline since the start of this semester. I checked the relevant notice and the information still does not match. Please verify the record and update it.,Administrative Offices
My complaint is that uploaded lecture files on the LMS are not opening even after I reported it earlier so this needs technical support. Please troubleshoot this because the usual fixes have not worked.,IT Services
I have been facing a problem where my official document request was closed without issuing the document. I checked the relevant notice and the information still does not match. Please resolve the discrepancy in the official record.,Administrative Offices
I am having a problem because my hostel room allocation is still pending even though the semester has started even after I reported it earlier. This is affecting a routine university task that I need to complete. Kindly have the warden or provost office look into the issue.,Hostel/Provost Office
"I have already tried to get this sorted, but the biometric system records entry but does not update attendance which is causing delays in my coursework. Please restore access as soon as possible.",IT Services
Please look into this issue: my registered course disappeared after the add/drop period since the start of this semester but the issue is still unresolved; Please look into this becuase I have not been able to resolve it myself.,Academic
Could you please check this? the mess food is often cold by the time students are served for three days now and the issue has been reported before. I request the provost office to investigate and take action.,Hostel/Provost Office
"Hi, my GPA calculation appears incorrect after the latest result since yesterday so I need the academic record checked. Can someone please confirm the correct status and fix the error?",Academic
Could you please check this? the university WiFi keeps disconnecting in the library after the latest update and the problem happens repeatedly. Please restore access as soon as possible.,IT Services
"I need help because my midterm marks are missing from the portal please help, its still not fixed.",Academic
I need help because my thesis supervisor has not been assigned even though the deadline passed since yesterday. This is affecting a routine university task that I need to complete. Kindly check this issue and update the academic record.,Academic
I noticed that the transcript shows the wrong credit hours for one subject and this is affecting my semester planning. Please look into this because I have not been able to resolve it myself.,Academic
"There is an issue with my university record: my transcript is missing one completed course after the latest update. I have tried the normal procedure once already, but nothing changed. Please look into this because I have not been able to resolve it myself.",Academic
Please look into this issue: garbage is not being removed regularly from the hostel floor during the last two classes and it is causing problems with daily hostel life; Kindly have the warden or provost office look into the issue.,Hostel/Provost Office
The grading rubric was not followed for my project evaluation after the latest update which is creating a problem with course registration. Please verify the record and correct it.,Academic
I am having a problem because a drainage channel near the department building is overflowing kindly sort this out.,Maintenance & Facilities
I need help because the fee installment approval is not reflected in the system after the latest update which may affect my registration. Kindly ask the relevant office to resolve this issue.,Administrative Offices
This is getting difficult because my student card renewal request is still pending even after I reported it earlier which is causing unnecessary delay; Please resolve the discrepancy in the official record.,Administrative Offices
"Hi, one of the lab computers keeps restarting by itself. I would appreciate a proper technical fix for this issue.",IT Services
My transcript is missing one completed course since yesterday i already reported it but no response yet.,Academic
There is an issue with my university record: the hostel water dispenser is frequently empty after the latest update but there has been no proper response. Can this be addressed by the hostel management soon?,Hostel/Provost Office
The stairway lights are not working in the evening during the last two classes and it is especially difficult during afternoon classes. Please send the maintenance team to inspect and repair it.,Maintenance & Facilities
"My complaint is that my registered course disappeared after the add/drop period after the latest update please help, its still not fixed.",Academic
There is an issue with my university record: the mess food is often cold by the time students are served after the latest update but there has been no proper response. Kindly have the warden or provost office look into the issue.,Hostel/Provost Office
I am having a problem because the hostel corridor has not been cleaned properly for days and the situation is getting worse; Please ask the hostel administration to resolve this.,Hostel/Provost Office
I need help because the admission office has not updated my verification status since the start of this semester and I have already submitted the required proof. Kindly ask the relevant office to resolve this issue.,Administrative Offices
I noticed that my financial aid application has not moved beyond initial review for three days now can u check this please?,Administrative Offices
"Could you please check this? my CGPA did not update after a repeated course grade was posted. I am not sure who else to contact, so I am submitting this complaint. I would appreciate it if the department could resolve this soon.",Academic
Could you please check this? I was charged a late fee even though I paid before the deadline since last week which is causing unnecessary delay. Please check the payment or document status and correct it.,Administrative Offices
Please look into this issue: the admission office entered the wrong academic program in my record. Kindly ask the relevant office to resolve this issue.,Administrative Offices
"I noticed that the stairway lights are not working in the evening please help, its still not fixed.",Maintenance & Facilities
I noticed that a refund approved earlier has still not been transferred and I have visited the office more than once. I request that this matter be processed without further delay.,Administrative Offices
"I want to report that one of the lab computers keeps restarting by itself please help, its still not fixed.",IT Services
"For the past few days, the certificate I collected contains a spelling error in the program title please help, its still not fixed.",Administrative Offices
My security deposit refund is still pending after clearance since yesterday. i checked the relevant notice and the information still does not match. Please resolve the discrepancy in the official record.,Administrative Offices
"My complaint is that a prerequisite is being shown as incomplete although I passed it since last week. I have tried the normal procedure once already, but nothing changed. Can someone please confirm the correct status and fix the error?",Academic
My complaint is that the hostel gate was locked earlier than the official curfew time for three days now and it is causing problems with daily hostel life. Please arrange a proper solution for the affected residents.,Hostel/Provost Office
Please look into this issue: uploaded lecture files on the LMS are not opening after the latest update pls fix this soon.,IT Services
The registrar office has not issued a requested official document. Please check the payment or document status and corect it.,Administrative Offices
"I have already tried to get this sorted, but there has been no electricity in part of the academic block kindly sort this out.",Maintenance & Facilities
I have been facing a problem where the stairway lights are not working in the evening even after I reported it earlier. I checked the relevant notice and the information still does not match. Please have the facilities staff check this issue.,Maintenance & Facilities
I have been facing a problem where network access in the engineering block drops repeatedly for three days now and it is affecting access to university systems; Please troubleshoot this because the usual fixes have not worked.,IT Services
I noticed that outgoing messages from my university email are being rejected even after I reported it earlier. I would appreciate a proper technical fix for this issue.,IT Services
"Hi, the fee installment approval is not reflected in the system after the latest update. I request that this matter be processed without further delay.",Administrative Offices
"The registrar office has not issued a requested official document since last week. I have tried the normal procedure once already, but nothing changed. I request that this matter be processed without further delay.",Administrative Offices
I noticed that the admission office has not updated my verification status for three days now and I am unable to complete the next step. Please verify the record and update it.,Administrative Offices
Could you please check this? the elevator stops between floors and feels unsafe during the last two classes this is causing alot of trouble.,Maintenance & Facilities
"I have been facing a problem where the classroom projector loses connection every few minutes since the start of this semester. The issue isnt urgent in an emergency sense, but it needs proper attention. I would appreciate a proper technical fix for this issue.",IT Services
"I have been facing a problem where unknown visitors have been entering the hostel without proper checking for three days now. I am not sure who else to contact, so I am submitting this complaint. Please ask the hostel administration to resolve this.",Hostel/Provost Office
"I have already tried to get this sorted, but the accounts office asked for the same payment proof multiple times. The issue is not urgent in an emergency sense, but it needs proper attention. Please check the payment or document status and correct it.",Administrative Offices
"I have already tried to get this sorted, but clothes left in the hostel laundry area are being mixed up and the situation is getting worse. Kindly have the warden or provost office look into the issue.",Hostel/Provost Office
"Hi, uploaded lecture files on the LMS are not opening after the latest update so I need the account or service checked; Please troubleshoot this because the usual fixes have not worked.",IT Services
This is getting difficult because my semester fee payment is complete but the account still shows an unpaid balance i already reported it but no response yet.,Administrative Offices
I am having a problem because a submitted document is still marked as missing in the administrative record. I request that this matter be processed without further delay.,Administrative Offices
Could you please check this? two of my final exams are scheduled at the same time kindly sort this out.,Academic
"I need help because my university email is not receiving messages from official mailing lists. I have tried the normal procedure once already, but nothing changed. Please check the system and resolve the technical issue.",IT Services
Could you please check this? the elevator in the main block is out of service again for three days now pls fix this soon.,Maintenance & Facilities
"For the past few days, my bonafide certificate request has not been processed since the start of this semester. I am not sure who else to contact, so I am submitting this complaint. Please resolve the discrepancy in the official record.",Administrative Offices
"I have already tried to get this sorted, but my registered course disappeared after the add/drop period and I do not know which information to follow. Please verify the record and correct it.",Academic
I need help because unknown visitors have been entering the hostel without proper checking which is affecting sleep and study; Please check the hostel record and fix the problem.,Hostel/Provost Office
"This is getting difficult because my admission application shows incomplete documents although everything was submitted during the last two classes. I have tried the normal procedure once already, but nothing changed. Can the administrative office review this and provide the correct status?",Administrative Offices
"I have already tried to get this sorted, but a classroom door lock is jammed and the room cannot be secured since last week and it is especially difficult during afternoon classes; Can maintenance please inspect the area and resolve it?",Maintenance & Facilities
"I have already tried to get this sorted, but the fee challan generated by the portal has the wrong amount for three days now so I need the administrative record corrected. Please resolve the discrepancy in the official record.",Administrative Offices
This is getting difficult because the computer lab PCs are taking a very long time to log in even after I reported it earlier and it is affecting access to university systems. Kindly have IT support investigate this.,IT Services
I have been facing a problem where the financial aid amount shown is different from the approved amount since the start of this semester. This is affecting a routine university task that I need to complete. Please resolve the discrepancy in the official record.,Administrative Offices
"My complaint is that two of my final exams are scheduled at the same time. I have tried the normal procedure once already, but nothing changed. Please look into this because I have not been able to resolve it myself.",Academic
"I have already tried to get this sorted, but the accounts office asked for the same payment proof multiple times even after I reported it earlier and I have visited the office more than once. Please resolve the discrepancy in the official record.",Administrative Offices
"I have already tried to get this sorted, but my thesis supervisor has not been assigned even though the deadline passed and the deadline is getting very close. Kindly check this issue and update the academic record.",Academic
I am having a problem because my semester fee payment is complete but the account still shows an unpaid balance since the start of this semester which is causing unnecessary delay. Please resolve the discrepancy in the official record.,Administrative Offices
"I want to report that the financial aid amount shown is different from the approved amount after the latest update. The issue is not urgent in an emergency sense, but it needs proper attention. Kindly ask the relevant office to resolve this issue.",Administrative Offices
"For the past few days, clothes left in the hostel laundry area are being mixed up for three days now. Please check the hostel record and fix the problem.",Hostel/Provost Office
"I am having a problem because my quiz marks were not included in the final course total. The issue is not urgent in an emergency sense, but it needs proper attention. Can someone please confirm the correct status and fix the error?",Academic
This is getting difficult because a submitted document is still marked as missing in the administrative record. Can the administrative office review this and provide the correct status?,Administrative Offices
"I need help because the common room furniture is damaged and unusable after the latest update. I am not sure who else to contact, so I am submitting this complaint. Please ask the hostel administration to resolve this.",Hostel/Provost Office
There is an issue with my university record: the hostel room has a broken cupboard and damaged bed frame since yesterday which is making it difficult to follow the hostel routine. Please ask the hostel administration to resolve this.,Hostel/Provost Office
I need help because my midterm marks are missing from the portal even after I reported it earlier which is creating a problem with course registration; Please verify the record and correct it.,Academic
I need help because a classroom door lock is jammed and the room cannot be secured since the start of this semester which could become a safety issue; Please arrange proper repair rather than another temporary fix.,Maintenance & Facilities
"For the past few days, the warden has not responded to repeated requests about a room issue since yesterday kindly sort this out.",Hostel/Provost Office
"My complaint is that my attendance percentage is lower than the classes I actually attended please help, its still not fixed.",Academic
I need help because the warden has not responded to repeated requests about a room issue during the last two classes so the hostel staff need to resolve it; Please ask the hostel administration to resolve this.,Hostel/Provost Office
This is getting difficult because the fee installment approval is not reflected in the system. Please verify the record and update it.,Administrative Offices
My complaint is that the student parking gate is damaged and difficult to open since last week. This needs to be fixed before it becomes a bigger problem.,Maintenance & Facilities
I have been facing a problem where there is no hot water in the hostel bathrooms in the morning since last week so I need the provost office to check the matter. Please arrange a proper solution for the affected residents.,Hostel/Provost Office
I have been facing a problem where one of the lab computers keeps restarting by itself since last week and other students in the same area are facing it too; Please check the system and resolve the technical issue.,IT Services
I have been facing a problem where the elevator stops between floors and feels unsafe even after I reported it earlier this is causing alot of trouble.,Maintenance & Facilities
I am having a problem because network access in the engineering block drops repeatedly after the latest update and restarting the device did not help. Please restore access as soon as possible.,IT Services
i need help because the student parking gate is damaged and difficult to open even after I reported it earlier and students are avoiding the room; Kindly arrange a repair as soon as possible.,Maintenance & Facilities
My complaint is that the timetable shows a room and time that do not match the department notice since the start of this semester and I am worried it may affect my GPA. Can someone please confirm the correct status and fix the error?,Academic
I noticed that a washroom tap has been leaking continuously after the latest update and the problem has continued for several days; Please arrange proper repair rather than another temporary fix.,Maintenance & Facilities
"My complaint is that required software is missing from several computers in the lab please help, its still not fixed.",IT Services
I am having a problem because the ceiling has damp patches and pieces of plaster are falling for three days now so the facility needs attention. This needs to be fixed before it becomes a bigger problem.,Maintenance & Facilities
There is an issue with my university record: I was assigned a hostel room that is already occupied even after I reported it earlier so I need the provost office to check the matter. Please check the hostel record and fix the problem.,Hostel/Provost Office
There is an issue with my university record: the stairway lights are not working in the evening since yesterday which is making the area difficult to use; This needs to be fixed before it becomes a bigger problem.,Maintenance & Facilities
I noticed that my attendance percentage is lower than the classes I actually attended i already reported it but no response yet.,Academic
I am having a problem because unknown visitors have been entering the hostel without proper checking. This is affecting a routine university task that I need to complete. Please arrange a proper solution for the affected residents.,Hostel/Provost Office
"I noticed that I was assigned a hostel room that is already occupied even after I reported it earlier. I have tried the normal procedure once already, but nothing changed. Can this be addressed by the hostel management soon?",Hostel/Provost Office
"I am having a problem because the hostel corridor has not been cleaned properly for days. I am not sure who else to contact, so I am submitting this complaint. Please ask the hostel administration to resolve this.",Hostel/Provost Office
I want to report that the scholarship status has remained pending for a long time i already reported it but no response yet.,Administrative Offices
This is getting difficult because the classroom AC is running but not cooling the room since the start of this semester. Please arrange proper repair rather than another temporary fix.,Maintenance & Facilities
Could you please check this? the registration system says the course is full even though seats were announced can u check this please?,Academic
I noticed that the exam date was changed without a clear notice since yesterday. This is affecting a routine university task that I need to complete. Please look into this because I have not been able to resolve it myself.,Academic
Could you please check this? I was marked absent in a class where I signed the attendance sheet during the last two classes this is causing alot of trouble.,Academic
I noticed that the scholarship status has remained pending for a long time even after I reported it earlier i already reported it but no response yet.,Administrative Offices
Could you please check this? my financial aid application has not moved beyond initial review since yesterday so I need clarification and correction. Please check the payment or document status and correct it.,Administrative Offices
"I have already tried to get this sorted, but I am locked out of my university account even after resetting the password. The issue is not urgent in an emergency sense, but it needs proper attention. Please check the system and resolve the technical issue.",IT Services
"I need help because the room window does not close properly and insects enter at night since yesterday please help, its still not fixed.",Hostel/Provost Office
"I want to report that there is a serious noise problem from the neighboring hostel room late at night during the last two classes. I have tried the normal procedure once already, but nothing changed. Kindly have the warden or provost office look into the issue.",Hostel/Provost Office
Please look into this issue: the drinking water cooler is not working which could become a safety issue; Can maintenance please inspect the area and resolve it?,Maintenance & Facilities
I need help because the fee installment approval is not reflected in the system this is causing alot of trouble.,Administrative Offices
"There is an issue with my university record: the lights in our classroom keep flickering during lectures since yesterday. The issue is not urgent in an emergency sense, but it needs proper attention. Please send the maintenance team to inspect and repair it.",Maintenance & Facilities
I noticed that my student card renewal request is still pending during the last two classes and I am unable to complete the next step; Please verify the record and update it.,Administrative Offices
I want to report that the campus WiFi connects but there is no internet access i already reported it but no response yet.,IT Services
I have been facing a problem where the admission office entered the wrong academic program in my record since the start of this semester but the status has not changed. Kindly ask the relevant office to resolve this issue.,Administrative Offices
"My complaint is that the final result shows a different grade from the one announced by the instructor please help, its still not fixed.",Academic
"I am having a problem because the licensed software on the lab PC says the activation has expired for three days now please help, its still not fixed.",IT Services
"There is an issue with my university record: the washroom drainage is blocked and water is collecting on the floor after the latest update please help, its still not fixed.",Maintenance & Facilities
Please look into this issue: the assignment grade was entered under the wrong student record after the latest update can u check this please?,Academic
I need help because the transcript shows the wrong credit hours for one subject since yesterday and I have already checked with the course representative. Kindly check this issue and update the academic record.,Academic
The printer in the student lab is showing an error for every print job this is causing alot of trouble.,IT Services
Could you please check this? the printer in the student lab is showing an error for every print job since the start of this semester. This is affecting a routine university task that I need to complete. Please check the system and resolve the technical issue.,IT Services
Could you please check this? the accounts office says my refund is processed but I have not received it after the latest update. Please resolve the discrepancy in the official record.,Administrative Offices
"Hi, the printer in the student lab is showing an error for every print job since yesterday and the problem happens repeatedly. I would appreciate a proper technical fix for this issue.",IT Services
I noticed that the drinking water cooler is not working since last week and it is disturbing classes; Kindly arrange a repair as soon as possible.,Maintenance & Facilities
I noticed that I was marked absent in a class where I signed the attendance sheet since yesterday pls fix this soon.,Academic
Please look into this issue: the department server is unreachable from campus computers but the issue still continues. Please check the system and resolve the technical issue.,IT Services
"There is an issue with my university record: required software is missing from several computers in the lab since the start of this semester. I am not sure who else to contact, so I am submitting this complaint. Can the IT team check the account or service configuration?",IT Services
There is an issue with my university record: the grading rubric was not followed for my project evaluation so I cannot confirm whether my record is correct. Kindly check this issue and update the academic record.,Academic
There is an issue with my university record: the stairway lights are not working in the evening since yesterday which is making the area difficult to use. Please have the facilities staff check this issue.,Maintenance & Facilities
I need help because the hostel room has a broken cupboard and damaged bed frame since last week and the issue has been reported before. Please check the hostel record and fix the problem.,Hostel/Provost Office
"For the past few days, my roommate was changed without any prior notice during the last two classes which is making it difficult to follow the hostel routine; Please ask the hostel administration to resolve this.",Hostel/Provost Office
"I have already tried to get this sorted, but my student card renewal request is still pending since last week can u check this please?",Administrative Offices
My complaint is that the transcript shows the wrong credit hours for one subject even after I reported it earlier and the deadline is getting very close; Please review the matter before the next academic deadline.,Academic
I need help because my course section was changed without my request and I do not know which information to follow. Please verify the record and correct it.,Academic
My midterm marks are missing from the portal and i am worried it may affect my GPA. I would appreciate it if the department could resolve this soon.,Academic
My complaint is that my admission application shows incomplete documents although everything was submitted since yesterday so I need the administrative record corrected. Please verify the record and update it.,Administrative Offices
I noticed that the final result shows a different grade from the one announced by the instructor after the latest update so I cannot confirm whether my record is correct; I would appreciate it if the department could resolve this soon.,Academic
I noticed that the university WiFi keeps disconnecting in the library since last week and other students in the same area are facing it too; Kindly have IT support investigate this.,IT Services
"Hi, the curfew entry record shows me late even though I entered before closing time since last week and several residents are affected. Please check the hostel record and fix the problem.",Hostel/Provost Office
I have been facing a problem where the air conditioner is leaking water onto the floor since last week pls fix this soon.,Maintenance & Facilities
I noticed that the campus WiFi connects but there is no internet access. Can the IT team check the account or service configuration?,IT Services
"I have already tried to get this sorted, but the curfew entry record shows me late even though I entered before closing time so the hostel staff need to resolve it. Kindly have the warden or provost office look into the issue.",Hostel/Provost Office
"Hi, my transcript is missing one completed course after the latest update but the issue is still unresolved. Please review the matter before the next academic deadline.",Academic
"Hi, the study room is being locked during the hours it should be open and the issue has been reported before; Please check the hostel record and fix the problem.",Hostel/Provost Office
Please look into this issue: the classroom AC is running but not cooling the room which is causing inconvenience to students and staff. Please arrange proper repair rather than another temporary fix.,Maintenance & Facilities
I noticed that a classroom door lock is jammed and the room cannot be secured since last week and temporary fixes have not solved it. Please have the facilities staff check this issue.,Maintenance & Facilities
"i want to report that the air conditioner is leaking water onto the floor since last week. The issue isnt urgent in an emergency sense, but it needs proper attention. Please send the maintenance team to inspect and repair it.",Maintenance & Facilities
"For the past few days, the projector displays a blank screen even though the laptop is connected for three days now can u check this please?",IT Services
I need help because my midterm marks are missing from the portal during the last two classes and the deadline is getting very close; Can someone please confirm the correct status and fix the error?,Academic
This is getting difficult because the campus WiFi connects but there is no internet access since yesterday which is causing delays in my coursework. Please troubleshoot this because the usual fixes have not worked.,IT Services
This is getting difficult because my CGPA did not update after a repeated course grade was posted since last week so I need the academic record checked. Kindly check this issue and update the academic record.,Academic
"Hi, the warden has not responded to repeated requests about a room issue since last week. I request the provost office to investigate and take action.",Hostel/Provost Office
"Could you please check this? the classroom projector loses connection every few minutes. The issue is not urgent in an emergency sense, but it needs proper attention. Kindly have IT support investigate this.",IT Services
Please look into this issue: the fee challan generated by the portal has the wrong amount. Please check the payment or document status and correct it.,Administrative Offices
I noticed that unknown visitors have been entering the hostel without proper checking even after I reported it earlier. Kindly have the warden or provost office look into the issue.,Hostel/Provost Office
My attendance percentage is lower than the classes I actually attended during the last two classes and I am worried it may affect my GPA. Kindly check this issue and update the academic record.,Academic
"There is an issue with my university record: the registrar office has not issued a requested official document since yesterday please help, its still not fixed.",Administrative Offices
"I have already tried to get this sorted, but my submitted assignment is still showing as not submitted since the start of this semester which may delay my graduation process; Please review the matter before the next academic deadline.",Academic
I need help because the mess menu is repeatedly changed without notice this is causing alot of trouble.,Hostel/Provost Office
There is an issue with my university record: the timetable shows a room and time that do not match the department notice since last week which may delay my graduation process; I would appreciate it if the department could resolve this soon.,Academic
Could you please check this? required software is missing from several computers in the lab for three days now and the problem happens repeatedly. Please troubleshoot this because the usual fixes have not worked.,IT Services
"Hi, the hostel corridor has not been cleaned properly for days after the latest update and it is causing problems with daily hostel life; Please ask the hostel administration to resolve this.",Hostel/Provost Office
My complaint is that my hostel room allocation is still pending even though the semester has started for three days now so the hostel staff need to resolve it. Please arrange a proper solution for the affected residents.,Hostel/Provost Office
"For the past few days, my official document request was closed without issuing the document so I need clarification and correction; Kindly ask the relevant office to resolve this issue.",Administrative Offices
Could you please check this? my attendance percentage is lower than the classes I actually attended during the last two classes. Kindly check this issue and update the academic record.,Academic
There is an issue with my university record: the mess food is often cold by the time students are served after the latest update this is causing alot of trouble.,Hostel/Provost Office
This is getting difficult because the timetable has overlapping lectures for two compulsory courses during the last two classes. I checked the relevant notice and the information still does not match. Can someone please confirm the correct status and fix the error?,Academic
"I am having a problem because the mess menu is repeatedly changed without notice. I am not sure who else to contact, so I am submitting this complaint. Kindly have the warden or provost office look into the issue.",Hostel/Provost Office
"My complaint is that the air conditioner is leaking water onto the floor please help, its still not fixed.",Maintenance & Facilities
I am having a problem because the drinking water cooler is not working during the last two classes i already reported it but no response yet.,Maintenance & Facilities
"Hi, several classroom chairs have broken writing arms since the start of this semester and students are avoiding the room. Kindly arrange a repair as soon as possible.",Maintenance & Facilities
This is getting difficult because my student ID card has the wrong program printed on it for three days now and I am unable to complete the next step. Please resolve the discrepancy in the official record.,Administrative Offices
My complaint is that the timetable has overlapping lectures for two compulsory courses for three days now and I have already checked with the course representative; Can someone please confirm the correct status and fix the error?,Academic
Could you please check this? my university email is not receiving messages from official mailing lists during the last two classes and the problem happens repeatedly. Can the IT team check the account or service configuration?,IT Services
"Could you please check this? the hostel room has a broken cupboard and damaged bed frame since yesterday please help, its still not fixed.",Hostel/Provost Office
I noticed that the toilet flush in the student washroom is broken for three days now which is causing inconvenience to students and staff. Can maintenance please inspect the area and resolve it?,Maintenance & Facilities
"Hi, garbage is not being removed regularly from the hostel floor after the latest update. I have tried the normal procedure once already, but nothing changed. Please check the hostel record and fix the problem.",Hostel/Provost Office
"I have already tried to get this sorted, but power sockets in the classroom are loose and unsafe to use since the start of this semester. This is affecting a routine university task that I need to complete. Can maintenance please inspect the area and resolve it?",Maintenance & Facilities
There is an issue with my university record: the university WiFi keeps disconnecting in the library. I would appreciate a proper technical fix for this issue.,IT Services
I need help because the room window does not close properly and insects enter at night since last week but there has been no proper response; Please ask the hostel administration to resolve this.,Hostel/Provost Office
This is getting difficult because the registration system says the course is full even though seats were announced i already reported it but no response yet.,Academic
Internet speed in the lab is too slow to access course material can u check this please?,IT Services
I want to report that a repeated complaint about hostel room cleanliness has not been addressed so the hostel staff need to resolve it. I request the provost office to investigate and take action.,Hostel/Provost Office
There is an issue with my university record: the biometric attendance device is not recognizing fingerprints since the start of this semester. Please check the system and resolve the technical issue.,IT Services
i noticed that the biometric attendance device is not recognizing fingerprints which is causing delays in my coursework; Please check the system and resolve the technical issue.,IT Services
"For the past few days, the hostel water dispenser is frequently empty and the situation is getting worse; Please arrange a proper solution for the affected residents.",Hostel/Provost Office
"For the past few days, internet speed in the lab is too slow to access course material so I need the account or service checked. I would appreciate a proper technical fix for this issue.",IT Services
I have been facing a problem where the LMS is not showing one of my registered courses since the start of this semester i already reported it but no response yet.,IT Services
"For the past few days, there is no water in the washrooms on our floor during the last two classes and temporary fixes have not solved it. This needs to be fixed before it becomes a bigger problem.",Maintenance & Facilities
I have been facing a problem where I was marked absent in a class where I signed the attendance sheet after the latest update pls fix this soon.,Academic
"I need help because the common room furniture is damaged and unusable. I have tried the normal procedure once already, but nothing changed. I request the provost office to investigate and take action.",Hostel/Provost Office
This is getting difficult because the fee challan cannot be generated for the current semester which is causing unnecessary delay. Please check the payment or document status and correct it.,Administrative Offices
I have been facing a problem where a classroom door lock is jammed and the room cannot be secured. Can maintenance please inspect the area and resolve it?,Maintenance & Facilities
There is an issue with my university record: the grading rubric was not followed for my project evaluation since last week kindly sort this out.,Academic
"I have been facing a problem where the classroom projector loses connection every few minutes since last week. The issue is not urgent in an emergency sense, but it needs proper attention. Please check the system and resolve the technical issue.",IT Services
I need help because the ceiling has damp patches and pieces of plaster are falling even after I reported it earlier i already reported it but no response yet.,Maintenance & Facilities
"I have been facing a problm where the transcript shows the wrong credit hours for one subject for three days now please help, its still not fixed.",Academic
My student card renewal request is still pending for three days now. Please verify the record and update it.,Administrative Offices
My complaint is that the timetable shows a room and time that do not match the department notice even after I reported it earlier pls fix this soon.,Academic
"Hi, the timetable has overlapping lectures for two compulsory courses please help, its still not fixed.",Academic
My complaint is that my hostel room allocation is still pending even though the semester has started and the issue has been reported before. Can this be addressed by the hostel management soon?,Hostel/Provost Office
"There is an issue with my university record: my student card renewal request is still pending even after I reported it earlier. I am not sure who else to contact, so I am submitting this complaint. Please verify the record and update it.",Administrative Offices
"I noticed that my quiz marks were not included in the final course total during the last two classes. I have tried the normal procedure once already, but nothing changed. Please look into this because I have not been able to resolve it myself.",Academic
I want to report that the curfew entry record shows me late even though I entered before closing time since the start of this semester. I request the provost office to investigate and take action.,Hostel/Provost Office
I am having a problem because the registration system says the course is full even though seats were announced for three days now and this is affecting my semester planning. Please verify the record and correct it.,Academic
Could you please check this? the hostel gate was locked earlier than the official curfew time since the start of this semester. Can this be addressed by the hostel management soon?,Hostel/Provost Office
"I need help because the warden has not responded to repeated requests about a room issue during the last two classes please help, its still not fixed.",Hostel/Provost Office
Could you please check this? the main building entrance becomes flooded after rain since yesterday and the problem has continued for several days; Please send the maintenance team to inspect and repair it.,Maintenance & Facilities
"Could you please check this? the registration system says the course is full even though seats were announced. I have tried the normal procedure once already, but nothing changed. Please review the matter before the next academic deadline.",Academic
This is getting difficult because the final result shows a different grade from the one announced by the instructor. Kindly check this issue and update the academic record.,Academic
I need help because my security deposit refund is still pending after clearance this is causing alot of trouble.,Administrative Offices
"I need help because the scholarship status has remained pending for a long time please help, its still not fixed.",Administrative Offices
"i have already tried to get this sorted, but the online service becomes unavailable during registration hours since last week which is causing delays in my coursework. Kindly have IT support investigate this.",IT Services
"I have already tried to get this sorted, but unknown visitors have been entering the hostel without proper checking during the last two classes but there has been no proper response; Kindly have the warden or provost office look into the issue.",Hostel/Provost Office
"Hi, my admission application shows incomplete documents although everything was submitted for three days now and I have already submitted the required proof. Please check the payment or document status and correct it.",Administrative Offices
"Hi, the university WiFi keeps disconnecting in the library even after I reported it earlier can u check this please?",IT Services
Please look into this issue: the hostel entrance security check is not being done consistently since the start of this semester can u check this please?,Hostel/Provost Office
The study room is being locked during the hours it should be open so I need the provost office to check the matter. Can this be addressed by the hostel management soon?,Hostel/Provost Office
This is getting difficult because the timetable has overlapping lectures for two compulsory courses for three days now. This is affecting a routine university task that I need to complete. Please review the matter before the next academic deadline.,Academic
I am having a problem because the warden has not responded to repeated requests about a room issue for three days now. Kindly have the warden or provost office look into the issue.,Hostel/Provost Office
"Rainwater is entering the corridor through a damaged window since last week. The issue isnt urgent in an emergency sense, but it needs proper attention. Kindly arrange a repair as soon as possible.",Maintenance & Facilities
"i want to report that my midterm marks are missing from the portal during the last two classes. I am not sure who else to contact, so I am submitting this complaint. Please verify the record and correct it.",Academic
"Hi, a repeated complaint about hostel room cleanliness has not been addressed. I checked the relevant notice and the information still does not match. Please arrange a proper solution for the affected residents.",Hostel/Provost Office
I need help because the hostel gate was locked earlier than the official curfew time since last week. Please ask the hostel administration to resolve this.,Hostel/Provost Office
Could you please check this? the computer lab PCs are taking a very long time to log in for three days now and it is affecting access to university systems. Please restore access as soon as possible.,IT Services
My complaint is that the common room furniture is damaged and unusable for three days now. Please check the hostel record and fix the problem.,Hostel/Provost Office
"For the past few days, the certificate I collected contains a spelling error in the program title since yesterday this is causing alot of trouble.",Administrative Offices
Please look into this issue: my midterm marks are missing from the portal. I checked the relevant notice and the information still does not match. Please verify the record and correct it.,Academic
I need help because my registered course disappeared after the add/drop period even after I reported it earlier can u check this please?,Academic
There is an issue with my university record: clothes left in the hostel laundry area are being mixed up. I request the provost office to investigate and take action.,Hostel/Provost Office
There is an issue with my university record: my roommate was changed without any prior notice since the start of this semester. Kindly have the warden or provost office look into the issue.,Hostel/Provost Office
"Hi, the elevator in the main block is out of service again for three days now which is causing inconvenience to students and staff. This needs to be fixed before it becomes a bigger problem.",Maintenance & Facilities
"I have already tried to get this sorted, but the hot water supply stops before the announced timing since the start of this semester please help, its still not fixed.",Hostel/Provost Office
"i need help because the online service becomes unavailable during registration hours. The issue is not urgent in an emergency sense, but it needs proper attention. Kindly have IT support investigate this.",IT Services
I noticed that power sockets in the classroom are loose and unsafe to use kindly sort this out.,Maintenance & Facilities
My complaint is that garbage is not being removed regularly from the hostel floor for three days now and the issue has been reported before; Can this be addressed by the hostel management soon?,Hostel/Provost Office
I have been facing a problem where unknown visitors have been entering the hostel without proper checking since last week can u check this please?,Hostel/Provost Office
Could you please check this? the hostel corridor has not been cleaned properly for days and the situation is getting worse. Please ask the hostel administration to resolve this.,Hostel/Provost Office
"This is getting difficult because the washroom drainage is blocked and water is collecting on the floor please help, its still not fixed.",Maintenance & Facilities
I noticed that the corridor floor tiles are broken and causing people to trip after the latest update and the problem has continued for several days; Can maintenance please inspect the area and resolve it?,Maintenance & Facilities
I am having a problem because my admission application shows incomplete documents although everything was submitted after the latest update and the deadline is approaching. Please check the payment or document status and correct it.,Administrative Offices
There is an issue with my university record: outgoing messages from my university email are being rejected for three days now. Can the IT team check the account or service configuration?,IT Services
"Hi, the laundry machines have been out of order for several days since the start of this semester. Please ask the hostel administration to resolve this.",Hostel/Provost Office
I noticed that the classroom AC is running but not cooling the room during the last two classes. I checked the relevant notice and the information still does not match. This needs to be fixed before it becomes a bigger problem.,Maintenance & Facilities
I want to report that a prerequisite is being shown as incomplete although I passed it and the deadline is getting very close. Please review the matter before the next academic deadline.,Academic
There is an issue with my university record: power sockets in the classroom are loose and unsafe to use and it is disturbing classes; Please send the maintenance team to inspect and repair it.,Maintenance & Facilities
"I need help because there has been no electricity in part of the academic block during the last two classes. I am not sure who else to contact, so I am submitting this complaint. Please send the maintenance team to inspect and repair it.",Maintenance & Facilities
"Could you please check this? my university account password reset link is not working even after I reported it earlier. I am not sure who else to contact, so I am submitting this complaint. Please troubleshoot this because the usual fixes have not worked.",IT Services
I am having a problem because my hostel room allocation is still pending even though the semester has started after the latest update. I checked the relevant notice and the information still does not match. Kindly have the warden or provost office look into the issue.,Hostel/Provost Office
"My complaint is that the hostel water dispenser is frequently empty since last week. I am not sure who else to contact, so I am submitting this complaint. Can this be addressed by the hostel management soon?",Hostel/Provost Office
"My bonafide certificate request has not been processed. I am not sure who else to contact, so I am submitting this complaint. Please resolve the discrepancy in the official record.",Administrative Offices
"I have already tried to get this sorted, but the corridor floor tiles are broken and causing people to trip and it is especially difficult during afternoon classes. Can maintenance please inspect the area and resolve it?",Maintenance & Facilities
I want to report that the certificate I collected contains a spelling error in the program title since last week so I need the administrative record corrected. I request that this matter be processed without further delay.,Administrative Offices
"Hi, my admission application shows incomplete documents although everything was submitted after the latest update. This is affecting a routine university task that I need to complete. Please resolve the discrepancy in the official record.",Administrative Offices
This is getting difficult because two of my final exams are scheduled at the same time since the start of this semester but the issue is still unresolved. Please review the matter before the next academic deadline.,Academic
"I have already tried to get this sorted, but a refund approved earlier has still not been transferred during the last two classes which may affect my registration; Please resolve the discrepancy in the official record.",Administrative Offices
"For the past few days, the LMS is not showing one of my registered courses since the start of this semester but the issue still continues. Please check the system and resolve the technical issue.",IT Services
Could you please check this? my CGPA did not update after a repeated course grade was posted after the latest update but the issue is still unresolved. Please look into this because I have not been able to resolve it myself.,Academic
This is getting difficult because several ceiling fans in the lecture room are not working for three days now. Please send the maintenance team to inspect and repair it.,Maintenance & Facilities
"I have already tried to get this sorted, but my bonafide certificate request has not been processed since yesterday and I have visited the office more than once; Please resolve the discrepancy in the official record.",Administrative Offices
I noticed that my scholarship amount has not been adjusted in the semester fee which is causing unnecessary delay; Please verify the record and update it.,Administrative Offices
"Hi, my university account password reset link is not working since yesterday pls fix this soon.",IT Services
"Hi, the biometric system records entry but does not update attendance. This is affecting a routine university task that i need to complete. Please troubleshoot this because the usual fixes have not worked.",IT Services
"I have already tried to get this sorted, but the drinking water cooler is not working since the start of this semester kindly sort this out.",Maintenance & Facilities
Could you please check this? a submitted document is still marked as missing in the administrative record but the status has not changed; Please check the payment or document status and correct it.,Administrative Offices
Could you please check this? there is no hot water in the hostel bathrooms in the morning but there has been no proper response; Please arrange a proper solution for the affected residents.,Hostel/Provost Office
"There is an issue with my university record: my semester fee payment is complete but the account still shows an unpaid balance. I am not sure who else to contact, so I am submitting this complaint. Kindly ask the relevant office to resolve this issue.",Administrative Offices
I need help because the lights in our classroom keep flickering during lectures since the start of this semester i already reported it but no response yet.,Maintenance & Facilities
I have been facing a problem where power sockets in the classroom are loose and unsafe to use which is causing inconvenience to students and staff; Please send the maintenance team to inspect and repair it.,Maintenance & Facilities
Please look into this issue: the fee challan cannot be generated for the current semester since yesterday. I checked the relevant notice and the information still does not match. I request that this matter be processed without further delay.,Administrative Offices
My complaint is that my student ID card has the wrong program printed on it during the last two classes and I am unable to complete the next step. Please verify the record and update it.,Administrative Offices
"Hi, the result portal shows an incomplete grade even though all work was submitted. I have tried the normal procedure once already, but nothing changed. I would appreciate it if the department could resolve this soon.",Academic
"This is getting difficult because a submitted document is still marked as missing in the administrative record. The issue is not urgent in an emergency sense, but it needs proper attention. Please resolve the discrepancy in the official record.",Administrative Offices
Please look into this issue: the admission office has not updated my verification status which is causing unnecessary delay. Please check the payment or document status and correct it.,Administrative Offices
Could you please check this? the accounts office has not reflected my bank payment for three days now and i am unable to complete the next step; Please check the payment or document status and corect it.,Administrative Offices
I want to report that my submitted assignment is still showing as not submitted since the start of this semester and I am worried it may affect my GPA. Please review the matter before the next academic deadline.,Academic
I have been facing a problem where the elevator in the main block is out of service again since last week which is causing inconvenience to students and staff. Please have the facilities staff check this issue.,Maintenance & Facilities
I need help because a classroom door lock is jammed and the room cannot be secured since yesterday pls fix this soon.,Maintenance & Facilities
This is getting difficult because outgoing messages from my university email are being rejected. Please check the system and resolve the technical issue.,IT Services
Could you please check this? unknown visitors have been entering the hostel without proper checking but there has been no proper response. Please ask the hostel administration to resolve this.,Hostel/Provost Office
"I have already tried to get this sorted, but my attendance percentage is lower than the classes I actually attended. I would appreciate it if the department could resolve this soon.",Academic
"I have already tried to get this sorted, but there has been no electricity in part of the academic block since last week and students are avoiding the room. Please arrange proper repair rather than another temporary fix.",Maintenance & Facilities
I am having a problem because the assignment grade was entered under the wrong student record after the latest update but the issue is still unresolved; Please look into this because I have not been able to resolve it myself.,Academic
I noticed that my student card renewal request is still pending this is causing alot of trouble.,Administrative Offices
"I need help because the registrar office has not issued a requested official document since the start of this semester. The issue is not urgent in an emergency sense, but it needs proper attention. Please check the payment or document status and correct it.",Administrative Offices
I noticed that the final result shows a different grade from the one announced by the instructor. This is affecting a routine university task that I need to complete. I would appreciate it if the department could resolve this soon.,Academic
Could you please check this? my course section was changed without my request even after I reported it earlier. I checked the relevant notice and the information still does not match. Can someone please confirm the correct status and fix the error?,Academic
I want to report that my midterm marks are missing from the portal during the last two classes this is causing alot of trouble.,Academic
I have been facing a problem where a drainage channel near the department building is overflowing for three days now and students are avoiding the room; Can maintenance please inspect the area and resolve it?,Maintenance & Facilities
The accounts office has not reflected my bank payment since last week but the status has not changed; Kindly ask the relevant office to resolve this issue.,Administrative Offices
My complaint is that the parking area is badly congested because the markings are not visible since last week i already reported it but no response yet.,Maintenance & Facilities
I am having a problem because the registration system says the course is full even though seats were announced after the latest update kindly sort this out.,Academic
My complaint is that several classroom chairs have broken writing arms since last week and temporary fixes have not solved it; This needs to be fixed before it becomes a bigger problem.,Maintenance & Facilities
I have been facing a problem where the timetable has overlapping lectures for two compulsory courses since last week. Please review the matter before the next academic deadline.,Academic
"I have already tried to get this sorted, but my security deposit refund is still pending after clearance since last week please help, its still not fixed.",Administrative Offices
"I am having a problem because the department server is unreachable from campus computers for three days now please help, its still not fixed.",IT Services
Please look into this issue: the hot water supply stops before the announced timing but there has been no proper response; Please ask the hostel administration to resolve this.,Hostel/Provost Office
I am having a problem because garbage is not being removed regularly from the hostel floor since the start of this semester and the issue has been reported before. Please ask the hostel administration to resolve this.,Hostel/Provost Office
"I have been facing a problem where the parking area is badly congested because the markings are not visible. The issue is not urgent in an emergency sense, but it needs proper attention. Can maintenance please inspect the area and resolve it?",Maintenance & Facilities
"For the past few days, the projector displays a blank screen even though the laptop is connected during the last two classes and I cannot complete my online work; Can the IT team check the account or service configuration?",IT Services
"Hi, a refund approved earlier has still not been transferred after the latest update so I need the administrative record corrected; Please resolve the discrepancy in the official record.",Administrative Offices
I have been facing a problem where the mess food is often cold by the time students are served can u check this please?,Hostel/Provost Office
I am having a problem because the corridor floor tiles are broken and causing people to trip and students are avoiding the room. Kindly arrange a repair as soon as possible.,Maintenance & Facilities
This is getting difficult because clothes left in the hostle laundry area are being mixed up for three days now and several residents are affected. Please ask the hostel administration to resolve this.,Hostel/Provost Office
"For the past few days, my transcript is missing one completed course even after I reported it earlier and I do not know which information to follow. Can someone please confirm the correct status and fix the error?",Academic
"Hi, I was marked absent in a class where I signed the attendance sheet during the last two classes and this is affecting my semester planning; I would appreciate it if the department could resolve this soon.",Academic
"This is getting difficult because the common room furniture is damaged and unusable for three days now. The issue is not urgent in an emergency sense, but it needs proper attention. Can this be addressed by the hostel management soon?",Hostel/Provost Office
I am having a problem because the room window does not close properly and insects enter at night can u check this please?,Hostel/Provost Office
"This is getting difficult because unknown visitors have been entering the hostel without proper checking. The issue is not urgent in an emergency sense, but it needs proper attention. Can this be addressed by the hostel management soon?",Hostel/Provost Office
"I have been facing a problem where uploaded lecture files on the LMS are not opening since the start of this semester. I have tried the normal procedure once already, but nothing changed. Please check the system and resolve the technical issue.",IT Services
This is getting difficult because my quiz marks were not included in the final course total during the last two classes. Please review the matter before the next academic deadline.,Academic
"Hi, the toilet flush in the student washroom is broken since last week. Can maintenance please inspect the area and resolve it?",Maintenance & Facilities
i noticed that the washroom drainage is blocked and water is collecting on the floor even after I reported it earlier which is causing inconvenience to students and staff. Kindly arrange a repair as soon as possible.,Maintenance & Facilities
"I want to report that my university account password reset link is not working. I have tried the normal procedure once already, but nothing changed. Kindly have IT support investigate this.",IT Services
My complaint is that my hostel room allocation is still pending even though the semester has started since the start of this semester so I need the provost office to check the matter. Please ask the hostel administration to resolve this.,Hostel/Provost Office
My complaint is that the accounts office asked for the same payment proof multiple times for three days now and the deadline is approaching. Can the administrative office review this and provide the correct status?,Administrative Offices
i am having a problem because the result portal shows an incomplete grade even though all work was submitted kindly sort this out.,Academic
"Hi, my univeristy email isnt receiving messages from official mailing lists and other students in the same area are facing it too. Please troubleshoot this because the usual fixes have not worked.",IT Services
This is getting difficult because the ceiling has damp patches and pieces of plaster are falling and it is especially difficult during afternoon classes; Please arrange proper repair rather than another temporary fix.,Maintenance & Facilities
Please look into this issue: my thesis supervisor has not been assigned even though the deadline passed after the latest update. Kindly check this issue and update the academic record.,Academic
"I have already tried to get this sorted, but the corridor floor tiles are broken and causing people to trip during the last two classes. Please arrange proper repair rather than another temporary fix.",Maintenance & Facilities
"My complaint is that the hostel gate was locked earlier than the official curfew time please help, its still not fixed.",Hostel/Provost Office
I want to report that the campus WiFi connects but there is no internet access pls fix this soon.,IT Services
"Hi, clothes left in the hostel laundry area are being mixed up after the latest update. The issue is not urgent in an emergency sense, but it needs proper attention. Please ask the hostel administration to resolve this.",Hostel/Provost Office
I need help because the mess food is often cold by the time students are served can u check this please?,Hostel/Provost Office
I am having a problem because the biometric attendance device is not recognizing fingerprints which is interrupting classes and assignments. Can the IT team check the account or service configuration?,IT Services
"For the past few days, the study room is being locked during the hours it should be open so I need the provost office to check the matter. Please arrange a proper solution for the affected residents.",Hostel/Provost Office
I have been facing a problem where my roommate was changed without any prior notice and the issue has been reported before. Kindly have the warden or provost office look into the issue.,Hostel/Provost Office
"Hi, the university portal is not loading after I sign in and other students in the same area are facing it too. Please restore access as soon as possible.",IT Services
There is an issue with my university record: the registration system says the course is full even though seats were announced since yesterday which may delay my graduation process; I would appreciate it if the department could resolve this soon.,Academic
"I have already tried to get this sorted, but a washroom tap has been leaking continuously since yesterday and students are avoiding the room. This needs to be fixed before it becomes a bigger problem.",Maintenance & Facilities
I am having a problem because the university WiFi keeps disconnecting in the library during the last two classes and other students in the same area are facing it too. I would appreciate a proper technical fix for this issue.,IT Services
There is a serious noise problem from the neighboring hostel room late at night since last week. I checked the relevant notice and the information still does not match. Kindly have the warden or provost office look into the issue.,Hostel/Provost Office
"The washroom drainage is blocked and water is collecting on the floor. The issue is not urgent in an emergency sense, but it needs proper attention. Please arrange proper repair rather than another temporary fix.",Maintenance & Facilities
"I have already tried to get this sorted, but the fee installment approval is not reflected in the system and I have visited the office more than once; I request that this matter be processed without further delay.",Administrative Offices
"I am having a problem because the student parking gate is damaged and difficult to open since last week. I am not sure who else to contact, so I am submitting this complaint. Please arrange proper repair rather than another temporary fix.",Maintenance & Facilities
Please look into this issue: the classroom projector loses connection every few minutes and I cannot complete my online work. Please check the system and resolve the technical issue.,IT Services
"For the past few days, the accounts office asked for the same payment proof multiple times since yesterday. I am not sure who else to contact, so I am submitting this complaint. Can the administrative office review this and provide the correct status?",Administrative Offices
Please look into this issue: my university email is not receiving messages from official mailing lists. Please check the system and resolve the technical issue.,IT Services
"For the past few days, my university email is not receiving messages from official mailing lists during the last two classes. This is affecting a routine university task that I need to complete. Please restore access as soon as possible.",IT Services
"I have been facing a problem where the stairway lights are not working in the evening please help, its still not fixed.",Maintenance & Facilities
I want to report that the corridor floor tiles are broken and causing people to trip since yesterday. Please arrange proper repair rather than another temporary fix.,Maintenance & Facilities
I have been facing a problem where my university account password reset link is not working. Kindly have IT support investigate this.,IT Services
I am having a problem because my bonafide certificate request has not been processed since last week and I am unable to complete the next step; Kindly ask the relevant office to resolve this issue.,Administrative Offices
"I have already tried to get this sorted, but there is a serious noise problem from the neighboring hostel room late at night since yesterday. I am not sure who else to contact, so I am submitting this complaint. Please check the hostel record and fix the problem.",Hostel/Provost Office
"For the past few days, the certificate I collected contains a spelling error in the program title since the start of this semester. Please verify the record and update it.",Administrative Offices
"I have already tried to get this sorted, but there is no hot water in the hostel bathrooms in the morning after the latest update which is making it difficult to follow the hostel routine. Please check the hostel record and fix the problem.",Hostel/Provost Office
Garbage is not being removed regularly from the hostel floor since yesterday but there has been no proper response; Please check the hostel record and fix the problem.,Hostel/Provost Office
"For the past few days, my GPA calculation appears incorrect after the latest result since yesterday. I checked the relevant notice and the information still doesnt match. Please look into this because I have not been able to resolve it myself.",Academic
I want to report that the lights in our classroom keep flickering during lectures after the latest update i already reported it but no response yet.,Maintenance & Facilities
I noticed that two-factor authentication codes for the portal arrive too late to use. I would appreciate a proper technical fix for this issue.,IT Services
"There is an issue with my university record: the LMS is not showing one of my registered courses since yesterday. I have tried the normal procedure once already, but nothing changed. Please restore access as soon as possible.",IT Services
There is an issue with my university record: a prerequisite is being shown as incomplete although I passed it since yesterday and I am worried it may affect my GPA. Kindly check this issue and update the academic record.,Academic
I have been facing a problem where my transcript is missing one completed course since the start of this semester but the issue is still unresolved. Please verify the record and correct it.,Academic
"For the past few days, the elevator in the main block is out of service again since last week. Please have the facilities staff check this issue.",Maintenance & Facilities
"Hi, the classroom projector loses connection every few minutes since yesterday kindly sort this out.",IT Services
"Please look into this issue: a drainage channel near the department building is overflowing. I have tried the normal procedure once already, but nothing changed. This needs to be fixed before it becomes a bigger problem.",Maintenance & Facilities
"I have already tried to get this sorted, but the classroom AC is running but not cooling the room since yesterday. I am not sure who else to contact, so I am submitting this complaint. Kindly arrange a repair as soon as possible.",Maintenance & Facilities
Could you please check this? the department server is unreachable from campus computers. Please troubleshoot this because the usual fixes have not worked.,IT Services
"Hi, my security deposit refund is still pending after clearance even after I reported it earlier and I have visited the office more than once. Please check the payment or document status and correct it.",Administrative Offices
I have been facing a problem where the hostel room has a broken cupboard and damaged bed frame since last week and it is causing problems with daily hostel life. Please ask the hostel administration to resolve this.,Hostel/Provost Office
"There is an issue with my university record: i was charged a late fee even though I paid before the deadline please help, its still not fixed.",Administrative Offices
I am having a problem because the online service becomes unavailable during registration hours after the latest update. This is affecting a routine university task that I need to complete. Please restore access as soon as possible.,IT Services
This is getting difficult because the room window does not close properly and insects enter at night since last week. This is affecting a routine university task that I need to complete. I request the provost office to investigate and take action.,Hostel/Provost Office
I need help because the laundry machines have been out of order for several days for three days now and it is becoming frustrating for residents. Please ask the hostel administration to resolve this.,Hostel/Provost Office
"For the past few days, the LMS is not showing one of my registered courses during the last two classes can u check this please?",IT Services
I need help because the washroom drainage is blocked and water is collecting on the floor since yesterday but no repair has been done yet. Can maintenance please inspect the area and resolve it?,Maintenance & Facilities
I have been facing a problem where I was assigned a hostel room that is already occupied even after I reported it earlier. Please arrange a proper solution for the affected residents.,Hostel/Provost Office
"I have already tried to get this sorted, but my course section was changed without my request during the last two classes. The issue is not urgent in an emergency sense, but it needs proper attention. Please verify the record and correct it.",Academic
"I have already tried to get this sorted, but my quiz marks were not included in the final course total for three days now. I am not sure who else to contact, so I am submitting this complaint. Please review the matter before the next academic deadline.",Academic
I noticed that my security deposit refund is still pending after clearance which may affect my registration; Can the administrative office review this and provide the correct status?,Administrative Offices
This is getting difficult because the exam date was changed without a clear notice. Please look into this because I have not been able to resolve it myself.,Academic
The classroom AC is running but not cooling the room since the start of this semester this is causing alot of trouble.,Maintenance & Facilities
There is an issue with my university record: power sockets in the classroom are loose and unsafe to use since last week this is causing alot of trouble.,Maintenance & Facilities
"I noticed that the printer in the student lab is showing an error for every print job. I am not sure who else to contact, so I am submitting this complaint. Kindly have IT support investigate this.",IT Services
"For the past few days, the biometric system records entry but does not update attendance. The issue is not urgent in an emergency sense, but it needs proper attention. Please restore access as soon as possible.",IT Services
Could you please check this? the licensed software on the lab PC says the activation has expired since last week and restarting the device did not help; Kindly have IT support investigate this.,IT Services
I noticed that my university email is not receiving messages from official mailing lists during the last two classes i already reported it but no response yet.,IT Services
This is getting difficult because the timetable shows a room and time that do not match the department notice pls fix this soon.,Academic
There is an issue with my university record: the portal shows an error whenever I try to open my profile since the start of this semester this is causing alot of trouble.,IT Services
I noticed that the classroom projector loses connection every few minutes for three days now pls fix this soon.,IT Services
I noticed that the toilet flush in the student washroom is broken since the start of this semester so the facility needs attention. Can maintenance please inspect the area and resolve it?,Maintenance & Facilities
I noticed that a classroom door lock is jammed and the room cannot be secured during the last two classes can u check this please?,Maintenance & Facilities
I need help because the university portal isnt loading after I sign in during the last two classes. Please restore access as soon as possible.,IT Services
"This is getting difficult because the online service becomes unavailable during registration hours after the latest update. The issue is not urgent in an emergency sense, but it needs proper attention. Kindly have IT support investigate this.",IT Services
"My financial aid application has not moved beyond initial review please help, its still not fixed.",Administrative Offices
There is an issue with my university record: my scholarship amount has not been adjusted in the semester fee during the last two classes. Can the administrative office review this and provide the correct status?,Administrative Offices
I need help because outgoing messages from my university email are being rejected for three days now and it is affecting access to university systems; Please restore access as soon as possible.,IT Services
This is getting difficult because my roommate was changed without any prior notice since the start of this semester which is making it difficult to follow the hostel routine; Please ask the hostel administration to resolve this.,Hostel/Provost Office
I need help because required software is missing from several computers in the lab which is causing delays in my coursework; I would appreciate a proper technical fix for this issue.,IT Services
I noticed that the drinking water cooler is not working even after I reported it earlier. Please arrange proper repair rather than another temporary fix.,Maintenance & Facilities
"For the past few days, the printer in the student lab is showing an error for every print job i already reported it but no response yet.",IT Services
I have been facing a problem where the biometric system records entry but does not update attendance since the start of this semester. I checked the relevant notice and the information still does not match. Please restore access as soon as possible.,IT Services
I noticed that the lights in our classroom keep flickering during lectures since last week and students are avoiding the room. Kindly arrange a repair as soon as possible.,Maintenance & Facilities
"For the past few days, the accounts office says my refund is processed but I have not received it even after I reported it earlier. I checked the relevant notice and the information still doesnt match. I request that this matter be processed without further delay.",Administrative Offices
Could you please check this? the biometric attendance device is not recognizing fingerprints since last week this is causing alot of trouble.,IT Services
I am having a problem because the timetable has overlapping lectures for two compulsory courses since yesterday this is causing alot of trouble.,Academic
I want to report that I was charged a late fee even though I paid before the deadline even after I reported it earlier and the deadline is approaching. I request that this matter be processed without further delay.,Administrative Offices
My complaint is that I received conflicting instructions from the registrar and accounts office since last week which is causing unnecessary delay. Please resolve the discrepancy in the official record.,Administrative Offices
I want to report that the stairway lights are not working in the evening for three days now so the facility needs attention. Please send the maintenance team to inspect and repair it.,Maintenance & Facilities
I noticed that the financial aid amount shown is different from the approved amount since the start of this semester but the status has not changed. Please verify the record and update it.,Administrative Offices
This is getting difficult because i am locked out of my university account even after resetting the password after the latest update but the issue still continues. Please check the system and resolve the technical issue.,IT Services
"For the past few days, the hostel mess is serving food much later than the announced timing. I checked the relevant notice and the information still does not match. Please arrange a proper solution for the affected residents.",Hostel/Provost Office
"Hi, the air conditioner is leaking water onto the floor for three days now. Kindly arrange a repair as soon as possible.",Maintenance & Facilities
"I need help because the drinking water cooler is not working during the last two classes. The issue is not urgent in an emergency sense, but it needs proper attention. Can maintenance please inspect the area and resolve it?",Maintenance & Facilities
I am having a problem because my quiz marks were not included in the final course total. This is affecting a routine university task that I need to complete. Can someone please confirm the correct status and fix the error?,Academic
My complaint is that the timetable shows a room and time that do not match the department notice after the latest update kindly sort this out.,Academic
I am having a problem because the washroom drainage is blocked and water is collecting on the floor after the latest update and temporary fixes have not solved it. This needs to be fixed before it becomes a bigger problem.,Maintenance & Facilities
Please look into this issue: a washroom tap has been leaking continuously since yesterday which could become a safety issue. Please send the maintenance team to inspect and repair it.,Maintenance & Facilities
The university WiFi keeps disconnecting in the library. Please check the system and resolve the technical issue.,IT Services
I want to report that my hostel room allocation is still pending even though the semester has started and the situation is getting worse. Kindly have the warden or provost office look into the issue.,Hostel/Provost Office
I am having a problem because a repeated complaint about hostel room cleanliness has not been addressed but there has been no proper response. Can this be addressed by the hostel management soon?,Hostel/Provost Office
"My complaint is that the transcript shows the wrong credit hours for one subject during the last two classes. The issue is not urgent in an emergency sense, but it needs proper attention. Can someone please confirm the correct status and fix the error?",Academic
There is an issue with my university record: my hostel room allocation is still pending even though the semester has started after the latest update. Please arrange a proper solution for the affected residents.,Hostel/Provost Office
"Hi, my student ID card has the wrong program printed on it. Please resolve the discrepancy in the official record.",Administrative Offices
I need help because the accounts office says my refund is processed but I have not received it which is causing unnecessary delay; Please resolve the discrepancy in the official record.,Administrative Offices
"For the past few days, the corridor floor tiles are broken and causing people to trip since last week. I have tried the normal procedure once already, but nothing changed. Please send the maintenance team to inspect and repair it.",Maintenance & Facilities
"For the past few days, my makeup exam application was approved but no exam schedule has been shared for three days now. I checked the relevant notice and the information still does not match. Please verify the record and correct it.",Academic
I am having a problem because the assignment grade was entered under the wrong student record even after I reported it earlier and the deadline is getting very close. Can someone please confirm the correct status and fix the error?,Academic
I noticed that the university portal is not loading after I sign in since the start of this semester and I cannot complete my online work; Please restore access as soon as possible.,IT Services
There is an issue with my university record: the washroom drainage is blocked and water is collecting on the floor since last week so the facility needs attention; Please have the facilities staff check this issue.,Maintenance & Facilities
Please look into this issue: two of my final exams are scheduled at the same time even after I reported it earlier and this is affecting my semester planning. Please review the matter before the next academic deadline.,Academic
I have been facing a problem where the warden has not responded to repeated requests about a room issue for three days now i already reported it but no response yet.,Hostel/Provost Office
"I have already tried to get this sorted, but my scholarship amount has not been adjusted in the semester fee. I have tried the normal procedure once already, but nothing changed. Please check the payment or document status and correct it.",Administrative Offices
I am having a problem because the scholarship status has remained pending for a long time since the start of this semester. This is affecting a routine university task that I need to complete. Please check the payment or document status and correct it.,Administrative Offices
My roommate was changed without any prior notice after the latest update so the hostel staff need to resolve it. Can this be addressed by the hostel management soon?,Hostel/Provost Office
"For the past few days, my roommate was changed without any prior notice. The issue is not urgent in an emergency sense, but it needs proper attention. I request the provost office to investigate and take action.",Hostel/Provost Office
"Hi, the biometric system records entry but does not update attendance i already reported it but no response yet.",IT Services
I need help because the computer lab PCs are taking a very long time to log in and the problem happens repeatedly. Please check the system and resolve the technical issue.,IT Services
"For the past few days, the main building entrance becomes flooded after rain. The issue is not urgent in an emergency sense, but it needs proper attention. Please have the facilities staff check this issue.",Maintenance & Facilities
My thesis supervisor has not been assigned even though the deadline passed so I need the academic record checked; Kindly check this issue and update the academic record.,Academic
Please look into this issue: my university account password reset link is not working during the last two classes. Please check the system and resolve the technical issue.,IT Services
I have been facing a problem where the main building entrance becomes flooded after rain after the latest update. Please arrange proper repair rather than another temporary fix.,Maintenance & Facilities
I am having a problem because the registrar office has not issued a requested official document after the latest update but the status has not changed. Can the administrative office review this and provide the correct status?,Administrative Offices
This is getting difficult because my thesis supervisor has not been assigned even though the deadline passed since last week. Kindly check this issue and update the academic record.,Academic
Please look into this issue: the classroom AC is running but not cooling the room after the latest update kindly sort this out.,Maintenance & Facilities
There is an issue with my university record: the classroom projector loses connection every few minutes for three days now kindly sort this out.,IT Services
I want to report that the registration system says the course is full even though seats were announced so I need the academic record checked; Please look into this because I have not been able to resolve it myself.,Academic
This is getting difficult because there is no water in the washrooms on our floor so the facility needs attention; Please send the maintenance team to inspect and repair it.,Maintenance & Facilities
The department server is unreachable from campus computers. Please restore access as soon as possible.,IT Services
I noticed that the hostel entrance security check is not being done consistently. I checked the relevant notice and the information still does not match. Please ask the hostel administration to resolve this.,Hostel/Provost Office
My complaint is that internet speed in the lab is too slow to access course material but the issue still continues. Kindly have IT support investigate this.,IT Services
There is an issue with my university record: the university WiFi keeps disconnecting in the library and restarting the device did not help; Please restore access as soon as possible.,IT Services
I have been facing a problem where there is no water in the washrooms on our floor for three days now. Kindly arrange a repair as soon as possible.,Maintenance & Facilities
"Hi, the university WiFi keeps disconnecting in the library during the last two classes. I would appreciate a proper technical fix for this issue.",IT Services
My complaint is that the hostel gate was locked earlier than the official curfew time for three days now which is making it difficult to follow the hostel routine. I request the provost office to investigate and take action.,Hostel/Provost Office
Garbage is not being removed regularly from the hostel floor since the start of this semester but there has been no proper response. I request the provost office to investigate and take action.,Hostel/Provost Office
Please look into this issue: the fee installment approval is not reflected in the system after the latest update. Please check the payment or document status and correct it.,Administrative Offices
"Could you please check this? the room allocation list shows the wrong hostel block for me since last week. I have tried the normal procedure once already, but nothing changed. Please arrange a proper solution for the affected residents.",Hostel/Provost Office
"My complaint is that my attendance percentage is lower than the classes I actually attended for three days now. The issue is not urgent in an emergency sense, but it needs proper attention. I would appreciate it if the department could resolve this soon.",Academic
"Hi, the admission office entered the wrong academic program in my record since yesterday and the deadline is approaching. I request that this matter be processed without further delay.",Administrative Offices
There is an issue with my university record: I was marked absent in a class where I signed the attendance sheet. Please verify the record and correct it.,Academic
I have been facing a problem where the registration system says the course is full even though seats were announced since the start of this semester. This is affecting a routine university task that I need to complete. I would appreciate it if the department could resolve this soon.,Academic
My complaint is that the university portal is not loading after I sign in since yesterday and I cannot complete my online work; I would appreciate a proper technical fix for this issue.,IT Services
"For the past few days, the printer in the student lab is showing an error for every print job even after I reported it earlier. I am not sure who else to contact, so I am submitting this complaint. Kindly have IT support investigate this.",IT Services
"For the past few days, my scholarship amount has not been adjusted in the semester fee. I am not sure who else to contact, so I am submitting this complaint. Can the administrative office review this and provide the correct status?",Administrative Offices
I am having a problem because the hot water supply stops before the announced timing since last week and the issue has been reported before; Can this be addressed by the hostel management soon?,Hostel/Provost Office
"I have already tried to get this sorted, but the fee challan cannot be generated for the current semester since yesterday and I have already submitted the required proof. Please check the payment or document status and correct it.",Administrative Offices
Please look into this issue: the grading rubric was not followed for my project evaluation. Please review the matter before the next academic deadline.,Academic
Please look into this issue: my security deposit refund is still pending after clearance even after I reported it earlier which is causing unnecessary delay. Can the administrative office review this and provide the correct status?,Administrative Offices
Please look into this issue: the printer in the student lab is showing an error for every print job and I cannot complete my online work. Please troubleshoot this because the usual fixes have not worked.,IT Services
"I have already tried to get this sorted, but the hostel corridor has not been cleaned properly for days since the start of this semester and it is becoming frustrating for residents; Please arrange a proper solution for the affected residents.",Hostel/Provost Office
This is getting difficult because the portal shows an error whenever I try to open my profile since the start of this semester so this needs technical support; Please check the system and resolve the technical issue.,IT Services
"Hi, the laundry machines have been out of order for several days since yesterday i already reported it but no response yet.",Hostel/Provost Office
Please look into this issue: my security deposit refund is still pending after clearance since yesterday. Please resolve the discrepancy in the official record.,Administrative Offices
I noticed that the main building entrance becomes flooded after rain even after I reported it earlier. Kindly arrange a repair as soon as possible.,Maintenance & Facilities
The transcript shows the wrong credit hours for one subject even after I reported it earlier. I would appreciate it if the department could resolve this soon.,Academic
"My complaint is that the network printer accepts jobs but does not print anything after the latest update. The issue is not urgent in an emergency sense, but it needs proper attention. I would appreciate a proper technical fix for this issue.",IT Services
My complaint is that the grading rubric was not followed for my project evaluation so I need the academic record checked. Kindly check this issue and update the academic record.,Academic
My complaint is that my transcript is missing one completed course even after I reported it earlier. I would appreciate it if the department could resolve this soon.,Academic
There is an issue with my university record: the student parking gate is damaged and difficult to open since the start of this semester this is causing alot of trouble.,Maintenance & Facilities
I have been facing a problem where the portal shows an error whenever I try to open my profile during the last two classes. I would appreciate a proper technical fix for this issue.,IT Services
Could you please check this? the toilet flush in the student washroom is broken during the last two classes. Kindly arrange a repair as soon as possible.,Maintenance & Facilities
"I need help because the scholarship status has remained pending for a long time for three days now. I have tried the normal procedure once already, but nothing changed. Kindly ask the relevant office to resolve this issue.",Administrative Offices
I am having a problem because my roommate was changed without any prior notice this is causing alot of trouble.,Hostel/Provost Office
I am having a problem because my security deposit refund is still pending after clearance. This is affecting a routine university task that I need to complete. Can the administrative office review this and provide the correct status?,Administrative Offices
There is an issue with my university record: the transcript shows the wrong credit hours for one subject kindly sort this out.,Academic
"I noticed that the backup generator did not start during the last power outage even after I reported it earlier. I have tried the normal procedure once already, but nothing changed. Kindly arrange a repair as soon as possible.",Maintenance & Facilities
I want to report that I am locked out of my university account even after resetting the password since the start of this semester this is causing alot of trouble.,IT Services
Please look into this issue: the mess menu is repeatedly changed without notice after the latest update. I checked the relevant notice and the information still does not match. Can this be addressed by the hostel management soon?,Hostel/Provost Office
"For the past few days, the drinking water cooler is not working which is making the area difficult to use; Can maintenance please inspect the area and resolve it?",Maintenance & Facilities
My complaint is that my registered course disappeared after the add/drop period even after I reported it earlier and I am worried it may affect my GPA. Kindly check this issue and update the academic record.,Academic
Could you please check this? the campus WiFi connects but there is no internet access and other students in the same area are facing it too. Can the IT team check the account or service configuration?,IT Services
There is an issue with my university record: garbage is not being removed regularly from the hostel floor after the latest update which is making it difficult to follow the hostel routine. Please ask the hostel administration to resolve this.,Hostel/Provost Office
Please look into this issue: the hostel mess is serving food much later than the announced timing even after I reported it earlier but there has been no proper response; Please check the hostel record and fix the problem.,Hostel/Provost Office
I have been facing a problem where the washroom drainage is blocked and water is collecting on the floor during the last two classes and students are avoiding the room; Please arrange proper repair rather than another temporary fix.,Maintenance & Facilities
"I have already tried to get this sorted, but the corridor floor tiles are broken and causing people to trip. This needs to be fixed before it becomes a bigger problem.",Maintenance & Facilities
I noticed that one of the lab computers keeps restarting by itself since yesterday and it is affecting access to university systems. Can the IT team check the account or service configuration?,IT Services
Could you please check this? the registrar office has not issued a requested official document. This is affecting a routine university task that I need to complete. Can the administrative office review this and provide the correct status?,Administrative Offices
I want to report that I received conflicting instructions from the registrar and accounts office since yesterday this is causing alot of trouble.,Administrative Offices
My complaint is that the toilet flush in the student washroom is broken since yesterday which could become a safety issue; Please arrange proper repair rather than another temporary fix.,Maintenance & Facilities
I need help because there is no hot water in the hostel bathrooms in the morning and the issue has been reported before; Please arrange a proper solution for the affected residents.,Hostel/Provost Office
My complaint is that the hostel mess is serving food much later than the announced timing since the start of this semester and several residents are affected; Please check the hostel record and fix the problem.,Hostel/Provost Office
The hostle entrance security check is not being done consistently since the start of this semester. This is affecting a routine university task that i need to complete. Can this be addressed by the hostel management soon?,Hostel/Provost Office
Please look into this issue: rainwater is entering the corridor through a damaged window since last week and students are avoiding the room. Please have the facilities staff check this issue.,Maintenance & Facilities
I want to report that my admission application shows incomplete documents although everything was submitted during the last two classes kindly sort this out.,Administrative Offices
I am having a problem because the hot water supply stops before the announced timing even after I reported it earlier which is making it difficult to follow the hostel routine. Kindly have the warden or provost office look into the issue.,Hostel/Provost Office
My complaint is that the transcript shows the wrong credit hours for one subject and I am worried it may affect my GPA. Kindly check this issue and update the academic record.,Academic
"Hi, several ceiling fans in the lecture room are not working and it is disturbing classes; Please send the maintenance team to inspect and repair it.",Maintenance & Facilities
I have been facing a problem where there has been no electricity in part of the academic block since last week and it is disturbing classes. This needs to be fixed before it becomes a bigger problem.,Maintenance & Facilities
My complaint is that the fee challan generated by the portal has the wrong amount for three days now and I am unable to complete the next step. Can the administrative office review this and provide the correct status?,Administrative Offices
"For the past few days, the computer lab PCs are taking a very long time to log in after the latest update but the issue still continues. Can the IT team check the account or service configuration?",IT Services
Could you please check this? my semester fee payment is complete but the account still shows an unpaid balance since the start of this semester so I need clarification and correction. Can the administrative office review this and provide the correct status?,Administrative Offices
I need help because a classroom door lock is jammed and the room cant be secured since last week which could become a safety issue. Kindly arrange a repair as soon as possible.,Maintenance & Facilities
"I need help because a classroom door lock is jammed and the room cannot be secured. I have tried the normal procedure once already, but nothing changed. Please arrange proper repair rather than another temporary fix.",Maintenance & Facilities
"Could you please check this? the main building entrance becomes flooded after rain even after I reported it earlier. I have tried the normal procedure once already, but nothing changed. Kindly arrange a repair as soon as possible.",Maintenance & Facilities
"This is getting difficult because the hostel mess is serving food much later than the announced timing even after i reported it earlier. The issue is not urgent in an emergency sense, but it needs proper attention. Please ask the hostel administration to resolve this.",Hostel/Provost Office
My complaint is that the room window does not close properly and insects enter at night since yesterday. Please check the hostel record and fix the problem.,Hostel/Provost Office
Could you please check this? there is no water in the washrooms on our floor after the latest update and the problem has continued for several days. Please arrange proper repair rather than another temporary fix.,Maintenance & Facilities
"I am having a problem because the timetable shows a room and time that do not match the department notice. I am not sure who else to contact, so I am submitting this complaint. I would appreciate it if the department could resolve this soon.",Academic
"Hi, clothes left in the hostel laundry area are being mixed up since last week which is making it difficult to follow the hostel routine. Kindly have the warden or provost office look into the issue.",Hostel/Provost Office
My complaint is that my quiz marks were not included in the final course total after the latest update so I cannot confirm whether my record is correct. Can someone please confirm the correct status and fix the error?,Academic
My complaint is that the portal shows an error whenever I try to open my profile after the latest update. This is affecting a routine university task that I need to complete. Can the IT team check the account or service configuration?,IT Services
I have been facing a problem where a washroom tap has been leaking continuously during the last two classes which could become a safety issue; This needs to be fixed before it becomes a bigger problem.,Maintenance & Facilities
I have been facing a problem where the printer in the student lab is showing an error for every print job pls fix this soon.,IT Services
Please look into this issue: clothes left in the hostel laundry area are being mixed up since yesterday so I need the provost office to check the matter; Please arrange a proper solution for the affected residents.,Hostel/Provost Office
"There is an issue with my university record: the room window does not close properly and insects enter at night after the latest update. I have tried the normal procedure once already, but nothing changed. Can this be addressed by the hostel management soon?",Hostel/Provost Office
I noticed that the fee challan generated by the poratl has the wrong amount this is causing alot of trouble.,Administrative Offices
i have been facing a problem where the classroom AC is running but not cooling the room. Can maintenance please inspect the area and resolve it?,Maintenance & Facilities
I need help because network access in the engineering block drops repeatedly during the last two classes. I checked the relevant notice and the information still does not match. Please troubleshoot this because the usual fixes have not worked.,IT Services
"Hi, network access in the engineering block drops repeatedly during the last two classes and restarting the device did not help; Can the IT team check the account or service configuration?",IT Services
"I have been facing a problem where the room allocation list shows the wrong hostel block for me for three days now. I have tried the normal procedure once already, but nothing changed. Can this be addressed by the hostel management soon?",Hostel/Provost Office
"I have already tried to get this sorted, but the department server is unreachable from campus computers since yesterday. The issue is not urgent in an emergency sense, but it needs proper attention. Please check the system and resolve the technical issue.",IT Services
I want to report that outgoing messages from my university email are being rejected since last week pls fix this soon.,IT Services
Could you please check this? my semester fee payment is complete but the account still shows an unpaid balance even after I reported it earlier and this is blocking another university process; Please resolve the discrepancy in the official record.,Administrative Offices
Please look into this issue: my bonafide certificate request has not been processed after the latest update. I request that this matter be processed without further delay.,Administrative Offices
I need help because clothes left in the hostel laundry area are being mixed up even after I reported it earlier so I need the provost office to check the matter; Kindly have the warden or provost office look into the issue.,Hostel/Provost Office
"I have already tried to get this sorted, but the portal shows an error whenever I try to open my profile which is causing delays in my coursework; I would appreciate a proper technical fix for this issue.",IT Services
I have been facing a problem where the hostel water dispenser is frequently empty which is making it difficult to follow the hostel routine; Kindly have the warden or provost office look into the issue.,Hostel/Provost Office
i need help because my financial aid application has not moved beyond initial review even after I reported it earlier. I checked the relevant notice and the information still does not match. Can the administrative office review this and provide the correct status?,Administrative Offices
I noticed that I was charged a late fee even though I paid before the deadline. Please verify the record and update it.,Administrative Offices
"I am having a problem because the LMS is not showing one of my registered courses please help, its still not fixed.",IT Services
"I have already tried to get this sorted, but the admission office has not updated my verification status for three days now so I need the administrative record corrected; Please resolve the discrepancy in the official record.",Administrative Offices
I need help because the registrar office has not issued a requested official document for three days now pls fix this soon.,Administrative Offices
Please look into this issue: i have not received feedback from my thesis supervisor for several weeks can u check this please?,Academic
I want to report that the room allocation list shows the wrong hostel block for me since the start of this semester but there has been no proper response. Kindly have the warden or provost office look into the issue.,Hostel/Provost Office
"I have already tried to get this sorted, but I was marked absent in a class where I signed the attendance sheet since the start of this semester and I have already checked with the course representative. I would appreciate it if the department could resolve this soon.",Academic
Could you please check this? the stairway lights are not working in the evening since the start of this semester but no repair has been done yet. This needs to be fixed before it becomes a bigger problem.,Maintenance & Facilities
My complaint is that I was assigned a hostel room that is already occupied since the start of this semester so I need the provost office to check the matter. Please arrange a proper solution for the affected residents.,Hostel/Provost Office
Please look into this issue: power sockets in the classroom are loose and unsafe to use. This is affecting a routine university task that I need to complete. Kindly arrange a repair as soon as possible.,Maintenance & Facilities
I want to report that the final result shows a different grade from the one announced by the instructor since last week and the deadline is getting very close. Please verify the record and correct it.,Academic
I need help because the mess food is often cold by the time students are served but there has been no proper response. Please check the hostel record and fix the problem.,Hostel/Provost Office
"I need help because my makeup exam application was approved but no exam schedule has been shared since yesterday. I am not sure who else to contact, so I am submitting this complaint. Please verify the record and correct it.",Academic
The university WiFi keeps disconnecting in the library since yesterday. Kindly have IT support investigate this.,IT Services
I have been facing a problem where the result portal shows an incomplete grade even though all work was submitted for three days now. This is affecting a routine university task that I need to complete. Please look into this because I have not been able to resolve it myself.,Academic
"I have been facing a problem where the hostel gate was locked earlier than the official curfew time since the start of this semester. I have tried the normal procedure once already, but nothing changed. I request the provost office to investigate and take action.",Hostel/Provost Office
My complaint is that my student ID card has the wrong program printed on it since yesterday this is causing alot of trouble.,Administrative Offices
I want to report that the department server is unreachable from campus computers since the start of this semester and I cant complete my online work; I would appreciate a proper technical fix for this issue.,IT Services
"For the past few days, the fee challan generated by the portal has the wrong amount and I have already submitted the required proof. Please resolve the discrepancy in the official record.",Administrative Offices
"I need help because the common room furniture is damaged and unusable since the start of this semester. I am not sure who else to contact, so I am submitting this complaint. I request the provost office to investigate and take action.",Hostel/Provost Office
"Hi, the room allocation list shows the wrong hostel block for me since last week. I am not sure who else to contact, so I am submitting this complaint. I request the provost office to investigate and take action.",Hostel/Provost Office
One of the lab computers keeps restarting by itself since the start of this semester so this needs technical support; Please check the system and resolve the technical issue.,IT Services
"I want to report that the warden has not responded to repeated requests about a room issue during the last two classes. I have tried the normal procedure once already, but nothing changed. Please arrange a proper solution for the affected residents.",Hostel/Provost Office
My complaint is that the fee challan cannot be generated for the current semester and the deadline is approaching; Can the administrative office review this and provide the correct status?,Administrative Offices
There is an issue with my university record: my registered course disappeared after the add/drop period since last week. Can someone please confirm the correct status and fix the error?,Academic
I need help because the financial aid amount shown is different from the approved amount during the last two classes but the status has not changed; Kindly ask the relevant office to resolve this issue.,Administrative Offices
"For the past few days, the fee installment approval is not reflected in the system since yesterday and the deadline is approaching; Can the administrative office review this and provide the correct status?",Administrative Offices
"Could you please check this? unknown visitors have been entering the hostel without proper checking. The issue is not urgent in an emergency sense, but it needs proper attention. Please ask the hostel administration to resolve this.",Hostel/Provost Office
Could you please check this? the department server is unreachable from campus computers even after I reported it earlier pls fix this soon.,IT Services
Please look into this issue: the common room furniture is damaged and unusable during the last two classes which is making it difficult to follow the hostel routine. Please check the hostel record and fix the problem.,Hostel/Provost Office
This is getting difficult because there is no hot water in the hostel bathrooms in the morning since last week. Please ask the hostel administration to resolve this.,Hostel/Provost Office
I am having a problem because the timetable has overlapping lectures for two compulsory courses for three days now. Kindly check this issue and update the academic record.,Academic
"Hi, my hostel room allocation is still pending even though the semester has started so i need the provost office to check the matter; Please ask the hostel administration to resolve this.",Hostel/Provost Office
"My complaint is that the washroom drainage is blocked and water is collecting on the floor after the latest update. The issue is not urgent in an emergency sense, but it needs proper attention. Can maintenance please inspect the area and resolve it?",Maintenance & Facilities
I noticed that the elevator stops between floors and feels unsafe since last week and it is especially difficult during afternoon classes. Please arrange proper repair rather than another temporary fix.,Maintenance & Facilities
"i have already tried to get this sorted, but the hostel water dispenser is frequently empty. Can this be addressed by the hostel management soon?",Hostel/Provost Office
My complaint is that the timetable shows a room and time that do not match the department notice during the last two classes. This is affecting a routine university task that I need to complete. Can someone please confirm the correct status and fix the error?,Academic
"The timetable has overlapping lectures for two compulsory courses since yesterday. I am not sure who else to contact, so I am submitting this complaint. Please look into this because I have not been able to resolve it myself.",Academic
"This is getting difficult because the air conditioner is leaking water onto the floor please help, its still not fixed.",Maintenance & Facilities
I have been facing a problem where the desks in the room are damaged and unstable during the last two classes. Please send the maintenance team to inspect and repair it.,Maintenance & Facilities
Please look into this issue: the scholarship status has remained pending for a long time which may affect my registration. I request that this matter be processed without further delay.,Administrative Offices
I noticed that the room allocation list shows the wrong hostel block for me after the latest update. Please ask the hostel administration to resolve this.,Hostel/Provost Office
"i am having a problem because the classroom AC is running but not cooling the room even after I reported it earlier. I have tried the normal procedure once already, but nothing changed. Please have the facilities staff check this issue.",Maintenance & Facilities
I noticed that the registrar office has not issued a requested official document since last week and I am unable to complete the next step; Please verify the record and update it.,Administrative Offices
I need help because the grading rubric was not followed for my project evaluation since last week kindly sort this out.,Academic
I want to report that the transcript shows the wrong credit hours for one subject since the start of this semester which may delay my graduation process. Please look into this because I have not been able to resolve it myself.,Academic
"I have already tried to get this sorted, but the admission office has not updated my verification status can u check this please?",Administrative Offices
"Please look into this issue: my university email is not receiving messages from official mailing lists. I have tried the normal procedure once already, but nothing changed. I would appreciate a proper technical fix for this issue.",IT Services
This is getting difficult because garbage isnt being removed regularly from the hostel floor even after I reported it earlier and the situation is getting worse. Please ask the hostel administration to resolve this.,Hostel/Provost Office
I am having a problem because internet speed in the lab is too slow to access course material since yesterday. Please restore access as soon as possible.,IT Services
This is getting difficult because the projector displays a blank screen even though the laptop is connected since yesterday. Please check the system and resolve the technical issue.,IT Services
I need help because my midterm marks are missing from the portal since yesterday. Can someone please confirm the correct status and fix the error?,Academic
Could you please check this? the hot water supply stops before the announced timing after the latest update and the issue has been reported before. Please ask the hostel administration to resolve this.,Hostel/Provost Office
"For the past few days, the printer in the student lab is showing an error for every print job after the latest update can u check this please?",IT Services
The final result shows a different grade from the one announced by the instructor and I have already checked with the course representative. Please look into this because I have not been able to resolve it myself.,Academic
"For the past few days, my course section was changed without my request for three days now please help, its still not fixed.",Academic
I need help because the accounts office asked for the same payment proof multiple times during the last two classes so I need clarification and correction. I request that this matter be processed without further delay.,Administrative Offices
There is an issue with my university record: the hostel gate was locked earlier than the official curfew time during the last two classes which is making it difficult to follow the hostel routine. Please arrange a proper solution for the affected residents.,Hostel/Provost Office
I noticed that the lights in our classroom keep flickering during lectures for three days now so the facility needs attention; Please arrange proper repair rather than another temporary fix.,Maintenance & Facilities
There is an issue with my university record: the fee installment approval is not reflected in the system since yesterday and I have already submitted the required proof; Please verify the record and update it.,Administrative Offices
There is an issue with my university record: the portal shows an error whenever I try to open my profile. This is affecting a routine university task that I need to complete. I would appreciate a proper technical fix for this issue.,IT Services
"Hi, the hostel gate was locked earlier than the official curfew time. Can this be addressed by the hostel management soon?",Hostel/Provost Office
"I was marked absent in a class where I signed the attendance sheet since last week please help, its still not fixed.",Academic
I noticed that a refund approved earlier has still not been transferred since the start of this semester. Please verify the record and update it.,Administrative Offices
I am having a problem because the classroom AC is running but not cooling the room and students are avoiding the room. Kindly arrange a repair as soon as possible.,Maintenance & Facilities
This is getting difficult because my semester fee payment is complete but the account still shows an unpaid balance which may affect my registration. Kindly ask the relevant office to resolve this issue.,Administrative Offices
My complaint is that my financial aid application has not moved beyond initial review and I am unable to complete the next step; Can the administrative office review this and provide the correct status?,Administrative Offices
I have been facing a problem where my submitted assignment is still showing as not submitted so I cannot confirm whether my record is correct. Please review the matter before the next academic deadline.,Academic
I have been facing a problem where the university WiFi keeps disconnecting in the library during the last two classes. I would appreciate a proper technical fix for this issue.,IT Services
My complaint is that two-factor authentication codes for the portal arrive too late to use since the start of this semester. I checked the relevant notice and the information still does not match. Can the IT team check the account or service configuration?,IT Services
Please look into this issue: the final result shows a different grade from the one announced by the instructor even after I reported it earlier i already reported it but no response yet.,Academic
"For the past few days, my scholarship amount has not been adjusted in the semester fee for three days now pls fix this soon.",Administrative Offices
Could you please check this? my GPA calculation appears incorrect after the latest result. I would appreciate it if the department could resolve this soon.,Academic
My roommate was changed without any prior notice since yesterday so I need the provost office to check the matter; I request the provost office to investigate and take action.,Hostel/Provost Office
"I have been facing a problm where the department server is unreachable from campus computers since the start of this semester please help, its still not fixed.",IT Services
"I have already tried to get this sorted, but the mess menu is repeatedly changed without notice for three days now and the situation is getting worse. Can this be addressed by the hostel management soon?",Hostel/Provost Office
There is an issue with my university record: the computer lab PCs are taking a very long time to log in for three days now. This is affecting a routine university task that I need to complete. Can the IT team check the account or service configuration?,IT Services
I want to report that the study room is being locked during the hours it should be open kindly sort this out.,Hostel/Provost Office
The admission office has not updated my verification status since last week and I am unable to complete the next step; Kindly ask the relevant office to resolve this issue.,Administrative Offices
Could you please check this? the room window does not close properly and insects enter at night since last week but there has been no proper response. Please check the hostel record and fix the problem.,Hostel/Provost Office
"I have already tried to get this sorted, but the timetable shows a room and time that do not match the department notice during the last two classes. Can someone please confirm the correct status and fix the error?",Academic
My complaint is that the hot water supply stops before the announced timing after the latest update. Please check the hostel record and fix the problem.,Hostel/Provost Office
I need help because unknown visitors have been entering the hostel without proper checking since the start of this semester and several residents are affected. Please check the hostel record and fix the problem.,Hostel/Provost Office
Please look into this issue: the accounts office says my refund is processed but I have not received it during the last two classes which is causing unnecessary delay; I request that this matter be processed without further delay.,Administrative Offices
"I noticed that my submitted assignment is still showing as not submitted even after I reported it earlier. I am not sure who else to contact, so I am submitting this complaint. I would appreciate it if the department could resolve this soon.",Academic
Please look into this issue: my security deposit refund is still pending after clearance so I need the administrative record corrected; I request that this matter be processed without further delay.,Administrative Offices
My complaint is that the lights in our classroom keep flickering during lectures since yesterday and it is especially difficult during afternoon classes; Please send the maintenance team to inspect and repair it.,Maintenance & Facilities
"Hi, the hostel water dispenser is frequently empty during the last two classes this is causing alot of trouble.",Hostel/Provost Office
"I have already tried to get this sorted, but the study room is being locked during the hours it should be open during the last two classes. I am not sure who else to contact, so I am submitting this complaint. Can this be addressed by the hostel management soon?",Hostel/Provost Office
My complaint is that the network printer accepts jobs but does not print anything since the start of this semester i already reported it but no response yet.,IT Services
"Hi, the certificate I collected contains a spelling error in the program title after the latest update so I need the administrative record corrected; I request that this matter be processed without further delay.",Administrative Offices
The biometric attendance device is not recognizing fingerprints since last week pls fix this soon.,IT Services
"I have already tried to get this sorted, but I have not received feedback from my thesis supervisor for several weeks during the last two classes and I do not know which information to follow. Please review the matter before the next academic deadline.",Academic
I noticed that one of the lab computers keeps restarting by itself for three days now and restarting the device did not help; Please troubleshoot this because the usual fixes have not worked.,IT Services
"I need help because unknown visitors have been entering the hostel without proper checking. I am not sure who else to contact, so I am submitting this complaint. Please ask the hostel administration to resolve this.",Hostel/Provost Office
This is getting difficult because the timetable has overlapping lectures for two compulsory courses so I cannot confirm whether my record is correct; I would appreciate it if the department could resolve this soon.,Academic
"I have been facing a problem where I have not received feedback from my thesis supervisor for several weeks. The issue is not urgent in an emergency sense, but it needs proper attention. Please verify the record and correct it.",Academic
I need help because the air conditioner is leaking water onto the floor for three days now and it is disturbing classes. Please send the maintenance team to inspect and repair it.,Maintenance & Facilities
Could you please check this? I was assigned a hostel room that is already occupied after the latest update. Please ask the hostel administration to resolve this.,Hostel/Provost Office
Please look into this issue: the curfew entry record shows me late even though I entered before closing time even after I reported it earlier and the situation is getting worse. I request the provost office to investigate and take action.,Hostel/Provost Office
I am having a problem because a washroom tap has been leaking continuously since yesterday kindly sort this out.,Maintenance & Facilities
Could you please check this? my course section was changed without my request since yesterday which is creating a problem with course registration; Please verify the record and correct it.,Academic
Please look into this issue: there is no hot water in the hostel bathrooms in the morning and it is becoming frustrating for residents; Please check the hostel record and fix the problem.,Hostel/Provost Office
My complaint is that my GPA calculation appears incorrect after the latest result during the last two classes i already reported it but no response yet.,Academic
"I have already tried to get this sorted, but network access in the engineering block drops repeatedly and I cannot complete my online work; Kindly have IT support investigate this.",IT Services
I want to report that a classroom door lock is jammed and the room cannot be secured. This needs to be fixed before it becomes a bigger problem.,Maintenance & Facilities
I noticed that the online service becomes unavailable during registration hours since the start of this semester and it is affecting access to university systems. Can the IT team check the account or service configuration?,IT Services
"Hi, the desks in the room are damaged and unstable since yesterday. Please send the maintenance team to inspect and repair it.",Maintenance & Facilities
"For the past few days, the computer lab PCs are taking a very long time to log in since yesterday so I need the account or service checked. Please check the system and resolve the technical issue.",IT Services
Could you please check this? the financial aid amount shown is different from the approved amount since the start of this semester and I have already submitted the required proof. Please verify the record and update it.,Administrative Offices
i need help because rainwater is entering the corridor through a damaged window since last week and it is disturbing classes. Please arrange proper repair rather than another temporary fix.,Maintenance & Facilities
I have been facing a problem where the stairway lights are not working in the evening for three days now and the problem has continued for several days. Please have the facilities staff check this issue.,Maintenance & Facilities
"For the past few days, one of the lab computers keeps restarting by itself since last week and it is affecting access to university systems. Please restore access as soon as possible.",IT Services
My complaint is that clothes left in the hostel laundry area are being mixed up during the last two classes. Please ask the hostel administration to resolve this.,Hostel/Provost Office
"For the past few days, one of the lab computers keeps restarting by itself since last week and other students in the same area are facing it too. Kindly have IT support investigate this.",IT Services
"I have already tried to get this sorted, but my CGPA did not update after a repeated course grade was posted but the issue is still unresolved; Kindly check this issue and update the academic record.",Academic
Please look into this issue: two-factor authentication codes for the portal arrive too late to use but the issue still continues; Kindly have IT support investigate this.,IT Services
Please look into this issue: rainwater is entering the corridor through a damaged window since the start of this semester and it is disturbing classes; Please have the facilities staff check this issue.,Maintenance & Facilities
My complaint is that a required course is not appearing in course registration and I do not know which information to follow. Can someone please confirm the correct status and fix the error?,Academic
"I have already tried to get this sorted, but I am locked out of my university account even after resetting the password. This is affecting a routine university task that I need to complete. Please check the system and resolve the technical issue.",IT Services
"Hi, a refund approved earlier has still not been transferred after the latest update and I have already submitted the required proof. Can the administrative office review this and provide the correct status?",Administrative Offices
"My complaint is that one of the lab computers keeps restarting by itself since yesterday. I am not sure who else to contact, so I am submitting this complaint. Please check the system and resolve the technical issue.",IT Services
I want to report that the timetable shows a room and time that do not match the department notice since last week so I cannot confirm whether my record is correct. I would appreciate it if the department could resolve this soon.,Academic
I need help because the curfew entry record shows me late even though I entered before closing time for three days now and it is causing problems with daily hostel life. I request the provost office to investigate and take action.,Hostel/Provost Office
I need help because the hot water supply stops before the announced timing. Please arrange a proper solution for the affected residents.,Hostel/Provost Office
I am having a problem because my admission application shows incomplete documents although everything was submitted since yesterday which is causing unnecessary delay; Kindly ask the relevant office to resolve this issue.,Administrative Offices
I noticed that my registered course disappeared after the add/drop period since yesterday so I cannot confirm whether my record is correct; Please look into this because I have not been able to resolve it myself.,Academic
"Please look into this issue: a prerequisite is being shown as incomplete although I passed it please help, its still not fixed.",Academic
"The classroom AC is running but not cooling the room for three days now. I have tried the normal procedure once already, but nothing changed. Please send the maintenance team to inspect and repair it.",Maintenance & Facilities
"For the past few days, clothes left in the hostel laundry area are being mixed up can u check this please?",Hostel/Provost Office
"I have already tried to get this sorted, but the ceiling has damp patches and pieces of plaster are falling since the start of this semester. Please have the facilities staff check this issue.",Maintenance & Facilities
"There is an issue with my university record: there is no hot water in the hostel bathrooms in the morning during the last two classes. The issue is not urgent in an emergency sense, but it needs proper attention. Please check the hostel record and fix the problem.",Hostel/Provost Office
Could you please check this? required software is missing from several computers in the lab since last week. I checked the relevant notice and the information still does not match. Please troubleshoot this because the usual fixes have not worked.,IT Services
"I have already tried to get this sorted, but several classroom chairs have broken writing arms after the latest update. I checked the relevant notice and the information still does not match. This needs to be fixed before it becomes a bigger problem.",Maintenance & Facilities
"My complaint is that the parking area is badly congested because the markings are not visible after the latest update please help, its still not fixed.",Maintenance & Facilities
"I have already tried to get this sorted, but I received conflicting instructions from the registrar and accounts office since the start of this semester. I am not sure who else to contact, so I am submitting this complaint. Kindly ask the relevant office to resolve this issue.",Administrative Offices
"Could you please check this? the timetable shows a room and time that do not match the department notice during the last two classes please help, its still not fixed.",Academic
I want to report that the air conditioner is leaking water onto the floor since last week which is causing inconvenience to students and staff; This needs to be fixed before it becomes a bigger problem.,Maintenance & Facilities
"For the past few days, the corridor floor tiles are broken and causing people to trip since last week and temporary fixes have not solved it; Can maintenance please inspect the area and resolve it?",Maintenance & Facilities
I want to report that the hostel entrance security check is not being done consistently for three days now kindly sort this out.,Hostel/Provost Office
I noticed that I have not received feedback from my thesis supervisor for several weeks i already reported it but no response yet.,Academic
"Please look into this issue: the accounts office has not reflected my bank payment. The issue is not urgent in an emergency sense, but it needs proper attention. Please resolve the discrepancy in the official record.",Administrative Offices
This is getting difficult because my submitted assignment is still showing as not submitted which is creating a problem with course registration; Kindly check this issue and update the academic record.,Academic
The department server is unreachable from campus computers since yesterday so I need the account or service checked. Please restore access as soon as possible.,IT Services
"I have already tried to get this sorted, but power sockets in the classroom are loose and unsafe to use can u check this please?",Maintenance & Facilities
I need help because the department server is unreachable from campus computers so this needs technical support; Can the IT team check the account or service configuration?,IT Services
The biometric system records entry but does not update attendance for three days now. Please restore access as soon as possible.,IT Services
"I have already tried to get this sorted, but my bonafide certificate request has not been processed after the latest update. Can the administrative office review this and provide the correct status?",Administrative Offices
There is an issue with my university record: the curfew entry record shows me late even though I entered before closing time during the last two classes and it is causing problems with daily hostel life; Please ask the hostel administration to resolve this.,Hostel/Provost Office
The final result shows a different grade from the one announced by the instructor after the latest update and I do not know which information to follow. Please look into this because I have not been able to resolve it myself.,Academic
Please look into this issue: the licensed software on the lab PC says the activation has expired since yesterday and other students in the same area are facing it too; Please restore access as soon as possible.,IT Services
I noticed that the student parking gate is damaged and difficult to open. Can maintenance please inspect the area and resolve it?,Maintenance & Facilities
"For the past few days, several classroom chairs have broken writing arms since the start of this semester and it is especially difficult during afternoon classes. Kindly arrange a repair as soon as possible.",Maintenance & Facilities
I want to report that clothes left in the hostel laundry area are being mixed up after the latest update. Kindly have the warden or provost office look into the issue.,Hostel/Provost Office
I need help because the toilet flush in the student washroom is broken since last week. Please send the maintenance team to inspect and repair it.,Maintenance & Facilities
"I have already tried to get this sorted, but the mess menu is repeatedly changed without notice since last week. I am not sure who else to contact, so I am submitting this complaint. Kindly have the warden or provost office look into the issue.",Hostel/Provost Office
"For the past few days, the certificate I collected contains a spelling error in the program title and I have visited the office more than once. I request that this matter be processed without further delay.",Administrative Offices
"Please look into this issue: the drinking water cooler is not working. I am not sure who else to contact, so I am submitting this complaint. Can maintenance please inspect the area and resolve it?",Maintenance & Facilities
I want to report that I was marked absent in a class where I signed the attendance sheet since yesterday which may delay my graduation process; I would appreciate it if the department could resolve this soon.,Academic
My complaint is that the student parking gate is damaged and difficult to open after the latest update so the facility needs attention; Kindly arrange a repair as soon as possible.,Maintenance & Facilities
I want to report that there is no water in the washrooms on our floor since yesterday pls fix this soon.,Maintenance & Facilities
I want to report that the grading rubric was not followed for my project evaluation since last week. This is affecting a routine university task that I need to complete. Kindly check this issue and update the academic record.,Academic
I need help because the admission office entered the wrong academic program in my record which may affect my registration. Kindly ask the relevant office to resolve this issue.,Administrative Offices
The registration system says the course is full even though seats were announced even after I reported it earlier so I cannot confirm whether my record is correct. Please look into this because I have not been able to resolve it myself.,Academic
"Hi, there is a serious noise problem from the neighboring hostel room late at night for three days now and the issue has been reported before; Please ask the hostel administration to resolve this.",Hostel/Provost Office
"I have already tried to get this sorted, but two-factor authentication codes for the portal arrive too late to use pls fix this soon.",IT Services
I want to report that my transcript is missing one completed course during the last two classes. Please verify the record and correct it.,Academic
"My hostel room allocation is still pending even though the semester has started after the latest update. The issue is not urgent in an emergency sense, but it needs proper attention. Please ask the hostel administration to resolve this.",Hostel/Provost Office
"For the past few days, the hostel room has a broken cupboard and damaged bed frame since yesterday can u check this please?",Hostel/Provost Office
"I have already tried to get this sorted, but my transcript is missing one completed course and I am worried it may affect my GPA. I would appreciate it if the department could resolve this soon.",Academic
Could you please check this? the hostel water dispenser is frequently empty during the last two classes and several residents are affected. Please check the hostel record and fix the problem.,Hostel/Provost Office
Could you please check this? I am locked out of my university account even after resetting the password since the start of this semester and other students in the same area are facing it too; Please restore access as soon as possible.,IT Services
"The elevator in the main block is out of service again since last week. I am not sure who else to contact, so I am submitting this complaint. Please arrange proper repair rather than another temporary fix.",Maintenance & Facilities
I am having a problem because the curfew entry record shows me late even though I entered before closing time during the last two classes pls fix this soon.,Hostel/Provost Office
Could you please check this? the hostel entrance security check is not being done consistently and it is causing problems with daily hostel life; Kindly have the warden or provost office look into the issue.,Hostel/Provost Office
There is an issue with my university record: my financial aid application has not moved beyond initial review during the last two classes so I need clarification and correction. Can the administrative office review this and provide the correct status?,Administrative Offices
"Could you please check this? my hostel room allocation is still pending even though the semester has started even after I reported it earlier. I have tried the normal procedure once already, but nothing changed. Please check the hostel record and fix the problem.",Hostel/Provost Office
"Please look into this issue: my thesis supervisor has not been assigned even though the deadline passed since the start of this semester. The issue is not urgent in an emergency sense, but it needs proper attention. Please verify the record and correct it.",Academic
Please look into this issue: the hot water supply stops before the announced timing since yesterday so the hostel staff need to resolve it. Can this be addressed by the hostel management soon?,Hostel/Provost Office
Could you please check this? a required course is not appearing in course registration since yesterday this is causing alot of trouble.,Academic
Could you please check this? one of the lab computers keeps restarting by itself pls fix this soon.,IT Services
"There is an issue with my university record: the backup generator did not start during the last power outage even after I reported it earlier please help, its still not fixed.",Maintenance & Facilities
"Please look into this issue: the financial aid amount shown is different from the approved amount. The issue is not urgent in an emergency sense, but it needs proper attention. I request that this matter be processed without further delay.",Administrative Offices
I need help because the registration system says the course is full even though seats were announced since yesterday can u check this please?,Academic
I want to report that the printer in the student lab is showing an error for every print job and other students in the same area are facing it too. Please check the system and resolve the technical issue.,IT Services
Could you please check this? the hostel corridor has not been cleaned properly for days which is making it difficult to follow the hostel routine; I request the provost office to investigate and take action.,Hostel/Provost Office
Could you please check this? the network printer accepts jobs but does not print anything since yesterday so this needs technical support; Kindly have IT support investigate this.,IT Services
"There is an issue with my university record: the computer lab PCs are taking a very long time to log in since the start of this semester. The issue is not urgent in an emergency sense, but it needs proper attention. Kindly have IT support investigate this.",IT Services
Please look into this issue: the certificate I collected contains a spelling error in the program title since the start of this semester and I have visited the office more than once. Kindly ask the relevant office to resolve this issue.,Administrative Offices
This is getting difficult because the accounts office has not reflected my bank payment even after I reported it earlier kindly sort this out.,Administrative Offices
I noticed that the curfew entry record shows me late even though I entered before closing time since last week. I request the provost office to investigate and take action.,Hostel/Provost Office
"Hi, my attendance percentage is lower than the classes I actually attended after the latest update. Please review the matter before the next academic deadline.",Academic
My scholarship amount has not been adjusted in the semester fee since last week. This is affecting a routine university task that I need to complete. Please check the payment or document status and correct it.,Administrative Offices
I need help because my security deposit refund is still pending after clearance since last week. Kindly ask the relevant office to resolve this issue.,Administrative Offices
There is an issue with my university record: required software is missing from several computers in the lab for three days now and the problem happens repeatedly. Can the IT team check the account or service configuration?,IT Services
Could you please check this? my security deposit refund is still pending after clearance since the start of this semester and I am unable to complete the next step; Please check the payment or document status and correct it.,Administrative Offices
The hostel gate was locked earlier than the official curfew time and several residents are affected; I request the provost office to investigate and take action.,Hostel/Provost Office
Please look into this issue: the room window does not close properly and insects enter at night and the issue has been reported before; Please check the hostel record and fix the problem.,Hostel/Provost Office
"Hi, rainwater is entering the corridor through a damaged window since the start of this semester and it is disturbing classes; Kindly arrange a repair as soon as possible.",Maintenance & Facilities
I want to report that the parking area is badly congested because the markings are not visible after the latest update and the problem has continued for several days. Please send the maintenance team to inspect and repair it.,Maintenance & Facilities
My complaint is that the washroom drainage is blocked and water is collecting on the floor for three days now. This is affecting a routine university task that I need to complete. Please arrange proper repair rather than another temporary fix.,Maintenance & Facilities
This is getting difficult because power sockets in the classroom are loose and unsafe to use for three days now and the problem has continued for several days. Please arrange proper repair rather than another temporary fix.,Maintenance & Facilities
"For the past few days, the university portal is not loading after i sign in for three days now and it is affecting access to university systems; Kindly have IT support investigate this.",IT Services
This is getting difficult because my thesis supervisor has not been assigned even though the deadline passed since the start of this semester and this is affecting my semester planning; Can someone please confirm the correct status and fix the error?,Academic
"I noticed that my student card renewal request is still pending even after I reported it earlier please help, its still not fixed.",Administrative Offices
Could you please check this? power sockets in the classroom are loose and unsafe to use since the start of this semester so the facility needs attention; This needs to be fixed before it becomes a bigger problem.,Maintenance & Facilities
My quiz marks were not included in the final course total during the last two classes. I checked the relevant notice and the information still does not match. Please verify the record and correct it.,Academic
"Hi, the result portal shows an incomplete grade even though all work was submitted which is creating a problem with course registration. Please verify the record and correct it.",Academic
I want to report that the printer in the student lab is showing an error for every print job. This is affecting a routine university task that I need to complete. I would appreciate a proper technical fix for this issue.,IT Services
There is an issue with my university record: one of the lab computers keeps restarting by itself since last week and the problem happens repeatedly. Please restore access as soon as possible.,IT Services
"Hi, the common room furniture is damaged and unusable after the latest update which is affecting sleep and study; Can this be addressed by the hostel management soon?",Hostel/Provost Office
I noticed that garbage is not being removed regularly from the hostel floor kindly sort this out.,Hostel/Provost Office
My complaint is that rainwater is entering the corridor through a damaged window during the last two classes and students are avoiding the room; Can maintenance please inspect the area and resolve it?,Maintenance & Facilities
i want to report that the admission office entered the wrong academic program in my record even after I reported it earlier. I checked the relevant notice and the information still does not match. Please check the payment or document status and correct it.,Administrative Offices
Please look into this issue: the projector displays a blank screen even though the laptop is connected since the start of this semester and restarting the device did not help. I would appreciate a proper technical fix for this issue.,IT Services
"Hi, my makeup exam application was approved but no exam schedule has been shared during the last two classes which may delay my graduation process. Kindly check this issue and update the academic record.",Academic
There is an issue with my university record: my financial aid application has not moved beyond initial review since yesterday and I am unable to complete the next step. Please verify the record and update it.,Administrative Offices
"For the past few days, I have not received feedback from my thesis supervisor for several weeks even after I reported it earlier. Please verify the record and correct it.",Academic
There is an issue with my university record: the classroom AC is running but not cooling the room which could become a safety issue. Please arrange proper repair rather than another temporary fix.,Maintenance & Facilities
I have been facing a problem where my university email is not receiving messages from official mailing lists which is causing delays in my coursework. Please troubleshoot this because the usual fixes have not worked.,IT Services
There is an issue with my university record: two-factor authentication codes for the portal arrive too late to use and the problem happens repeatedly. I would appreciate a proper technical fix for this issue.,IT Services
"Hi, I received conflicting instructions from the registrar and accounts office after the latest update. This is affecting a routine university task that I need to complete. Kindly ask the relevant office to resolve this issue.",Administrative Offices
Could you please check this? the printer in the student lab is showing an error for every print job during the last two classes and restarting the device did not help; Please restore access as soon as possible.,IT Services
"I have already tried to get this sorted, but the backup generator did not start during the last power outage since yesterday and it is especially difficult during afternoon classes; This needs to be fixed before it becomes a bigger problem.",Maintenance & Facilities
"I have already tried to get this sorted, but two of my final exams are scheduled at the same time for three days now can u check this please?",Academic
I have been facing a problem where my course section was changed without my request since yesterday. Please review the matter before the next academic deadline.,Academic
"Hi, the hostel room has a broken cupboard and damaged bed frame for three days now which is making it difficult to follow the hostel routine. Can this be addressed by the hostel management soon?",Hostel/Provost Office
I noticed that the campus WiFi connects but there is no internet access and I cannot complete my online work. Please troubleshoot this because the usual fixes have not worked.,IT Services
"I have already tried to get this sorted, but I received conflicting instructions from the registrar and accounts office so I need the administrative record corrected. Please check the payment or document status and correct it.",Administrative Offices
"Hi, clothes left in the hostel laundry area are being mixed up since yesterday. I am not sure who else to contact, so I am submitting this complaint. I request the provost office to investigate and take action.",Hostel/Provost Office
"I have already tried to get this sorted, but I received conflicting instructions from the registrar and accounts office. I am not sure who else to contact, so I am submitting this complaint. Please verify the record and update it.",Administrative Offices
"I want to report that the projector displays a blank screen even though the laptop is connected since the start of this semester please help, its still not fixed.",IT Services
I have been facing a problem where several ceiling fans in the lecture room are not working after the latest update. This is affecting a routine university task that I need to complete. Please have the facilities staff check this issue.,Maintenance & Facilities
"The grading rubric was not followed for my project evaluation for three days now. I have tried the normal procedure once already, but nothing changed. Kindly check this issue and update the academic record.",Academic
My complaint is that network access in the engineering block drops repeatedly so this needs technical support; Kindly have IT support investigate this.,IT Services
I am having a problem because the admission office has not updated my verification status for three days now and this is blocking another university process; Kindly ask the relevant office to resolve this issue.,Administrative Offices
The main building entrance becomes flooded after rain which is making the area difficult to use. Please arrange proper repair rather than another temporary fix.,Maintenance & Facilities
"I need help because my registered course disappeared after the add/drop period. The issue is not urgent in an emergency sense, but it needs proper attention. I would appreciate it if the department could resolve this soon.",Academic
Could you please check this? the hostel water dispenser is frequently empty during the last two classes which is making it difficult to follow the hostel routine; Can this be addressed by the hostel management soon?,Hostel/Provost Office
This is getting difficult because the final result shows a different grade from the one announced by the instructor since yesterday which may delay my graduation process. Please look into this because I have not been able to resolve it myself.,Academic
I need help because the grading rubric was not followed for my project evaluation. Please look into this because I have not been able to resolve it myself.,Academic
I need help because the timetable has overlapping lectures for two compulsory courses but the issue is still unresolved. Can someone please confirm the correct status and fix the error?,Academic
There is an issue with my university record: my roommate was changed without any prior notice since the start of this semester and it is becoming frustrating for residents; Kindly have the warden or provost office look into the issue.,Hostel/Provost Office
i have been facing a problem where garbage is not being removed regularly from the hostel floor this is causing alot of trouble.,Hostel/Provost Office
The online service becomes unavailable during registration hours which is causing delays in my coursework; Please check the system and resolve the technical issue.,IT Services
I want to report that the university WiFi keeps disconnecting in the library since the start of this semester. I checked the relevant notice and the information still does not match. Please check the system and resolve the technical issue.,IT Services
There is an issue with my university record: a refund approved earlier has still not been transferred which is causing unnecessary delay. Please resolve the discrepancy in the official record.,Administrative Offices
I need help because the registrar office has not issued a requested official document even after I reported it earlier this is causing alot of trouble.,Administrative Offices
My complaint is that the desks in the room are damaged and unstable for three days now and temporary fixes have not solved it. Can maintenance please inspect the area and resolve it?,Maintenance & Facilities
"For the past few days, two-factor authentication codes for the portal arrive too late to use even after I reported it earlier so I need the account or service checked. Please check the system and resolve the technical issue.",IT Services
Please look into this issue: my university email is not receiving messages from official mailing lists. Can the IT team check the account or service configuration?,IT Services
"For the past few days, my university email is not receiving messages from official mailing lists since the start of this semester. I have tried the normal procedure once already, but nothing changed. Can the IT team check the account or service configuration?",IT Services
Could you please check this? the toilet flush in the student washroom is broken since the start of this semester. Kindly arrange a repair as soon as possible.,Maintenance & Facilities
"For the past few days, the lights in our classroom keep flickering during lectures which is causing inconvenience to students and staff; Please arrange proper repair rather than another temporary fix.",Maintenance & Facilities
"For the past few days, the classroom AC is running but not cooling the room and students are avoiding the room. Can maintenance please inspect the area and resolve it?",Maintenance & Facilities
"My complaint is that the accounts office asked for the same payment proof multiple times for three days now. I have tried the normal procedure once already, but nothing changed. Please verify the record and update it.",Administrative Offices
"For the past few days, outgoing messages from my university email are being rejected since the start of this semster and the problem happens repeatedly; Please check the system and resolve the technical issue.",IT Services
Could you please check this? my submitted assignment is still showing as not submitted so I need the academic record checked. Please verify the record and correct it.,Academic
There is an issue with my university record: the mess food is often cold by the time students are served. Please arrange a proper solution for the affected residents.,Hostel/Provost Office
Please look into this issue: the elevator in the main block is out of service again after the latest update and temporary fixes have not solved it. Kindly arrange a repair as soon as possible.,Maintenance & Facilities
"Hi, my transcript is missing one completed course after the latest update. I checked the relevant notice and the information still does not match. Please look into this because I have not been able to resolve it myself.",Academic
My complaint is that the department server is unreachable from campus computers even after I reported it earlier and other students in the same area are facing it too. I would appreciate a proper technical fix for this issue.,IT Services
"Could you please check this? the accounts office has not reflected my bank payment. I am not sure who else to contact, so I am submitting this complaint. Please verify the record and update it.",Administrative Offices
"i have been facing a problem where the biometric system records entry but does not update attendance during the last two classes. The issue is not urgent in an emergency sense, but it needs proper attention. Please troubleshoot this because the usual fixes have not worked.",IT Services
Please look into this issue: the desks in the room are damaged and unstable for three days now. Please arrange proper repair rather than another temporary fix.,Maintenance & Facilities
"I have already tried to get this sorted, but the warden has not responded to repeated requests about a room issue even after I reported it earlier but there has been no proper response; Please arrange a proper solution for the affected residents.",Hostel/Provost Office
Could you please check this? the result portal shows an incomplete grade even though all work was submitted can u check this please?,Academic
"Hi, the study room is being locked during the hours it should be open for three days now and it is becoming frustrating for residents. Please ask the hostel administration to resolve this.",Hostel/Provost Office
"For the past few days, there is no water in the washrooms on our floor kindly sort this out.",Maintenance & Facilities
I need help because the biometric attendance device is not recognizing fingerprints. I checked the relevant notice and the information still does not match. Please restore access as soon as possible.,IT Services
"I have already tried to get this sorted, but my GPA calculation appears incorrect after the latest result since yesterday which is creating a problem with course registration. Please look into this because I have not been able to resolve it myself.",Academic
"This is getting difficult because the portal shows an error whenever I try to open my profile since yesterday please help, its still not fixed.",IT Services
Please look into this issue: the ceiling has damp patches and pieces of plaster are falling during the last two classes which is making the area difficult to use. Please arrange proper repair rather than another temporary fix.,Maintenance & Facilities
My complaint is that the timetable has overlapping lectures for two compulsory courses after the latest update i already reported it but no response yet.,Academic
I have been facing a problem where several classroom chairs have broken writing arms after the latest update. Please send the maintenance team to inspect and repair it.,Maintenance & Facilities
Could you please check this? the elevator stops between floors and feels unsafe since yesterday. Can maintenance please inspect the area and resolve it?,Maintenance & Facilities
"I have been facing a problem where my quiz marks were not included in the final course total since yesterday. I have tried the normal procedure once already, but nothing changed. I would appreciate it if the department could resolve this soon.",Academic
I am having a problem because my course section was changed without my request during the last two classes which may delay my graduation process. Please verify the record and correct it.,Academic
There is an issue with my univeristy record: the timetable shows a room and time that do not match the department notice even after i reported it earlier and this is affecting my semester planning. I would appreciate it if the department could resolve this soon.,Academic
Could you please check this? the room window does not close properly and insects enter at night even after I reported it earlier. This is affecting a routine university task that I need to complete. Please ask the hostel administration to resolve this.,Hostel/Provost Office
I noticed that my hostel room allocation is still pending even though the semester has started for three days now. I request the provost office to investigate and take action.,Hostel/Provost Office
Could you please check this? required software is missing from several computers in the lab since yesterday and restarting the device did not help. Kindly have IT support investigate this.,IT Services
The ceiling has damp patches and pieces of plaster are falling during the last two classes which could become a safety issue. Please arrange proper repair rather than another temporary fix.,Maintenance & Facilities
I have been facing a problem where several ceiling fans in the lecture room are not working since yesterday and it is disturbing classes; This needs to be fixed before it becomes a bigger problem.,Maintenance & Facilities
I noticed that there has been no electricity in part of the academic block since yesterday pls fix this soon.,Maintenance & Facilities
I want to report that I received conflicting instructions from the registrar and accounts office. I request that this matter be processed without further delay.,Administrative Offices
"Hi, the desks in the room are damaged and unstable even after i reported it earlier but no repair has been done yet. Please arrange proper repair rather than another temporary fix.",Maintenance & Facilities
"I have already tried to get this sorted, but the mess menu is repeatedly changed without notice which is making it difficult to follow the hostel routine. I request the provost office to investigate and take action.",Hostel/Provost Office
"i have been facing a problem where my security deposit refund is still pending after clearance since yesterday. I am not sure who else to contact, so I am submitting this complaint. Can the administrative office review this and provide the correct status?",Administrative Offices
"My thesis supervisor has not been assigned even though the deadline passed after the latest update please help, its still not fixed.",Academic
Power sockets in the classroom are loose and unsafe to use for three days now. This needs to be fixed before it becomes a bigger problem.,Maintenance & Facilities
I am having a problem because the computer lab PCs are taking a very long time to log in even after I reported it earlier but the issue still continues. Please restore access as soon as possible.,IT Services
"I have already tried to get this sorted, but the elevator in the main block is out of service again after the latest update. Can maintenance please inspect the area and resolve it?",Maintenance & Facilities
I want to report that the projector displays a blank screen even though the laptop is connected i already reported it but no response yet.,IT Services
"I have already tried to get this sorted, but the LMS is not showing one of my registered courses since yesterday i already reported it but no response yet.",IT Services
This is getting difficult because the computer lab PCs are taking a very long time to log in since last week which is interrupting classes and assignments; Please check the system and resolve the technical issue.,IT Services
"Hi, the hot water supply stops before the announced timing for three days now. I am not sure who else to contact, so I am submitting this complaint. Please check the hostel record and fix the problem.",Hostel/Provost Office
I have been facing a problem where I was marked absent in a class where I signed the attendance sheet. This is affecting a routine university task that I need to complete. Please look into this because I have not been able to resolve it myself.,Academic
The accounts office asked for the same payment proof multiple times since the start of this semester so I need clarification and correction. I request that this matter be processed without further delay.,Administrative Offices
Internet speed in the lab is too slow to access course material since the start of this semester so I need the account or service checked. Please troubleshoot this because the usual fixes have not worked.,IT Services
Please look into this issue: the campus WiFi connects but there is no internet access after the latest update. This is affecting a routine university task that I need to complete. Please check the system and resolve the technical issue.,IT Services
I am having a problem because garbage is not being removed regularly from the hostel floor and it is becoming frustrating for residents. Can this be addressed by the hostel management soon?,Hostel/Provost Office
My complaint is that the registration system says the course is full even though seats were announced even after I reported it earlier. I checked the relevant notice and the information still does not match. Please verify the record and correct it.,Academic
This is getting difficult because the projector displays a blank screen even though the laptop is connected since yesterday and I cannot complete my online work. I would appreciate a proper technical fix for this issue.,IT Services
"I have already tried to get this sorted, but the common room furniture is damaged and unusable since the start of this semester which is affecting sleep and study; Kindly have the warden or provost office look into the issue.",Hostel/Provost Office
A prerequisite is being shown as incomplete although I passed it and I am worried it may affect my GPA. Can someone please confirm the correct status and fix the error?,Academic
Could you please check this? my GPA calculation appears incorrect after the latest result for three days now. Kindly check this issue and update the academic record.,Academic
I noticed that the admission office entered the wrong academic program in my record since the start of this semester can u check this please?,Administrative Offices
I noticed that my GPA calculation appears incorrect after the latest result during the last two classes and I am worried it may affect my GPA; Can someone please confirm the correct status and fix the error?,Academic
I noticed that two-factor authentication codes for the portal arrive too late to use for three days now i already reported it but no response yet.,IT Services
There is an issue with my university record: my security deposit refund is still pending after clearance since last week which is causing unnecessary delay; Can the administrative office review this and provide the corect status?,Administrative Offices
I need help because one of the lab computers keeps restarting by itself and restarting the device did not help. Kindly have IT support investigate this.,IT Services
I am having a problem because the licensed software on the lab PC says the activation has expired since the start of this semester. Please check the system and resolve the technical issue.,IT Services
Please look into this issue: the timetable shows a room and time that do not match the department notice for three days now. Please verify the record and correct it.,Academic
Could you please check this? a repeated complaint about hostel room cleanliness has not been addressed which is making it difficult to follow the hostel routine. Can this be addressed by the hostel management soon?,Hostel/Provost Office
"For the past few days, a classroom door lock is jammed and the room cannot be secured even after I reported it earlier. Kindly arrange a repair as soon as possible.",Maintenance & Facilities
Clothes left in the hostel laundry area are being mixed up so I need the provost office to check the matter; Please ask the hostel administration to resolve this.,Hostel/Provost Office
I want to report that there has been no electricity in part of the academic block and it is disturbing classes. Please send the maintenance team to inspect and repair it.,Maintenance & Facilities
I am having a problem because my quiz marks were not included in the final course total since last week pls fix this soon.,Academic
Could you please check this? the warden has not responded to repeated requests about a room issue and it is causing problems with daily hostel life. Please check the hostel record and fix the problem.,Hostel/Provost Office
My complaint is that my attendance percentage is lower than the classes I actually attended since yesterday so I need the academic record checked. Kindly check this issue and update the academic record.,Academic
"For the past few days, the room allocation list shows the wrong hostel block for me during the last two classes. Please check the hostel record and fix the problem.",Hostel/Provost Office
"Hi, the fee challan generated by the portal has the wrong amount during the last two classes which is causing unnecessary delay. I request that this matter be processed without further delay.",Administrative Offices
"i have already tried to get this sorted, but the assignment grade was entered under the wrong student record since the start of this semester so I need the academic record checked. Can someone please confirm the correct status and fix the error?",Academic
"Please look into this issue: a submitted document is still marked as missing in the administrative record. The issue is not urgent in an emergency sense, but it needs proper attention. Can the administrative office review this and provide the correct status?",Administrative Offices
"I have already tried to get this sorted, but the campus WiFi connects but there is no internet access. I have tried the normal procedure once already, but nothing changed. Please check the system and resolve the technical issue.",IT Services
My admission application shows incomplete documents although everything was submitted even after I reported it earlier and I have visited the office more than once. Kindly ask the relevant office to resolve this issue.,Administrative Offices
This is getting difficult because the online service becomes unavailable during registration hours during the last two classes and restarting the device did not help; Kindly have IT support investigate this.,IT Services
I am having a problem because the biometric system records entry but does not update attendance during the last two classes and it is affecting access to university systems. Kindly have IT support investigate this.,IT Services
Could you please check this? my hostel room allocation is still pending even though the semester has started since last week but there has been no proper response. Please arrange a proper solution for the affected residents.,Hostel/Provost Office
"Could you please check this? there is no hot water in the hostel bathrooms in the morning after the latest update. I have tried the normal procedure once already, but nothing changed. I request the provost office to investigate and take action.",Hostel/Provost Office
This is getting difficult because the online service becomes unavailable during registration hours so this needs technical support. Can the IT team check the account or service configuration?,IT Services
I need help because the assignment grade was entered under the wrong student record even after I reported it earlier. I checked the relevant notice and the information still does not match. Kindly check this issue and update the academic record.,Academic
There is an issue with my university record: the accounts office says my refund is processed but I have not received it can u check this please?,Administrative Offices
I have been facing a problem where the hostel water dispenser is frequently empty. Please ask the hostel administration to resolve this.,Hostel/Provost Office
I have been facing a problem where clothes left in the hostel laundry area are being mixed up after the latest update this is causing alot of trouble.,Hostel/Provost Office
The washroom drainage is blocked and water is collecting on the floor during the last two classes. This needs to be fixed before it becomes a bigger problem.,Maintenance & Facilities
My submitted assignment is still showing as not submitted since yesterday. I checked the relevant notice and the information still does not match. I would appreciate it if the department could resolve this soon.,Academic
I noticed that clothes left in the hostel laundry area are being mixed up which is making it difficult to follow the hostel routine. Can this be addressed by the hostel management soon?,Hostel/Provost Office
There is an issue with my university record: the laundry machines have been out of order for several days during the last two classes and the situation is getting worse. Can this be addressed by the hostel management soon?,Hostel/Provost Office
I need help because the portal shows an error whenever I try to open my profile even after I reported it earlier kindly sort this out.,IT Services
There is an issue with my university record: the room window does not close properly and insects enter at night since the start of this semester but there has been no proper response. Can this be addressed by the hostel management soon?,Hostel/Provost Office
Could you please check this? a classroom door lock is jammed and the room cannot be secured even after I reported it earlier. Please arrange proper repair rather than another temporary fix.,Maintenance & Facilities
I am having a problem because I was marked absent in a class where I signed the attendance sheet since yesterday and this is affecting my semester planning; Please look into this because I have not been able to resolve it myself.,Academic
"For the past few days, my hostel room allocation is still pending even though the semester has started so the hostel staff need to resolve it; Please check the hostel record and fix the problem.",Hostel/Provost Office
I am having a problem because the fee challan generated by the portal has the wrong amount since the start of this semester and I am unable to complete the next step. Can the administrative office review this and provide the correct status?,Administrative Offices
"Could you please check this? the department server is unreachable from campus computers. I have tried the normal procedure once already, but nothing changed. Kindly have IT support investigate this.",IT Services
"My complaint is that uploaded lecture files on the LMS are not opening since yesterday. I am not sure who else to contact, so I am submitting this complaint. I would appreciate a proper technical fix for this issue.",IT Services
There is an issue with my university record: the accounts office asked for the same payment proof multiple times even after I reported it earlier. This is affecting a routine university task that I need to complete. Please check the payment or document status and correct it.,Administrative Offices
There is an issue with my university record: the student parking gate is damaged and difficult to open after the latest update which could become a safety issue; Please have the facilities staff check this issue.,Maintenance & Facilities
"I noticed that sevrall ceiling fans in the lecture room are not working pls help, its still not fixed.",Maintenance & Facilities
My complaint is that the washroom drainage is blocked and water is collecting on the floor since the start of this semester so the facility needs attention. Can maintenance please inspect the area and resolve it?,Maintenance & Facilities
I am having a problem because my hostel room allocation is still pending even though the semester has started for three days now this is causing alot of trouble.,Hostel/Provost Office
I am having a problem because my makeup exam application was approved but no exam schedule has been shared after the latest update so I cannot confirm whether my record is correct. Can someone please confirm the correct status and fix the error?,Academic
Power sockets in the classroom are loose and unsafe to use during the last two classes can u check this please?,Maintenance & Facilities
Could you please check this? my GPA calculation appears incorrect after the latest result even after I reported it earlier i already reported it but no response yet.,Academic
Please look into this issue: my makeup exam application was approved but no exam schedule has been shared for three days now and the deadline is getting very close. Kindly check this issue and update the academic record.,Academic
"This is getting difficult because rainwater is entering the corridor through a damaged window since yesterday. The issue is not urgent in an emergency sense, but it needs proper attention. Kindly arrange a repair as soon as possible.",Maintenance & Facilities
This is getting difficult because the curfew entry record shows me late even though I entered before closing time after the latest update and the situation is getting worse. Please arrange a proper solution for the affected residents.,Hostel/Provost Office
Please look into this issue: the department server is unreachable from campus computers since last week. Please restore access as soon as possible.,IT Services
I want to report that power sockets in the classroom are loose and unsafe to use kindly sort this out.,Maintenance & Facilities
There is an issue with my university record: a prerequisite is being shown as incomplete although I passed it. This is affecting a routine university task that I need to complete. Please review the matter before the next academic deadline.,Academic
There is an issue with my university record: the hot water supply stops before the announced timing since last week. I checked the relevant notice and the information still does not match. I request the provost office to investigate and take action.,Hostel/Provost Office
My scholarship amount has not been adjusted in the semester fee after the latest update which may affect my registration. Can the administrative office review this and provide the correct status?,Administrative Offices
"Please look into this issue: the projector displays a blank screen even though the laptop is connected. I am not sure who else to contact, so I am submitting this complaint. Kindly have IT support investigate this.",IT Services
I need help because a washroom tap has been leaking continuously this is causing alot of trouble.,Maintenance & Facilities
"For the past few days, my security deposit refund is still pending after clearance so I need clarification and correction. Please check the payment or document status and correct it.",Administrative Offices
"I have already tried to get this sorted, but network access in the engineering block drops repeatedly. Please check the system and resolve the technical issue.",IT Services
"For the past few days, the result portal shows an incomplete grade even though all work was submitted please help, its still not fixed.",Academic
This is getting difficult because I have not received feedback from my thesis supervisor for several weeks and I am worried it may affect my GPA. Please review the matter before the next academic deadline.,Academic
Please look into this issue: the air conditioner is leaking water onto the floor after the latest update which is causing inconvenience to students and staff; Please arrange proper repair rather than another temporary fix.,Maintenance & Facilities
"I have already tried to get this sorted, but the licensed software on the lab PC says the activation has expired this is causing alot of trouble.",IT Services
The registrar office has not issued a requested official document and the deadline is approaching. Please verify the record and update it.,Administrative Offices
This is getting difficult because my university account password reset link is not working after the latest update. Please restore access as soon as possible.,IT Services
I need help because my scholarship amount has not been adjusted in the semester fee so I need clarification and correction. Kindly ask the relevant office to resolve this issue.,Administrative Offices
"I have already tried to get this sorted, but my scholarship amount has not been adjusted in the semester fee and I have visited the office more than once. I request that this matter be processed without further delay.",Administrative Offices
i want to report that a drainage channel near the department building is overflowing since yesterday so the facility needs attention. Can maintenance please inspect the area and resolve it?,Maintenance & Facilities
My complaint is that network access in the engineering block drops repeatedly during the last two classes and restarting the device did not help; I would appreciate a proper technical fix for this issue.,IT Services
"I have already tried to get this sorted, but the hostel water dispenser is frequently empty. Please arrange a proper solution for the affected residents.",Hostel/Provost Office
I want to report that the fee installment approval is not reflected in the system. I checked the relevant notice and the information still does not match. Can the administrative office review this and provide the correct status?,Administrative Offices
I want to report that the air conditioner is leaking water onto the floor after the latest update and students are avoiding the room; Please send the maintenance team to inspect and repair it.,Maintenance & Facilities
The desks in the room are damaged and unstable after the latest update. Please send the maintenance team to inspect and repair it.,Maintenance & Facilities
"There is an issue with my university record: garbage is not being removed regularly from the hostel floor since yesterday. I am not sure who else to contact, so I am submitting this complaint. Please arrange a proper solution for the affected residents.",Hostel/Provost Office
"I have already tried to get this sorted, but the projector displays a blank screen even though the laptop is connected kindly sort this out.",IT Services
"Hi, my admission application shows incomplete documents although everything was submitted since yesterday and I am unable to complete the next step. Please resolve the discrepancy in the official record.",Administrative Offices
"I have already tried to get this sorted, but outgoing messages from my university email are being rejected after the latest update. I checked the relevant notice and the information still does not match. I would appreciate a proper technical fix for this issue.",IT Services
I need help because the hostel water dispenser is frequently empty after the latest update but there has been no proper response. Please arrange a proper solution for the affected residents.,Hostel/Provost Office
Internet speed in the lab is too slow to access course material. Please restore access as soon as possible.,IT Services
"Hi, the fee installment approval is not reflected in the system please help, its still not fixed.",Administrative Offices
Please look into this issue: two-factor authentication codes for the portal arrive too late to use since last week. Please check the system and resolve the technical issue.,IT Services
I noticed that the elevator stops between floors and feels unsafe even after I reported it earlier can u check this please?,Maintenance & Facilities
My complaint is that the classroom AC is running but not cooling the room and students are avoiding the room. This needs to be fixed before it becomes a bigger problem.,Maintenance & Facilities
"I am having a problem because the campus WiFi connects but there is no internet access since last week. I am not sure who else to contact, so I am submitting this complaint. Please restore access as soon as possible.",IT Services
I want to report that the university portal is not loading after I sign in. This is affecting a routine university task that I need to complete. Kindly have IT support investigate this.,IT Services
This is getting difficult because the mess food is often cold by the time students are served and it is becoming frustrating for residents. Can this be addressed by the hostel management soon?,Hostel/Provost Office
"Could you please check this? the fee challan generated by the portal has the wrong amount. I am not sure who else to contact, so I am submitting this complaint. I request that this matter be processed without further delay.",Administrative Offices
This is getting difficult because the registrar office has not issued a requested official document since yesterday can u check this please?,Administrative Offices
I noticed that the hostel water dispenser is frequently empty which is affecting sleep and study. Kindly have the warden or provost office look into the issue.,Hostel/Provost Office
"I have already tried to get this sorted, but the network printer accepts jobs but does not print anything. I am not sure who else to contact, so I am submitting this complaint. Please check the system and resolve the technical issue.",IT Services
"Please look into this issue: a repeated complaint about hostel room cleanliness has not been addressed since last week. I am not sure who else to contact, so I am submitting this complaint. Can this be addressed by the hostel management soon?",Hostel/Provost Office
I need help because the lights in our classroom keep flickering during lectures. This is affecting a routine university task that I need to complete. Please arrange proper repair rather than another temporary fix.,Maintenance & Facilities
"There is an issue with my university record: the projector displays a blank screen even though the laptop is connected since yesterday. I am not sure who else to contact, so I am submitting this complaint. Kindly have IT support investigate this.",IT Services
"Hi, I was marked absent in a class where I signed the attendance sheet and the deadline is getting very close. Can someone please confirm the correct status and fix the error?",Academic
"Hi, my university email is not receiving messages from official mailing lists since the start of this semester. I have tried the normal procedure once already, but nothing changed. Please troubleshoot this because the usual fixes have not worked.",IT Services
There is an issue with my university record: a washroom tap has been leaking continuously after the latest update pls fix this soon.,Maintenance & Facilities
My complaint is that internet speed in the lab is too slow to access course material during the last two classes and it is affecting access to university systems; I would appreciate a proper technical fix for this issue.,IT Services
"This is getting difficult because the hostel entrance security check is not being done consistently please help, its still not fixed.",Hostel/Provost Office
Could you please check this? my semester fee payment is complete but the account still shows an unpaid balance during the last two classes but the status has not changed. Please verify the record and update it.,Administrative Offices
I was charged a late fee even though I paid before the deadline. This is affecting a routine university task that I need to complete. I request that this matter be processed without further delay.,Administrative Offices
I want to report that the elevator stops between floors and feels unsafe since the start of this semester. Please have the facilities staff check this issue.,Maintenance & Facilities
I noticed that internet speed in the lab is too slow to access course material even after I reported it earlier. I would appreciate a proper technical fix for this issue.,IT Services
I have been facing a problem where the exam date was changed without a clear notice i already reported it but no response yet.,Academic
"I am having a problem because the room allocation list shows the wrong hostel block for me even after I reported it earlier. I have tried the normal procedure once already, but nothing changed. Please arrange a proper solution for the affected residents.",Hostel/Provost Office
I have been facing a problem where the network printer accepts jobs but doesnt print anything which is interrupting classes and assignments. Please restore access as soon as possible.,IT Services
There is an issue with my university record: the corridor floor tiles are broken and causing people to trip for three days now. Kindly arrange a repair as soon as possible.,Maintenance & Facilities
"I have already tried to get this sorted, but the warden has not responded to repeated requests about a room issue during the last two classes kindly sort this out.",Hostel/Provost Office
"I have already tried to get this sorted, but the washroom drainage is blocked and water is collecting on the floor since yesterday so the facility needs attention; Kindly arrange a repair as soon as possible.",Maintenance & Facilities
My complaint is that the study room is being locked during the hours it should be open since last week so the hostel staff need to resolve it; Please check the hostel record and fix the problem.,Hostel/Provost Office
Please look into this issue: the classroom projector loses connection every few minutes during the last two classes i already reported it but no response yet.,IT Services
"I have been facing a problem where the registrar office has not issued a requested official document for three days now. I am not sure who else to contact, so I am submitting this complaint. Please resolve the discrepancy in the official record.",Administrative Offices
Could you please check this? there is a serious noise problem from the neighboring hostel room late at night since the start of this semester which is affecting sleep and study. Please check the hostel record and fix the problem.,Hostel/Provost Office
Could you please check this? my transcript is missing one completed course since the start of this semester. Please look into this because I have not been able to resolve it myself.,Academic
"For the past few days, my midterm marks are missing from the portal and this is affecting my semester planning. Can someone please confirm the correct status and fix the error?",Academic
I noticed that the department server is unreachable from campus computers after the latest update and I cannot complete my online work. Please troubleshoot this because the usual fixes have not worked.,IT Services
I need help because two of my final exams are scheduled at the same time during the last two classes which may delay my graduation process. Please look into this because I have not been able to resolve it myself.,Academic
Please look into this issue: the printer in the student lab is showing an error for every print job since yesterday which is causing delays in my coursework; Can the IT team check the account or service configuration?,IT Services
Please look into this issue: my attendance percentage is lower than the classes i actually attended. Please verify the record and corect it.,Academic
"Hi, the printer in the student lab is showing an error for every print job after the latest update so i need the account or service checked. Please check the system and resolve the technical issue.",IT Services
I noticed that the study room is being locked during the hours it should be open even after I reported it earlier i already reported it but no response yet.,Hostel/Provost Office
I need help because a classroom door lock is jammed and the room cannot be secured for three days now which is causing inconvenience to students and staff. Kindly arrange a repair as soon as possible.,Maintenance & Facilities
"For the past few days, the financial aid amount shown is different from the approved amount and the deadline is approaching. Kindly ask the relevant office to resolve this issue.",Administrative Offices
My complaint is that the admission office entered the wrong academic program in my record since yesterday so I need clarification and correction; Kindly ask the relevant office to resolve this issue.,Administrative Offices
Could you please check this? my hostel room allocation is still pending even though the semester has started since the start of this semester which is affecting sleep and study. Can this be addressed by the hostel management soon?,Hostel/Provost Office
"I need help because the university WiFi keeps disconnecting in the library after the latest update. I am not sure who else to contact, so I am submitting this complaint. I would appreciate a proper technical fix for this issue.",IT Services
This is getting difficult because the LMS is not showing one of my registered courses since the start of this semester. This is affecting a routine university task that I need to complete. Can the IT team check the account or service configuration?,IT Services
"For the past few days, the ceiling has damp patches and pieces of plaster are falling since last week. Please send the maintenance team to inspect and repair it.",Maintenance & Facilities
My complaint is that the air conditioner is leaking water onto the floor since last week can u check this please?,Maintenance & Facilities
Please look into this issue: my official document request was closed without issuing the document since yesterday so I need clarification and correction. Please verify the record and update it.,Administrative Offices
I want to report that the certificate I collected contains a spelling error in the program title and this is blocking another university process. Please resolve the discrepancy in the official record.,Administrative Offices
I noticed that two-factor authentication codes for the portal arrive too late to use after the latest update which is causing delays in my coursework. Please troubleshoot this because the usual fixes have not worked.,IT Services
"Hi, the warden has not responded to repeated requests about a room issue during the last two classes. Kindly have the warden or provost office look into the issue.",Hostel/Provost Office
Could you please check this? my official document request was closed without issuing the document since the start of this semester can u check this please?,Administrative Offices
Please look into this issue: my thesis supervisor has not been assigned even though the deadline passed so I cannot confirm whether my record is correct. Please review the matter before the next academic deadline.,Academic
My complaint is that the fee installment approval isnt reflected in the system even after I reported it earlier this is causing alot of trouble.,Administrative Offices
"Please look into this issue: the elevator stops between floors and feels unsafe during the last two classes. I am not sure who else to contact, so I am submitting this complaint. Can maintenance please inspect the area and resolve it?",Maintenance & Facilities
My complaint is that my university account password reset link is not working since the start of this semester. I checked the relevant notice and the information still does not match. I would appreciate a proper technical fix for this issue.,IT Services
"Hi, my security deposit refund is still pending after clearance during the last two classes. This is affecting a routine university task that I need to complete. Please check the payment or document status and correct it.",Administrative Offices
"My complaint is that the timetable has overlapping lectures for two compulsory courses for three days now. I have tried the normal procedure once already, but nothing changed. Please verify the record and correct it.",Academic
"I want to report that the elevator in the main block is out of service again since last week please help, its still not fixed.",Maintenance & Facilities
My complaint is that my university email is not receiving messages from official mailing lists since last week this is causing alot of trouble.,IT Services
I have been facing a problem where uploaded lecture files on the LMS are not opening can u check this please?,IT Services
I am having a problem because the mess food is often cold by the time students are served since yesterday and it is causing problems with daily hostel life. I request the provost office to investigate and take action.,Hostel/Provost Office
I have been facing a problem where the study room is being locked during the hours it should be open during the last two classes and the situation is getting worse; I request the provost office to investigate and take action.,Hostel/Provost Office
A required course is not appearing in course registration since the start of this semester which may delay my graduation process; Please look into this because I have not been able to resolve it myself.,Academic
"I have already tried to get this sorted, but I was marked absent in a class where I signed the attendance sheet even after I reported it earlier so I cannot confirm whether my record is correct; Please review the matter before the next academic deadline.",Academic
"I have already tried to get this sorted, but the hostel gate was locked earlier than the official curfew time after the latest update. The issue is not urgent in an emergency sense, but it needs proper attention. Please ask the hostel administration to resolve this.",Hostel/Provost Office
My complaint is that the accounts office says my refund is processed but I have not received it since yesterday can u check this please?,Administrative Offices
This is getting difficult because the assignment grade was entered under the wrong student record after the latest update. I checked the relevant notice and the information still does not match. Please review the matter before the next academic deadline.,Academic
"My complaint is that my scholarship amount has not been adjusted in the semester fee. The issue is not urgent in an emergency sense, but it needs proper attention. Can the administrative office review this and provide the correct status?",Administrative Offices
I noticed that the student parking gate is damaged and difficult to open. I checked the relevant notice and the information still does not match. This needs to be fixed before it becomes a bigger problem.,Maintenance & Facilities
I am having a problem because the timetable shows a room and time that do not match the department notice even after I reported it earlier which may delay my graduation process. Please look into this because I have not been able to resolve it myself.,Academic
I need help because the elevator in the main block is out of service again during the last two classes. I checked the relevant notice and the information still doesnt match. Can maintenance please inspect the area and resolve it?,Maintenance & Facilities
"This is getting difficult because my thesis supervisor has not been assigned even though the deadline passed since the start of this semester. I am not sure who else to contact, so I am submitting this complaint. Please look into this because I have not been able to resolve it myself.",Academic
"I have already tried to get this sorted, but the certificate I collected contains a spelling error in the program title which is causing unnecessary delay; Please verify the record and update it.",Administrative Offices
"Hi, the LMS is not showing one of my registered courses this is causing alot of trouble.",IT Services
My complaint is that rainwater is entering the corridor through a damaged window during the last two classes and students are avoiding the room. Can maintenance please inspect the area and resolve it?,Maintenance & Facilities
Rainwater is entering the corridor through a damaged window which is making the area difficult to use; Please have the facilities staff check this issue.,Maintenance & Facilities
There is an issue with my university record: the financial aid amount shown is different from the approved amount since the start of this semester. Please resolve the discrepancy in the official record.,Administrative Offices
"Hi, there has been no electricity in part of the academic block after the latest update which is making the area difficult to use. Please arrange proper repair rather than another temporary fix.",Maintenance & Facilities
I want to report that the registration system says the course is full even though seats were announced even after I reported it earlier and the deadline is getting very close. Kindly check this issue and update the academic record.,Academic
"For the past few days, my student card renewal request is still pending. I am not sure who else to contact, so I am submitting this complaint. Please check the payment or document status and correct it.",Administrative Offices
I have been facing a problem where my security deposit refund is still pending after clearance after the latest update. Please resolve the discrepancy in the official record.,Administrative Offices
I need help because the computer lab PCs are taking a very long time to log in. I checked the relevant notice and the information still does not match. Can the IT team check the account or service configuration?,IT Services
Could you please check this? the result portal shows an incomplete grade even though all work was submitted so I need the academic record checked; I would appreciate it if the department could resolve this soon.,Academic
"I am having a problem because the certificate I collected contains a spelling error in the program title during the last two classes. I have tried the normal procedure once already, but nothing changed. Can the administrative office review this and provide the correct status?",Administrative Offices
I have been facing a problem where the timetable has overlapping lectures for two compulsory courses so I cannot confirm whether my record is correct. Please review the matter before the next academic deadline.,Academic
I have been facing a problem where the timetable shows a room and time that do not match the department notice even after I reported it earlier. I checked the relevant notice and the information still does not match. Please verify the record and correct it.,Academic
I am having a problem because the classroom AC is running but not cooling the room and the problem has continued for several days; Kindly arrange a repair as soon as possible.,Maintenance & Facilities
My complaint is that garbage is not being removed regularly from the hostel floor even after I reported it earlier this is causing alot of trouble.,Hostel/Provost Office
"Hi, a submitted document is still marked as missing in the administrative record for three days now. Please verify the record and update it.",Administrative Offices
I am having a problem because I was charged a late fee even though I paid before the deadline after the latest update this is causing alot of trouble.,Administrative Offices
My complaint is that my admission application shows incomplete documents although everything was submitted for three days now pls fix this soon.,Administrative Offices
I have been facing a problem where the hostel entrance security check is not being done consistently can u check this please?,Hostel/Provost Office
My complaint is that required software is missing from several computers in the lab. This is affecting a routine university task that I need to complete. Kindly have IT support investigate this.,IT Services
"The university portal is not loading after I sign in since last week. I have tried the normal procedure once already, but nothing changed. Please troubleshoot this because the usual fixes have not worked.",IT Services
"There is an issue with my univeristy record: several classroom chairs have broken writing arms even after I reported it earlier. I have tried the normal procedure once already, but nothing changed. This needs to be fixed before it becomes a bigger problem.",Maintenance & Facilities
I need help because my scholarship amount has not been adjusted in the semester fee after the latest update. Can the administrative office review this and provide the correct status?,Administrative Offices
"I have been facing a problem where my university email is not receiving messages from official mailing lists since last week please help, its still not fixed.",IT Services
My complaint is that the hostel corridor has not been cleaned properly for days even after i reported it earlier which is making it difficult to follow the hostel routine. Please ask the hostel administration to resolve this.,Hostel/Provost Office
I noticed that the network printer accepts jobs but does not print anything even after I reported it earlier and other students in the same area are facing it too; Please restore access as soon as possible.,IT Services
My complaint is that the elevator in the main block is out of service again after the latest update. Please send the maintenance team to inspect and repair it.,Maintenance & Facilities
"Hi, I am locked out of my university account even after resetting the password after the latest update and other students in the same area are facing it too; Please restore access as soon as possible.",IT Services
I need help because the mess food is often cold by the time students are served even after I reported it earlier and the situation is getting worse; I request the provost office to investigate and take action.,Hostel/Provost Office
"This is getting difficult because a submitted document is still marked as missing in the administrative record for three days now. I have tried the normal procedure once already, but nothing changed. Can the administrative office review this and provide the correct status?",Administrative Offices
"Hi, internet speed in the lab is too slow to access course material since the start of this semester this is causing alot of trouble.",IT Services
My complaint is that I received conflicting instructions from the registrar and accounts office this is causing alot of trouble.,Administrative Offices
I have been facing a problem where clothes left in the hostel laundry area are being mixed up. I request the provost office to investigate and take action.,Hostel/Provost Office
"I have already tried to get this sorted, but the fee challan generated by the portal has the wrong amount since last week and the deadline is approaching. Please check the payment or document status and correct it.",Administrative Offices
The common room furniture is damaged and unusable since yesterday so I need the provost office to check the matter; Kindly have the warden or provost office look into the issue.,Hostel/Provost Office
"I am having a problem because my submitted assignment is still showing as not submitted during the last two classes. The issue is not urgent in an emergency sense, but it needs proper attention. Can someone please confirm the correct status and fix the error?",Academic
"For the past few days, outgoing messages from my university email are being rejected during the last two classes so this needs technical support. Please restore access as soon as possible.",IT Services
I need help because the timetable shows a room and time that do not match the department notice even after I reported it earlier. This is affecting a routine university task that I need to complete. Please look into this because I have not been able to resolve it myself.,Academic
There is an issue with my university record: my midterm marks are missing from the portal since last week. I checked the relevant notice and the information still does not match. Kindly check this issue and update the academic record.,Academic
Could you please check this? the toilet flush in the student washroom is broken since last week. Can maintenance please inspect the area and resolve it?,Maintenance & Facilities
I have been facing a problem where garbage is not being removed regularly from the hostel floor since yesterday this is causing alot of trouble.,Hostel/Provost Office
"For the past few days, the washroom drainage is blocked and water is collecting on the floor even after i reported it earlier please help, its still not fixed.",Maintenance & Facilities
Please look into this issue: two of my final exams are scheduled at the same time this is causing alot of trouble.,Academic
I have been facing a problem where the elevator stops between floors and feels unsafe and the problem has continued for several days. Please arrange proper repair rather than another temporary fix.,Maintenance & Facilities
I noticed that the registrar office has not issued a requested official document and this is blocking another university process. Please check the payment or document status and correct it.,Administrative Offices
Could you please check this? the exam date was changed without a clear notice so I cant confirm whether my record is correct. Can someone please confirm the correct status and fix the error?,Academic
This is getting difficult because two-factor authentication codes for the portal arrive too late to use even after I reported it earlier. Please troubleshoot this because the usual fixes have not worked.,IT Services
"I have already tried to get this sorted, but the exam date was changed without a clear notice and I do not know which information to follow; I would appreciate it if the department could resolve this soon.",Academic
There is an issue with my university record: the toilet flush in the student washroom is broken since last week pls fix this soon.,Maintenance & Facilities
Please look into this issue: my university email is not receiving messages from official mailing lists and restarting the device did not help. I would appreciate a proper technical fix for this issue.,IT Services
I need help because the financial aid amount shown is different from the approved amount since yesterday. Kindly ask the relevant office to resolve this issue.,Administrative Offices
I noticed that the hostel entrance security check is not being done consistently since last week so the hostel staff need to resolve it; Please check the hostel record and fix the problem.,Hostel/Provost Office
This is getting difficult because the student parking gate is damaged and difficult to open for three days now this is causing alot of trouble.,Maintenance & Facilities
"Hi, my course section was changed without my request during the last two classes which is creating a problem with course registration; Please verify the record and correct it.",Academic
My university email is not receiving messages from official mailing lists during the last two classes which is causing delays in my coursework. Please troubleshoot this because the usual fixes have not worked.,IT Services
Outgoing messages from my university email are being rejected after the latest update. I checked the relevant notice and the information still does not match. Please check the system and resolve the technical issue.,IT Services
I want to report that the certificate I collected contains a spelling error in the program title since yesterday and I have visited the office more than once. Please resolve the discrepancy in the official record.,Administrative Offices
I need help because the fee challan generated by the portal has the wrong amount since yesterday i already reported it but no response yet.,Administrative Offices
"For the past few days, the biometric system records entry but does not update attendance after the latest update. Please restore access as soon as possible.",IT Services
"For the past few days, the hostel room has a broken cupboard and damaged bed frame. This is affecting a routine university task that I need to complete. Please arrange a proper solution for the affected residents.",Hostel/Provost Office
I want to report that the elevator in the main block is out of service again during the last two classes kindly sort this out.,Maintenance & Facilities
Please look into this issue: the desks in the room are damaged and unstable since yesterday can u check this please?,Maintenance & Facilities
"I have already tried to get this sorted, but the hostel gate was locked earlier than the official curfew time since the start of this semester. The issue is not urgent in an emergency sense, but it needs proper attention. Please ask the hostel administration to resolve this.",Hostel/Provost Office
I want to report that the result portal shows an incomplete grade even though all work was submitted. Kindly check this issue and update the academic record.,Academic
My complaint is that the room allocation list shows the wrong hostel block for me even after I reported it earlier. This is affecting a routine university task that I need to complete. Please check the hostel record and fix the problem.,Hostel/Provost Office
This is getting difficult because the hostel corridor has not been cleaned properly for days for three days now which is making it difficult to follow the hostel routine; Can this be addressed by the hostel management soon?,Hostel/Provost Office
I noticed that my makeup exam application was approved but no exam schedule has been shared. This is affecting a routine university task that I need to complete. Please verify the record and correct it.,Academic
I noticed that the desks in the room are damaged and unstable and students are avoiding the room. Can maintenance please inspect the area and resolve it?,Maintenance & Facilities
I am having a problem because my semester fee payment is complete but the account still shows an unpaid balance after the latest update kindly sort this out.,Administrative Offices
The exam date was changed without a clear notice since the start of this semester pls fix this soon.,Academic
I am having a problem because the LMS is not showing one of my registered courses since yesterday and other students in the same area are facing it too. I would appreciate a proper technical fix for this issue.,IT Services
I have been facing a problem where the student parking gate is damaged and difficult to open since the start of this semester can u check this please?,Maintenance & Facilities
Could you please check this? the fee installment approval is not reflected in the system since last week which may affect my registration; Kindly ask the relevant office to resolve this issue.,Administrative Offices
"For the past few days, my CGPA did not update after a repeated course grade was posted for three days now. The issue is not urgent in an emergency sense, but it needs proper attention. Please verify the record and correct it.",Academic
I want to report that the portal shows an error whenever I try to open my profile for three days now can u check this please?,IT Services
I noticed that a refund approved earlier has still not been transferred since yesterday kindly sort this out.,Administrative Offices
Please look into this issue: the mess menu is repeatedly changed without notice so I need the provost office to check the matter; Kindly have the warden or provost office look into the issue.,Hostel/Provost Office
"I need help because my bonafide certificate request has not been processed. I have tried the normal procedure once already, but nothing changed. Can the administrative office review this and provide the correct status?",Administrative Offices
I have been facing a problem where outgoing messages from my university email are being rejected this is causing alot of trouble.,IT Services
I have been facing a problem where two-factor authentication codes for the portal arrive too late to use kindly sort this out.,IT Services
"This is getting difficult because my student card renewal request is still pending. The issue is not urgent in an emergency sense, but it needs proper attention. Please verify the record and update it.",Administrative Offices
There is an issue with my university record: my bonafide certificate request has not been processed this is causing alot of trouble.,Administrative Offices
Several classroom chairs have broken writing arms since the start of this semester so the facility needs attention; Please send the maintenance team to inspect and repair it.,Maintenance & Facilities
"I need help because my bonafide certificate request has not been processed. The issue is not urgent in an emergency sense, but it needs proper attention. I request that this matter be processed without further delay.",Administrative Offices
I need help because I have not received feedback from my thesis supervisor for several weeks even after I reported it earlier this is causing alot of trouble.,Academic
"Hi, required software is missing from several computers in the lab since last week. Please check the system and resolve the technical issue.",IT Services
"This is getting difficult because the network printer accepts jobs but does not print anything since the start of this semester. The issue is not urgent in an emergency sense, but it needs proper attention. I would appreciate a proper technical fix for this issue.",IT Services
This is getting difficult because the study room is being locked during the hours it should be open for three days now. I checked the relevant notice and the information still does not match. Can this be addressed by the hostel management soon?,Hostel/Provost Office
I want to report that I was marked absent in a class where I signed the attendance sheet after the latest update and the deadline is getting very close. Kindly check this issue and update the academic record.,Academic
There is an issue with my university record: one of the lab computers keeps restarting by itself since the start of this semester and other students in the same area are facing it too. Can the IT team check the account or service configuration?,IT Services
I am having a problem because the lights in our classroom keep flickering during lectures since the start of this semester pls fix this soon.,Maintenance & Facilities
I am having a problem because the lights in our classroom keep flickering during lectures even after I reported it earlier which is causing inconvenience to students and staff; Please have the facilities staff check this issue.,Maintenance & Facilities
I need help because my official document request was closed without issuing the document can u check this please?,Administrative Offices
This is getting difficult because my student ID card has the wrong program printed on it i already reported it but no response yet.,Administrative Offices
"I have already tried to get this sorted, but the hostel corridor has not been cleaned properly for days this is causing alot of trouble.",Hostel/Provost Office
I am having a problem because the main building entrance becomes flooded after rain this is causing alot of trouble.,Maintenance & Facilities
I want to report that the fee challan generated by the portal has the wrong amount since yesterday. Can the administrative office review this and provide the correct status?,Administrative Offices
"I have already tried to get this sorted, but the classroom projector loses connection every few minutes since the start of this semester can u check this please?",IT Services
I want to report that my attendance percentage is lower than the classes I actually attended. This is affecting a routine university task that I need to complete. I would appreciate it if the department could resolve this soon.,Academic
I have been facing a problem where the desks in the room are damaged and unstable which is causing inconvenience to students and staff. Kindly arrange a repair as soon as possible.,Maintenance & Facilities
The toilet flush in the student washroom is broken but no repair has been done yet. Please arrange proper repair rather than another temporary fix.,Maintenance & Facilities
I need help because the grading rubric was not followed for my project evaluation after the latest update so I need the academic record checked. Please review the matter before the next academic deadline.,Academic
"This is getting difficult because my student ID card has the wrong program printed on it after the latest update. The issue is not urgent in an emergency sense, but it needs proper attention. Please resolve the discrepancy in the official record.",Administrative Offices
"I need help because clothes left in the hostel laundry area are being mixed up since yesterday. The issue is not urgent in an emergency sense, but it needs proper attention. Please check the hostel record and fix the problem.",Hostel/Provost Office
The hostel water dispenser is frequently empty since the start of this semester this is causing alot of trouble.,Hostel/Provost Office
There is an issue with my university record: the final result shows a different grade from the one announced by the instructor since the start of this semester. Can someone please confirm the correct status and fix the error?,Academic
I have been facing a problem where one of the lab computers keeps restarting by itself since last week can u check this please?,IT Services
"For the past few days, my submitted assignment is still showing as not submitted since last week so I cannot confirm whether my record is correct; Please look into this because I have not been able to resolve it myself.",Academic
"Could you please check this? my financial aid application has not moved beyond initial review even after I reported it earlier. I have tried the normal procedure once already, but nothing changed. Kindly ask the relevant office to resolve this issue.",Administrative Offices
I am having a problem because power sockets in the classroom are loose and unsafe to use and temporary fixes have not solved it. This needs to be fixed before it becomes a bigger problem.,Maintenance & Facilities
I am having a problem because network access in the engineering block drops repeatedly so I need the account or service checked. I would appreciate a proper technical fix for this issue.,IT Services
i am having a problem because the timetable shows a room and time that do not match the department notice for three days now but the issue is still unresolved. Can someone please confirm the correct status and fix the error?,Academic
I have been facing a problem where the washroom drainage is blocked and water is collecting on the floor during the last two classes and the problem has continued for several days. Kindly arrange a repair as soon as possible.,Maintenance & Facilities
Could you please check this? a drainage channel near the department building is overflowing. I checked the relevant notice and the information still does not match. Kindly arrange a repair as soon as possible.,Maintenance & Facilities
"There is an issue with my university record: my university email is not receiving messages from official mailing lists. I am not sure who else to contact, so I am submitting this complaint. Please troubleshoot this because the usual fixes have not worked.",IT Services
This is getting difficult because the timetable shows a room and time that do not match the department notice even after I reported it earlier. Please review the matter before the next academic deadline.,Academic
I need help because my hostel room allocation is still pending even though the semester has started since last week and the situation is getting worse; Please arrange a proper solution for the affected residents.,Hostel/Provost Office
I have been facing a problem where a submitted document is still marked as missing in the administrative record since last week which is causing unnecessary delay. Please verify the record and update it.,Administrative Offices
"For the past few days, the LMS is not showing one of my registered courses after the latest update and the problem happens repeatedly; Please restore access as soon as possible.",IT Services
"I need help because required software is missing from several computers in the lab please help, its still not fixed.",IT Services
"I have been facing a problem where the laundry machines have been out of order for several days since last week. The issue isnt urgent in an emergency sense, but it needs proper attention. Can this be addressed by the hostel management soon?",Hostel/Provost Office
The registrar office has not issued a requested official document after the latest update. I checked the relevant notice and the information still does not match. Kindly ask the relevant office to resolve this issue.,Administrative Offices
This is getting difficult because the classroom AC is running but not cooling the room but no repair has been done yet. This needs to be fixed before it becomes a bigger problem.,Maintenance & Facilities
I need help because the elevator in the main block is out of service again even after I reported it earlier and it is especially difficult during afternoon classes. Kindly arrange a repair as soon as possible.,Maintenance & Facilities
"This is getting difficult because my university email is not receiving messages from official mailing lists since the start of this semester. The issue is not urgent in an emergency sense, but it needs proper attention. Please troubleshoot this because the usual fixes have not worked.",IT Services
"Please look into this issue: the room window does not close properly and insects enter at night since the start of this semester please help, its still not fixed.",Hostel/Provost Office
"Hi, I have not received feedback from my thesis supervisor for several weeks i already reported it but no response yet.",Academic
"Hi, the hostel entrance security check is not being done consistently since last week and several residents are affected; Can this be addressed by the hostel management soon?",Hostel/Provost Office
This is getting difficult because the curfew entry record shows me late even though I entered before closing time during the last two classes. Please check the hostel record and fix the problem.,Hostel/Provost Office
There is an issue with my university record: the stairway lights are not working in the evening during the last two classes. Can maintenance please inspect the area and resolve it?,Maintenance & Facilities
This is getting difficult because the university portal is not loading after I sign in since yesterday kindly sort this out.,IT Services
I am having a problem because one of the lab computers keeps restarting by itself for three days now which is interrupting classes and assignments; Please troubleshoot this because the usual fixes have not worked.,IT Services
Please look into this issue: two of my final exams are scheduled at the same time after the latest update. I checked the relevant notice and the information still does not match. Please look into this because I have not been able to resolve it myself.,Academic
I need help because the elevator stops between floors and feels unsafe after the latest update pls fix this soon.,Maintenance & Facilities
I want to report that there is no hot water in the hostel bathrooms in the morning so the hostel staff need to resolve it. Please check the hostel record and fix the problem.,Hostel/Provost Office
"There is an issue with my university record: several ceiling fans in the lecture room are not working since yesterday. I am not sure who else to contact, so I am submitting this complaint. Kindly arrange a repair as soon as possible.",Maintenance & Facilities
I want to report that the department server is unreachable from campus computers kindly sort this out.,IT Services
I have been facing a problem where my attendance percentage is lower than the classes I actually attended since last week. Kindly check this issue and update the academic record.,Academic
There is an issue with my univeristy record: the printer in the student lab is showing an error for every print job kindly sort this out.,IT Services
"I have already tried to get this sorted, but a repeated complaint about hostel room cleanliness has not been addressed for three days now and the situation is getting worse. I request the provost office to investigate and take action.",Hostel/Provost Office
"Could you please check this? the online service becomes unavailable during registration hours. I have tried the normal procedure once already, but nothing changed. Kindly have IT support investigate this.",IT Services
Please look into this issue: the campus WiFi connects but there is no internet access even after I reported it earlier and the problem happens repeatedly. Kindly have IT support investigate this.,IT Services
Could you please check this? the drinking water cooler is not working since last week and temporary fixes have not solved it. Kindly arrange a repair as soon as possible.,Maintenance & Facilities
I want to report that a drainage channel near the department building is overflowing since yesterday. Please arrange proper repair rather than another temporary fix.,Maintenance & Facilities
Please look into this issue: the main building entrance becomes flooded after rain during the last two classes which could become a safety issue. Can maintenance please inspect the area and resolve it?,Maintenance & Facilities
I noticed that the biometric system records entry but does not update attendance. Can the IT team check the account or service configuration?,IT Services
My complaint is that my semester fee payment is complete but the account still shows an unpaid balance during the last two classes and I have already submitted the required proof. Please check the payment or document status and correct it.,Administrative Offices
I have been facing a problem where the classroom AC is running but not cooling the room so the facility needs attention. This needs to be fixed before it becomes a bigger problem.,Maintenance & Facilities
"I have already tried to get this sorted, but power sockets in the classroom are loose and unsafe to use even after I reported it earlier. This is affecting a routine university task that I need to complete. Please send the maintenance team to inspect and repair it.",Maintenance & Facilities
"I have already tried to get this sorted, but the accounts office asked for the same payment proof multiple times during the last two classes. Kindly ask the relevant office to resolve this issue.",Administrative Offices
"For the past few days, the registration system says the course is full even though seats were announced even after I reported it earlier pls fix this soon.",Academic
Could you please check this? my semester fee payment is complete but the account still shows an unpaid balance. This is affecting a routine university task that I need to complete. Please check the payment or document status and correct it.,Administrative Offices
I noticed that the drinking water cooler is not working for three days now i already reported it but no response yet.,Maintenance & Facilities
My complaint is that a refund approved earlier has still not been transferred. Please check the payment or document status and correct it.,Administrative Offices
"For the past few days, the washroom drainage is blocked and water is collecting on the floor after the latest update which is making the area difficult to use. This needs to be fixed before it becomes a bigger problem.",Maintenance & Facilities
I am having a problem because the hostel water dispenser is frequently empty for three days now which is making it difficult to follow the hostel routine; Please ask the hostel administration to resolve this.,Hostel/Provost Office
This is getting difficult because the university portal is not loading after i sign in since yesterday. Please check the system and resolve the technical issue.,IT Services
My complaint is that the transcript shows the wrong credit hours for one subject and I am worried it may affect my GPA. Please verify the record and correct it.,Academic
I need help because my thesis supervisor has not been assigned even though the deadline passed after the latest update so I need the academic record checked. Kindly check this issue and update the academic record.,Academic
There is an issue with my university record: the assignment grade was entered under the wrong student record after the latest update which is creating a problem with course registration. I would appreciate it if the department could resolve this soon.,Academic
I want to report that I was assigned a hostel room that is already occupied and it is causing problems with daily hostel life. I request the provost office to investigate and take action.,Hostel/Provost Office
I have been facing a problem where the hostel water dispenser is frequently empty and several residents are affected. Please arrange a proper solution for the affected residents.,Hostel/Provost Office
"There is an issue with my university record: there has been no electricity in part of the academic block. I have tried the normal procedure once already, but nothing changed. Kindly arrange a repair as soon as possible.",Maintenance & Facilities
Please look into this issue: the common room furniture is damaged and unusable even after I reported it earlier. Can this be addressed by the hostel management soon?,Hostel/Provost Office
Please look into this issue: my thesis supervisor has not been assigned even though the deadline passed and I am worried it may affect my GPA. Can someone please confirm the correct status and fix the error?,Academic
I noticed that a submitted document is still marked as missing in the administrative record pls fix this soon.,Administrative Offices
"I have already tried to get this sorted, but there is a serious noise problem from the neighboring hostel room late at night which is affecting sleep and study. I request the provost office to investigate and take action.",Hostel/Provost Office
I am having a problem because there is no water in the washrooms on our floor since yesterday and it is disturbing classes; Can maintenance please inspect the area and resolve it?,Maintenance & Facilities
I noticed that my scholarship amount has not been adjusted in the semester fee since yesterday so I need clarification and correction. Please check the payment or document status and correct it.,Administrative Offices
"I have already tried to get this sorted, but a classroom door lock is jammed and the room cannot be secured for three days now. Please arrange proper repair rather than another temporary fix.",Maintenance & Facilities
"Hi, the room window does not close properly and insects enter at night. Kindly have the warden or provost office look into the issue.",Hostel/Provost Office
"For the past few days, clothes left in the hostel laundry area are being mixed up after the latest update. This is affecting a routine university task that I need to complete. Can this be addressed by the hostel management soon?",Hostel/Provost Office
"I have already tried to get this sorted, but the registrar office has not issued a requested official document for three days now. I am not sure who else to contact, so I am submitting this complaint. Please check the payment or document status and correct it.",Administrative Offices
There is an issue with my university record: the fee challan generated by the portal has the wrong amount so I need the administrative record corrected; Please check the payment or document status and correct it.,Administrative Offices
I want to report that the drinking water cooler is not working during the last two classes and temporary fixes have not solved it; Please have the facilities staff check this issue.,Maintenance & Facilities
I noticed that the licensed software on the lab PC says the activation has expired during the last two classes can u check this please?,IT Services
I have been facing a problem where unknown visitors have been entering the hostel without proper checking since the start of this semester which is affecting sleep and study. Please check the hostel record and fix the problem.,Hostel/Provost Office
"Hi, my makeup exam application was approved but no exam schedule has been shared since the start of this semester. Please review the matter before the next academic deadline.",Academic
Please look into this issue: the portal shows an error whenever I try to open my profile and other students in the same area are facing it too; Please check the system and resolve the technical issue.,IT Services
There is an issue with my university record: my official document request was closed without issuing the document after the latest update. Please resolve the discrepancy in the official record.,Administrative Offices
Could you please check this? the mess food is often cold by the time students are served. I checked the relevant notice and the information still does not match. Can this be addressed by the hostel management soon?,Hostel/Provost Office
"For the past few days, my security deposit refund is still pending after clearance and I have already submitted the required proof. Kindly ask the relevant office to resolve this issue.",Administrative Offices
There is an issue with my university record: the hostel gate was locked earlier than the official curfew time after the latest update. Kindly have the warden or provost office look into the issue.,Hostel/Provost Office
"I have already tried to get this sorted, but I am locked out of my university account even after resetting the password during the last two classes. Kindly have IT support investigate this.",IT Services
I need help because the mess food is often cold by the time students are served. I checked the relevant notice and the information still does not match. Please arrange a proper solution for the affected residents.,Hostel/Provost Office
This is getting difficult because the timetable has overlapping lectures for two compulsory courses during the last two classes which is creating a problem with course registration. Can someone please confirm the correct status and fix the error?,Academic
I want to report that I was assigned a hostel room that is already occupied and it is causing problems with daily hostel life. Please ask the hostel administration to resolve this.,Hostel/Provost Office
"I need help because the fee challan generated by the portal has the wrong amount. The issue is not urgent in an emergency sense, but it needs proper attention. Can the administrative office review this and provide the correct status?",Administrative Offices
I have been facing a problem where the result portal shows an incomplete grade even though all work was submitted after the latest update but the issue is still unresolved. Please review the matter before the next academic deadline.,Academic
"This is getting difficult because the elevator in the main block is out of service again. I have tried the normal procedure once already, but nothing changed. Please arrange proper repair rather than another temporary fix.",Maintenance & Facilities
"I have already tried to get this sorted, but my attendance percentage is lower than the classes I actually attended can u check this please?",Academic
"I have already tried to get this sorted, but the hostel gate was locked earlier than the official curfew time since last week. I am not sure who else to contact, so I am submitting this complaint. Please arrange a proper solution for the affected residents.",Hostel/Provost Office
This is getting difficult because my submitted assignment is still showing as not submitted since the start of this semester and the deadline is getting very close. Can someone please confirm the correct status and fix the error?,Academic
I need help because the common room furniture is damaged and unusable which is making it difficult to follow the hostel routine; Please check the hostel record and fix the problem.,Hostel/Provost Office
"i have been facing a problem where the accounts office has not reflected my bank payment. I have tried the normal procedure once already, but nothing changed. Please verify the record and update it.",Administrative Offices
I noticed that the washroom drainage is blocked and water is collecting on the floor. Please arrange proper repair rather than another temporary fix.,Maintenance & Facilities
"This is getting difficult because the computer lab PCs are taking a very long time to log in. i have tried the normal procedure once already, but nothing changed. I would appreciate a proper technical fix for this issue.",IT Services
"Hi, my student card renewal request is still pending after the latest update so I need clarification and correction. Please check the payment or document status and correct it.",Administrative Offices
I noticed that the warden has not responded to repeated requests about a room issue this is causing alot of trouble.,Hostel/Provost Office
This is getting difficult because several classroom chairs have broken writing arms since yesterday. I checked the relevant notice and the information still does not match. Please have the facilities staff check this issue.,Maintenance & Facilities
I have been facing a problem where I am locked out of my university account even after resetting the password during the last two classes kindly sort this out.,IT Services
"I want to report that the air conditioner is leaking water onto the floor during the last two classes. The issue is not urgent in an emergency sense, but it needs proper attention. Kindly arrange a repair as soon as possible.",Maintenance & Facilities
This is getting difficult because the student parking gate is damaged and difficult to open since yesterday which could become a safety issue. Can maintenance please inspect the area and resolve it?,Maintenance & Facilities
"I have already tried to get this sorted, but the accounts office says my refund is processed but I have not received it for three days now. I checked the relevant notice and the information still does not match. Can the administrative office review this and provide the correct status?",Administrative Offices
"I have already tried to get this sorted, but the laundry machines have been out of order for several days. I have tried the normal procedure once already, but nothing changed. Please check the hostel record and fix the problem.",Hostel/Provost Office
"I want to report that I was charged a late fee even though I paid before the deadline please help, its still not fixed.",Administrative Offices
"i want to report that the study room is being locked during the hours it should be open even after I reported it earlier please help, its still not fixed.",Hostel/Provost Office
"Could you please check this? my student card renewal request is still pending since last week. I am not sure who else to contact, so I am submitting this complaint. Please resolve the discrepancy in the official record.",Administrative Offices
This is getting difficult because the main building entrance becomes flooded after rain and students are avoiding the room. Can maintenance please inspect the area and resolve it?,Maintenance & Facilities
The computer lab PCs are taking a very long time to log in for three days now i already reported it but no response yet.,IT Services
This is getting difficult because outgoing messages from my university email are being rejected which is interrupting classes and assignments; Can the IT team check the account or service configuration?,IT Services
"Hi, the fee challan generated by the portal has the wrong amount since last week and I have already submitted the required proof; Please check the payment or document status and correct it.",Administrative Offices
This is getting difficult because my registered course disappeared after the add/drop period for three days now. I checked the relevant notice and the information still does not match. Can someone please confirm the correct status and fix the error?,Academic
Could you please check this? two of my final exams are scheduled at the same time but the issue is still unresolved. Please verify the record and correct it.,Academic
"Hi, my student card renewal request is still pending since yesterday pls fix this soon.",Administrative Offices
"Please look into this issue: I received conflicting instructions from the registrar and accounts office. The issue is not urgent in an emergency sense, but it needs proper attention. Please check the payment or document status and correct it.",Administrative Offices
My complaint is that my transcript is missing one completed course after the latest update can u check this please?,Academic
My complaint is that the accounts office has not reflected my bank payment after the latest update and I have already submitted the required proof. I request that this matter be processed without further delay.,Administrative Offices
"I want to report that the computer lab PCs are taking a very long time to log in since yesterday. The issue is not urgent in an emergency sense, but it needs proper attention. Please restore access as soon as possible.",IT Services
i noticed that the timetable has overlapping lectures for two compulsory courses even after I reported it earlier. Please look into this because I have not been able to resolve it myself.,Academic
"A refund approved earlier has still not been transferred. The issue is not urgent in an emergency sense, but it needs proper attention. Can the administrative office review this and provide the correct status?",Administrative Offices
"The fee challan cannot be generated for the current semester. I am not sure who else to contact, so I am submitting this complaint. Can the administrative office review this and provide the correct status?",Administrative Offices
Could you please check this? the accounts office says my refund is processed but I have not received it after the latest update and this is blocking another university process; Please check the payment or document status and correct it.,Administrative Offices
"I have already tried to get this sorted, but the air conditioner is leaking water onto the floor even after I reported it earlier. I checked the relevant notice and the information still does not match. This needs to be fixed before it becomes a bigger problem.",Maintenance & Facilities
"For the past few days, the hostel corridor has not been cleaned properly for days during the last two classes which is making it difficult to follow the hostel routine. Can this be addressed by the hostel management soon?",Hostel/Provost Office
I want to report that the stairway lights are not working in the evening during the last two classes kindly sort this out.,Maintenance & Facilities
"For the past few days, a washroom tap has been leaking continuously. This is affecting a routine university task that I need to complete. Kindly arrange a repair as soon as possible.",Maintenance & Facilities
Could you please check this? the biometric attendance device is not recognizing fingerprints. This is affecting a routine university task that I need to complete. Kindly have IT support investigate this.,IT Services
I need help because I have not received feedback from my thesis supervisor for several weeks since last week but the issue is still unresolved. Kindly check this issue and update the academic record.,Academic
I have been facing a problem where a refund approved earlier has still not been transferred since yesterday pls fix this soon.,Administrative Offices
There is an issue with my university record: the hostel corridor has not been cleaned properly for days after the latest update and it is becoming frustrating for residents; Please ask the hostel administration to resolve this.,Hostel/Provost Office
"Hi, the hot water supply stops before the announced timing after the latest update. Please arrange a proper solution for the affected residents.",Hostel/Provost Office
"I am having a problem because two of my final exams are scheduled at the same time since the start of this semester. I am not sure who else to contact, so I am submitting this complaint. Kindly check this issue and update the academic record.",Academic
"I have already tried to get this sorted, but the accounts office asked for the same payment proof multiple times since last week this is causing alot of trouble.",Administrative Offices
I am having a problem because the hostel room has a broken cupboard and damaged bed frame. Please arrange a proper solution for the affected residents.,Hostel/Provost Office
Could you please check this? there has been no electricity in part of the academic block even after I reported it earlier and students are avoiding the room; Can maintenance please inspect the area and resolve it?,Maintenance & Facilities
I have been facing a problm where my financial aid application has not moved beyond initial review for three days now. I checked the relevant notice and the information still does not match. Please verify the record and update it.,Administrative Offices
I want to report that the accounts office says my refund is processed but I have not received it since last week so I need the administrative record corrected. Kindly ask the relevant office to resolve this issue.,Administrative Offices
I have been facing a problem where my admission application shows incomplete documents although everything was submitted since last week and I am unable to complete the next step. Please verify the record and update it.,Administrative Offices
"This is getting difficult because the toilet flush in the student washroom is broken since last week. The issue is not urgent in an emergency sense, but it needs proper attention. Kindly arrange a repair as soon as possible.",Maintenance & Facilities
I need help because a washroom tap has been leaking continuously even after I reported it earlier. Kindly arrange a repair as soon as possible.,Maintenance & Facilities
Please look into this issue: the washroom drainage is blocked and water is collecting on the floor during the last two classes. This is affecting a routine university task that I need to complete. Please send the maintenance team to inspect and repair it.,Maintenance & Facilities
I noticed that the timetable has overlapping lectures for two compulsory courses for three days now. This is affecting a routine university task that I need to complete. Please look into this because I have not been able to resolve it myself.,Academic
I want to report that the registration system says the course is full even though seats were announced. Please verify the record and correct it.,Academic
I need help because the curfew entry record shows me late even though I entered before closing time since the start of this semester but there has been no proper response; I request the provost office to investigate and take action.,Hostel/Provost Office
I am having a problem because the hostel gate was locked earlier than the official curfew time after the latest update and the situation is getting worse. Please arrange a proper solution for the affected residents.,Hostel/Provost Office
This is getting difficult because my submitted assignment is still showing as not submitted after the latest update. Please verify the record and correct it.,Academic
Could you please check this? rainwater is entering the corridor through a damaged window after the latest update which is making the area difficult to use. This needs to be fixed before it becomes a bigger problem.,Maintenance & Facilities
This is getting difficult because the certificate I collected contains a spelling error in the program title pls fix this soon.,Administrative Offices
I am having a problem because the lights in our classroom keep flickering during lectures since yesterday and it is especially difficult during afternoon classes. Please have the facilities staff check this issue.,Maintenance & Facilities
"My complaint is that my quiz marks were not included in the final course total. I am not sure who else to contact, so I am submitting this complaint. Please look into this because I have not been able to resolve it myself.",Academic
I noticed that my transcript is missing one completed course for three days now and the deadline is getting very close. Can someone please confirm the correct status and fix the error?,Academic
I have been facing a problem where my hostel room allocation is still pending even though the semester has started can u check this please?,Hostel/Provost Office
"I am having a problem because the scholarship status has remained pending for a long time since yesterday. I have tried the normal procedure once already, but nothing changed. Please verify the record and update it.",Administrative Offices
Could you please check this? the assignment grade was entered under the wrong student record after the latest update so I cannot confirm whether my record is correct; Please review the matter before the next academic deadline.,Academic
I noticed that my student ID card has the wrong program printed on it since the start of this semester and I am unable to complete the next step. Please verify the record and update it.,Administrative Offices
I want to report that my scholarship amount has not been adjusted in the semester fee since yesterday pls fix this soon.,Administrative Offices
I want to report that my university account password reset link is not working so this needs technical support. Can the IT team check the account or service configuration?,IT Services
I need help because my attendance percentage is lower than the classes I actually attended since the start of this semester which is creating a problem with course registration. Kindly check this issue and update the academic record.,Academic
There is an issue with my university record: the admission office has not updated my verification status even after I reported it earlier and the deadline is approaching. I request that this matter be processed without further delay.,Administrative Offices
Please look into this issue: the room window does not close properly and insects enter at night. This is affecting a routine university task that I need to complete. Please ask the hostel administration to resolve this.,Hostel/Provost Office
I need help because the fee challan cannot be generated for the current semester for three days now which may affect my registration; Please check the payment or document status and correct it.,Administrative Offices
There is an issue with my university record: the fee installment approval is not reflected in the system during the last two classes. I checked the relevant notice and the information still does not match. Can the administrative office review this and provide the correct status?,Administrative Offices
My complaint is that the mess menu is repeatedly changed without notice since the start of this semester which is affecting sleep and study; Kindly have the warden or provost office look into the issue.,Hostel/Provost Office
I need help because I was marked absent in a class where I signed the attendance sheet during the last two classes so I cannot confirm whether my record is correct; Can someone please confirm the correct status and fix the error?,Academic
I need help because the projector displays a blank screen even though the laptop is connected and restarting the device did not help. I would appreciate a proper technical fix for this issue.,IT Services
Could you please check this? the air conditioner is leaking water onto the floor and the problem has continued for several days. This needs to be fixed before it becomes a bigger problem.,Maintenance & Facilities
I noticed that the drinking water cooler is not working since last week and the problem has continued for several days. Can maintenance please inspect the area and resolve it?,Maintenance & Facilities
My complaint is that the mess menu is repeatedly changed without notice and the issue has been reported before. I request the provost office to investigate and take action.,Hostel/Provost Office
My submitted assignment is still showing as not submitted since last week. I checked the relevant notice and the information still does not match. I would appreciate it if the department could resolve this soon.,Academic
"For the past few days, the online service becomes unavailable during registration hours for three days now and other students in the same area are facing it too. Can the IT team check the account or service configuration?",IT Services
My complaint is that the common room furniture is damaged and unusable. I request the provost office to investigate and take action.,Hostel/Provost Office
Could you please check this? my financial aid application has not moved beyond initial review after the latest update. This is affecting a routine university task that I need to complete. Kindly ask the relevant office to resolve this issue.,Administrative Offices
This is getting difficult because the lights in our classroom keep flickering during lectures since last week can u check this please?,Maintenance & Facilities
I noticed that there is no hot water in the hostel bathrooms in the morning even after I reported it earlier but there has been no proper response. Please ask the hostel administration to resolve this.,Hostel/Provost Office
There is an issue with my university record: I was charged a late fee even though I paid before the deadline since yesterday can u check this please?,Administrative Offices
This is getting difficult because my thesis supervisor has not been assigned even though the deadline passed during the last two classes. Please look into this because I have not been able to resolve it myself.,Academic
"I have already tried to get this sorted, but I received conflicting instructions from the registrar and accounts office since yesterday. Can the administrative office review this and provide the correct status?",Administrative Offices
"This is getting difficult because the air conditioner is leaking water onto the floor. The issue is not urgent in an emergency sense, but it needs proper attention. Please have the facilities staff check this issue.",Maintenance & Facilities
"Hi, the warden has not responded to repeated requests about a room issue since yesterday and the situation is getting worse; Kindly have the warden or provost office look into the issue.",Hostel/Provost Office
This is getting difficult because the exam date was changed without a clear notice for three days now. Please review the matter before the next academic deadline.,Academic
There is an issue with my university record: the biometric system records entry but does not update attendance. Kindly have IT support investigate this.,IT Services
"For the past few days, my bonafide certificate request has not been processed and this is blocking another university process; Please check the payment or document status and correct it.",Administrative Offices
"Hi, my bonafide certificate request has not been processed since the start of this semester which may affect my registration; Can the administrative office review this and provide the correct status?",Administrative Offices
Could you please check this? the transcript shows the wrong credit hours for one subject even after I reported it earlier. This is affecting a routine university task that I need to complete. Can someone please confirm the correct status and fix the error?,Academic
"I am having a problem because power sockets in the classroom are loose and unsafe to use. I am not sure who else to contact, so I am submitting this complaint. Please arrange proper repair rather than another temporary fix.",Maintenance & Facilities
Please look into this issue: several classroom chairs have broken writing arms since the start of this semester kindly sort this out.,Maintenance & Facilities
"I have already tried to get this sorted, but the registration system says the course is full even though seats were announced since the start of this semester. The issue is not urgent in an emergency sense, but it needs proper attention. Please review the matter before the next academic deadline.",Academic
"I have already tried to get this sorted, but the room window does not close properly and insects enter at night for three days now and it is becoming frustrating for residents. I request the provost office to investigate and take action.",Hostel/Provost Office
"Hi, my bonafide certificate request has not been processed after the latest update and I am unable to complete the next step; Can the administrative office review this and provide the correct status?",Administrative Offices
I have been facing a problem where there is a serious noise problem from the neighboring hostel room late at night since the start of this semester and the issue has been reported before. I request the provost office to investigate and take action.,Hostel/Provost Office
Could you please check this? the lights in our classroom keep flickering during lectures which could become a safety issue. Please have the facilities staff check this issue.,Maintenance & Facilities
"Hi, the campus WiFi connects but there is no internet access but the issue still continues; Please check the system and resolve the technical issue.",IT Services
"Hi, network access in the engineering block drops repeatedly during the last two classes and it is affecting access to university systems; Please restore access as soon as possible.",IT Services
"I have already tried to get this sorted, but a washroom tap has been leaking continuously after the latest update. Please arrange proper repair rather than another temporary fix.",Maintenance & Facilities
Could you please check this? my student card renewal request is still pending since yesterday so I need clarification and correction; Please check the payment or document status and correct it.,Administrative Offices
I want to report that my transcript is missing one completed course after the latest update. Please verify the record and correct it.,Academic
The mess menu is repeatedly changed without notice for three days now and the situation is getting worse. Kindly have the warden or provost office look into the issue.,Hostel/Provost Office
Could you please check this? two of my final exams are scheduled at the same time for three days now and I have already checked with the course representative; Can someone please confirm the correct status and fix the error?,Academic
Could you please check this? my makeup exam application was approved but no exam schedule has been shared during the last two classes so I cannot confirm whether my record is correct. Kindly check this issue and update the academic record.,Academic
Clothes left in the hostel laundry area are being mixed up since yesterday so I need the provost office to check the matter; Please check the hostel record and fix the problem.,Hostel/Provost Office
Could you please check this? the hostel mess is serving food much later than the announced timing since yesterday so I need the provost office to check the matter. I request the provost office to investigate and take action.,Hostel/Provost Office
I want to report that the hostel water dispenser is frequently empty this is causing alot of trouble.,Hostel/Provost Office
i noticed that the main building entrance becomes flooded after rain which is causing inconvenience to students and staff. Please have the facilities staff check this issue.,Maintenance & Facilities
I want to report that a washroom tap has been leaking continuously which is making the area difficult to use. Kindly arrange a repair as soon as possible.,Maintenance & Facilities
"I have been facing a problem where the assignment grade was entered under the wrong student record. I am not sure who else to contact, so I am submitting this complaint. Please review the matter before the next academic deadline.",Academic
I need help because my university account password reset link is not working and restarting the device did not help; Kindly have IT support investigate this.,IT Services
"For the past few days, my midterm marks are missing from the portal during the last two classes. I would appreciate it if the department could resolve this soon.",Academic
"I have already tried to get this sorted, but the hostel gate was locked earlier than the official curfew time after the latest update which is affecting sleep and study. Kindly have the warden or provost office look into the issue.",Hostel/Provost Office
Please look into this issue: my student ID card has the wrong program printed on it since last week. I request that this matter be processed without further delay.,Administrative Offices
This is getting difficult because one of the lab computers keeps restarting by itself even after i reported it earlier and other students in the same area are facing it too. Please check the system and resolve the technical issue.,IT Services
Could you please check this? my GPA calculation appears incorrect after the latest result and I do not know which information to follow. Can someone please confirm the correct status and fix the error?,Academic
"I have already tried to get this sorted, but a repeated complaint about hostel room cleanliness has not been addressed during the last two classes please help, its still not fixed.",Hostel/Provost Office
"I have been facing a problem where one of the lab computers keeps restarting by itself since last week. The issue is not urgent in an emergency sense, but it needs proper attention. Can the IT team check the account or service configuration?",IT Services
There is an issue with my university record: the study room is being locked during the hours it should be open so I need the provost office to check the matter; Can this be addressed by the hostel management soon?,Hostel/Provost Office
"The portal shows an error whenever I try to open my profile for three days now please help, its still not fixed.",IT Services
My complaint is that the air conditioner is leaking water onto the floor even after I reported it earlier kindly sort this out.,Maintenance & Facilities
"This is getting difficult because I am locked out of my university account even after resetting the password even after I reported it earlier please help, its still not fixed.",IT Services
I noticed that I received conflicting instructions from the registrar and accounts office for three days now. Can the administrative office review this and provide the correct status?,Administrative Offices
I need help because rainwater is entering the corridor through a damaged window which is causing inconvenience to students and staff; Please arrange proper repair rather than another temporary fix.,Maintenance & Facilities
I need help because the certificate I collected contains a spelling error in the program title and I am unable to complete the next step. I request that this matter be processed without further delay.,Administrative Offices
"Hi, the transcript shows the wrong credit hours for one subject since yesterday. Please verify the record and correct it.",Academic
"For the past few days, outgoing messages from my university email are being rejected so this needs technical support. Kindly have IT support investigate this.",IT Services
I am having a problem because the common room furniture is damaged and unusable during the last two classes but there has been no proper response; Please ask the hostel administration to resolve this.,Hostel/Provost Office
"I have already tried to get this sorted, but my thesis supervisor has not been assigned even though the deadline passed since yesterday and the deadline is getting very close. I would appreciate it if the department could resolve this soon.",Academic
Could you please check this? my scholarship amount has not been adjusted in the semester fee since last week and I have visited the office more than once. Please resolve the discrepancy in the official record.,Administrative Offices
"Several classroom chairs have broken writing arms even after I reported it earlier. I am not sure who else to contact, so I am submitting this complaint. Please have the facilities staff check this issue.",Maintenance & Facilities
I need help because the room allocation list shows the wrong hostel block for me this is causing alot of trouble.,Hostel/Provost Office
"Hi, the accounts office asked for the same payment proof multiple times after the latest update. Please resolve the discrepancy in the official record.",Administrative Offices
I want to report that the exam date was changed without a clear notice this is causing alot of trouble.,Academic
Could you please check this? uploaded lecture files on the LMS are not opening but the issue still continues. Please restore access as soon as possible.,IT Services
I have been facing a problem where internet speed in the lab is too slow to access course material since yesterday. Kindly have IT support investigate this.,IT Services
This is getting difficult because the hostel entrance security check is not being done consistently even after I reported it earlier and it is becoming frustrating for residents. Please ask the hostel administration to resolve this.,Hostel/Provost Office
I want to report that my bonafide certificate request has not been processed so I need clarification and correction; Can the administrative office review this and provide the correct status?,Administrative Offices
I need help because my registered course disappeared after the add/drop period even after I reported it earlier pls fix this soon.,Academic
Could you please check this? my university email is not receiving messages from official mailing lists since the start of this semester kindly sort this out.,IT Services
I noticed that a prerequisite is being shown as incomplete although I passed it so I cannot confirm whether my record is correct. Kindly check this issue and update the academic record.,Academic
Please look into this issue: the warden has not responded to repeated requests about a room issue for three days now and the situation is getting worse. Please ask the hostel administration to resolve this.,Hostel/Provost Office
I noticed that the backup generator did not start during the last power outage which is causing inconvenience to students and staff. Pls arrange proper repair rather than another temporary fix.,Maintenance & Facilities
"I have already tried to get this sorted, but the university portal is not loading after I sign in which is causing delays in my coursework; Kindly have IT support investigate this.",IT Services
There is an issue with my university record: a drainage channel near the departmnt building is overflowing for three days now and temporary fixes have not solved it; Please arrange proper repair rather than another temporary fix.,Maintenance & Facilities
This is getting difficult because the accounts office asked for the same payment proof multiple times even after I reported it earlier. Kindly ask the relevant office to resolve this issue.,Administrative Offices
There is an issue with my university record: there is a serious noise problem from the neighboring hostel room late at night since last week kindly sort this out.,Hostel/Provost Office
Could you please check this? internet speed in the lab is too slow to access course material after the latest update but the issue still continues. I would appreciate a proper technical fix for this issue.,IT Services
"I have been facing a problem where there is a serious noise problem from the neighboring hostel room late at night since last week please help, its still not fixed.",Hostel/Provost Office
This is getting difficult because the fee challan generated by the portal has the wrong amount which may affect my registration; Please verify the record and update it.,Administrative Offices
Please look into this issue: the admission office has not updated my verification status after the latest update and I have already submitted the required proof. Please resolve the discrepancy in the official record.,Administrative Offices
I noticed that the lights in our classroom keep flickering during lectures can u check this please?,Maintenance & Facilities
Please look into this issue: the lights in our classroom keep flickering during lectures kindly sort this out.,Maintenance & Facilities
My complaint is that I am locked out of my university account even after resetting the password even after I reported it earlier which is causing delays in my coursework; Please check the system and resolve the technical issue.,IT Services
"i have already tried to get this sorted, but the classroom AC is running but not cooling the room pls fix this soon.",Maintenance & Facilities
"My complaint is that my university email is not receiving messages from official mailing lists since yesterday. The issue is not urgent in an emergency sense, but it needs proper attention. I would appreciate a proper technical fix for this issue.",IT Services
Could you please check this? the hot water supply stops before the announced timing since the start of this semester this is causing alot of trouble.,Hostel/Provost Office
Could you please check this? the fee installment approval isnt reflected in the system since last week which is causing unnecessary delay. Please verify the record and update it.,Administrative Offices
I noticed that two-factor authentication codes for the portal arrive too late to use for three days now. I checked the relevant notice and the information still does not match. Can the IT team check the account or service configuration?,IT Services
I am having a problem because my official document request was closed without issuing the document and this is blocking another university process; Please verify the record and update it.,Administrative Offices
"I have already tried to get this sorted, but my scholarship amount has not been adjusted in the semester fee since last week and the deadline is approaching; Kindly ask the relevant office to resolve this issue.",Administrative Offices
There is an issue with my university record: the hostel entrance security check is not being done consistently since last week and the issue has been reported before. I request the provost office to investigate and take action.,Hostel/Provost Office
There is an issue with my university record: there is a serious noise problem from the neighboring hostel room late at night after the latest update. I checked the relevant notice and the information still does not match. Please ask the hostel administration to resolve this.,Hostel/Provost Office
This is getting difficult because required software is missing from several computers in the lab during the last two classes and the problem happens repeatedly. I would appreciate a proper technical fix for this issue.,IT Services
I received conflicting instructions from the registrar and accounts office pls fix this soon.,Administrative Offices
My complaint is that I was charged a late fee even though I paid before the deadline since last week. This is affecting a routine university task that I need to complete. Please verify the record and update it.,Administrative Offices
Could you please check this? network access in the engineering block drops repeatedly since yesterday and it is affecting access to university systems. I would appreciate a proper technical fix for this issue.,IT Services
"I noticed that my midterm marks are missing from the portal for three days now. I have tried the normal procedure once already, but nothing changed. I would appreciate it if the department could resolve this soon.",Academic
"A prerequisite is being shown as incomplete although I passed it since yesterday. I am not sure who else to contact, so I am submitting this complaint. Please look into this because I have not been able to resolve it myself.",Academic
My complaint is that a submitted document is still marked as missing in the administrative record for three days now and this is blocking another university process. Kindly ask the relevant office to resolve this issue.,Administrative Offices
I am having a problem because there is no hot water in the hostel bathrooms in the morning so I need the provost office to check the matter; I request the provost office to investigate and take action.,Hostel/Provost Office
I want to report that the hostel water dispenser is frequently empty but there has been no proper response. Please arrange a proper solution for the affected residents.,Hostel/Provost Office
"Hi, the assignment grade was entered under the wrong student record since yesterday. I have tried the normal procedure once already, but nothing changed. Please look into this because I have not been able to resolve it myself.",Academic
"For the past few days, the classroom projector loses connection every few minutes during the last two classes but the issue still continues; Please check the system and resolve the technical issue.",IT Services
I have been facing a problem where a classroom door lock is jammed and the room cannot be secured. Please arrange proper repair rather than another temporary fix.,Maintenance & Facilities
"This is getting difficult because the curfew entry record shows me late even though I entered before closing time. The issue is not urgent in an emergency sense, but it needs proper attention. Can this be addressed by the hostel management soon?",Hostel/Provost Office
My complaint is that the department server is unreachable from campus computers since the start of this semester. I checked the relevant notice and the information still does not match. Please check the system and resolve the technical issue.,IT Services
"I have already tried to get this sorted, but the fee challan cannot be generated for the current semester for three days now can u check this please?",Administrative Offices
I want to report that the department server is unreachable from campus computers since the start of this semester but the issue still continues; I would appreciate a proper technical fix for this issue.,IT Services
My complaint is that I received conflicting instructions from the registrar and accounts office for three days now i already reported it but no response yet.,Administrative Offices
I need help because several ceiling fans in the lecture room are not working for three days now and students are avoiding the room. Please have the facilities staff check this issue.,Maintenance & Facilities
I want to report that I was charged a late fee even though I paid before the deadline after the latest update and this is blocking another university process; Please check the payment or document status and correct it.,Administrative Offices
I need help because a prerequisite is being shown as incomplete although I passed it and this is affecting my semester planning. Please look into this because I have not been able to resolve it myself.,Academic
There is an issue with my university record: I was assigned a hostel room that is already occupied after the latest update and it is causing problems with daily hostel life. I request the provost office to investigate and take action.,Hostel/Provost Office
"My thesis supervisor has not been assigned even though the deadline passed after the latest update. I am not sure who else to contact, so I am submitting this complaint. Can someone please confirm the correct status and fix the error?",Academic
"Hi, power sockets in the classroom are loose and unsafe to use since the start of this semester so the facility needs attention; Kindly arrange a repair as soon as possible.",Maintenance & Facilities
My complaint is that the stairway lights are not working in the evening and it is disturbing classes. Please have the facilities staff check this issue.,Maintenance & Facilities
i want to report that power sockets in the classroom are loose and unsafe to use and students are avoiding the room; Please arrange proper repair rather than another temporary fix.,Maintenance & Facilities
"My complaint is that there is no hot water in the hostel bathrooms in the morning even after I reported it earlier. The issue is not urgent in an emergency sense, but it needs proper attention. Can this be addressed by the hostel management soon?",Hostel/Provost Office
"I need help because two-factor authentication codes for the portal arrive too late to use since the start of this semester. I am not sure who else to contact, so I am submitting this complaint. I would appreciate a proper technical fix for this issue.",IT Services
I am having a problem because the corridor floor tiles are broken and causing people to trip. Can maintenance please inspect the area and resolve it?,Maintenance & Facilities
"I want to report that the timetable has overlapping lectures for two compulsory courses. I am not sure who else to contact, so I am submitting this complaint. Can someone please confirm the correct status and fix the error?",Academic
There is an issue with my university record: a prerequisite is being shown as incomplete although I passed it. Kindly check this issue and update the academic record.,Academic
There is an issue with my university record: the elevator stops between floors and feels unsafe. This is affecting a routine university task that I need to complete. Please arrange proper repair rather than another temporary fix.,Maintenance & Facilities
My thesis supervisor has not been assigned even though the deadline passed which may delay my graduation process; Please look into this because I have not been able to resolve it myself.,Academic
"I am having a problem because the LMS is not showing one of my registered courses since last week. The issue is not urgent in an emergency sense, but it needs proper attention. Please restore access as soon as possible.",IT Services
Could you please check this? several ceiling fans in the lecture room are not working for three days now and students are avoiding the room. Please arrange proper repair rather than another temporary fix.,Maintenance & Facilities
Please look into this issue: the hostel mess is serving food much later than the announced timing since last week and several residents are affected. Can this be addressed by the hostel management soon?,Hostel/Provost Office
"For the past few days, my scholarship amount has not been adjusted in the semester fee during the last two classes so I need clarification and correction. Kindly ask the relevant office to resolve this issue.",Administrative Offices
I noticed that the student parking gate is damaged and difficult to open during the last two classes. Please send the maintenance team to inspect and repair it.,Maintenance & Facilities
"For the past few days, the assignment grade was entered under the wrong student record after the latest update. I checked the relevant notice and the information still does not match. Please review the matter before the next academic deadline.",Academic
"I noticed that the accounts office asked for the same payment proof multiple times since the start of this semester. The issue is not urgent in an emergency sense, but it needs proper attention. Kindly ask the relevant office to resolve this issue.",Administrative Offices
I want to report that my makeup exam application was approved but no exam schedule has been shared since yesterday which is creating a problem with course registration. Please look into this because I have not been able to resolve it myself.,Academic
This is getting difficult because garbage is not being removed regularly from the hostel floor even after I reported it earlier but there has been no proper response; Please ask the hostel administration to resolve this.,Hostel/Provost Office
i noticed that the common room furniture is damaged and unusable since yesterday. Please arrange a proper solution for the affected residents.,Hostel/Provost Office
I want to report that the hostel room has a broken cupboard and damaged bed frame during the last two classes i already reported it but no response yet.,Hostel/Provost Office
My complaint is that the projector displays a blank screen even though the laptop is connected which is interrupting classes and assignments. I would appreciate a proper technical fix for this issue.,IT Services
The biometric attendance device is not recognizing fingerprints. Can the IT team check the account or service configuration?,IT Services
I noticed that a submitted document is still marked as missing in the administrative record can u check this please?,Administrative Offices
Could you please check this? a refund approved earlier has still not been transferred since last week and I have visited the office more than once; Can the administrative office review this and provide the correct status?,Administrative Offices
Could you please check this? I was assigned a hostel room that is already occupied can u check this please?,Hostel/Provost Office
The room allocation list shows the wrong hostel block for me after the latest update. Please arrange a proper solution for the affected residents.,Hostel/Provost Office
This is getting difficult because the hot water supply stops before the announced timing which is making it difficult to follow the hostel routine. Please ask the hostel administration to resolve this.,Hostel/Provost Office
I need help because my student ID card has the wrong program printed on it and I have already submitted the required proof; Kindly ask the relevant office to resolve this issue.,Administrative Offices
"I have already tried to get this sorted, but the classroom AC is running but not cooling the room since last week this is causing alot of trouble.",Maintenance & Facilities
I have been facing a problem where the main building entrance becomes flooded after rain since the start of this semester. Please have the facilities staff check this issue.,Maintenance & Facilities
I noticed that the backup generator did not start during the last power outage this is causing alot of trouble.,Maintenance & Facilities
"I noticed that my university email is not receiving messages from official mailing lists even after I reported it earlier. The issue is not urgent in an emergency sense, but it needs proper attention. Please restore access as soon as possible.",IT Services
Please look into this issue: my admission application shows incomplete documents although everything was submitted since yesterday. I checked the relevant notice and the information still does not match. Please check the payment or document status and correct it.,Administrative Offices
I want to report that the accounts office asked for the same payment proof multiple times since last week. I request that this matter be processed without further delay.,Administrative Offices
"Hi, rainwater is entering the corridor through a damaged window since the start of this semester but no repair has been done yet. Please have the facilities staff check this issue.",Maintenance & Facilities
"I noticed that the hot water supply stops before the announced timing since yesterday. I have tried the normal procedure once already, but nothing changed. Please arrange a proper solution for the affected residents.",Hostel/Provost Office
"I have already tried to get this sorted, but the hostel gate was locked earlier than the official curfew time. I am not sure who else to contact, so I am submitting this complaint. Please check the hostel record and fix the problem.",Hostel/Provost Office
The hostel mess is serving food much later than the announced timing after the latest update which is making it difficult to follow the hostel routine. I request the provost office to investigate and take action.,Hostel/Provost Office
"For the past few days, the room window does not close properly and insects enter at night. I am not sure who else to contact, so I am submitting this complaint. Please arrange a proper solution for the affected residents.",Hostel/Provost Office
The university portal is not loading after I sign in during the last two classes and other students in the same area are facing it too. Please check the system and resolve the technical issue.,IT Services
I need help because the fee challan generated by the portal has the wrong amount for three days now so I need clarification and correction. I request that this matter be processed without further delay.,Administrative Offices
There is an issue with my university record: the hostel room has a broken cupboard and damaged bed frame even after I reported it earlier and several residents are affected. Please check the hostel record and fix the problem.,Hostel/Provost Office
My complaint is that the hostel gate was locked earlier than the official curfew time after the latest update. This is affecting a routine university task that I need to complete. Can this be addressed by the hostel management soon?,Hostel/Provost Office
Please look into this issue: there is no water in the washrooms on our floor since last week i already reported it but no response yet.,Maintenance & Facilities
I noticed that I was charged a late fee even though I paid before the deadline since the start of this semester and the deadline is approaching. Please check the payment or document status and correct it.,Administrative Offices
This is getting difficult because my transcript is missing one completed course during the last two classes. i checked the relevant notice and the information still does not match. Kindly check this issue and update the academic record.,Academic
"For the past few days, the university WiFi keeps disconnecting in the library since last week and it is affecting access to university systems. Please check the system and resolve the technical issue.",IT Services
I have been facing a problem where there is no hot water in the hostel bathrooms in the morning which is making it difficult to follow the hostel routine; Please arrange a proper solution for the affected residents.,Hostel/Provost Office
"For the past few days, two of my final exams are scheduled at the same time even after I reported it earlier and I am worried it may affect my GPA; Kindly check this issue and update the academic record.",Academic
I have been facing a problem where the classroom projector loses connection every few minutes even after I reported it earlier which is interrupting classes and assignments; Please restore access as soon as possible.,IT Services
My complaint is that the timetable shows a room and time that do not match the department notice since the start of this semester. Please review the matter before the next academic deadline.,Academic
"Hi, the washroom drainage is blocked and water is collecting on the floor for three days now. I checked the relevant notice and the information still does not match. Kindly arrange a repair as soon as possible.",Maintenance & Facilities
My thesis supervisor has not been assigned even though the deadline passed which may delay my graduation process. Can someone please confirm the correct status and fix the error?,Academic
Please look into this issue: there is no water in the washrooms on our floor even after I reported it earlier kindly sort this out.,Maintenance & Facilities
I want to report that a submitted document is still marked as missing in the administrative record since yesterday which may affect my registration. I request that this matter be processed without further delay.,Administrative Offices
I want to report that the hostel water dispenser is frequently empty even after I reported it earlier. I request the provost office to investigate and take action.,Hostel/Provost Office
"For the past few days, the main building entrance becomes flooded after rain during the last two classes. I am not sure who else to contact, so I am submitting this complaint. Kindly arrange a repair as soon as possible.",Maintenance & Facilities
"Garbage is not being removed regularly from the hostel floor since last week. I am not sure who else to contact, so I am submitting this complaint. I request the provost office to investigate and take action.",Hostel/Provost Office
There is an issue with my university record: the corridor floor tiles are broken and causing people to trip since the start of this semester i already reported it but no response yet.,Maintenance & Facilities
There is an issue with my university record: i have not received feedback from my thesis supervisor for several weeks even after I reported it earlier. Please verify the record and correct it.,Academic
"For the past few days, the online service becomes unavailable during registration hours since last week. I checked the relevant notice and the information still does not match. Kindly have IT support investigate this.",IT Services
"Hi, the fee installment approval is not reflected in the system so I need clarification and correction. Kindly ask the relevant office to resolve this issue.",Administrative Offices
I want to report that the elevator stops between floors and feels unsafe i already reported it but no response yet.,Maintenance & Facilities
I have been facing a problem where my admission application shows incomplete documents although everything was submitted after the latest update so I need clarification and correction; Can the administrative office review this and provide the correct status?,Administrative Offices
Could you please check this? my semester fee payment is complete but the account still shows an unpaid balance during the last two classes. Please verify the record and update it.,Administrative Offices
"Hi, the mess menu is repeatedly changed without notice. I request the provost office to investigate and take action.",Hostel/Provost Office
I want to report that the washroom drainage is blocked and water is collecting on the floor even after I reported it earlier kindly sort this out.,Maintenance & Facilities
My complaint is that the backup generator did not start during the last power outage during the last two classes and it is disturbing classes; Please send the maintenance team to inspect and repair it.,Maintenance & Facilities
"I have already tried to get this sorted, but the hostel mess is serving food much later than the announced timing since yesterday which is making it difficult to follow the hostel routine. Kindly have the warden or provost office look into the issue.",Hostel/Provost Office
The hostel gate was locked earlier than the official curfew time pls fix this soon.,Hostel/Provost Office
"For the past few days, my quiz marks were not included in the final course total since the start of this semester. I checked the relevant notice and the information still does not match. Please review the matter before the next academic deadline.",Academic
Could you please check this? the hostel water dispenser is frequently empty since yesterday. I checked the relevant notice and the information still does not match. Please check the hostel record and fix the problem.,Hostel/Provost Office
My complaint is that the registration system says the course is full even though seats were announced since last week. I checked the relevant notice and the information still does not match. Please look into this because I have not been able to resolve it myself.,Academic
"For the past few days, my registered course disappeared after the add/drop period i already reported it but no response yet.",Academic
There is an issue with my university record: several classroom chairs have broken writing arms since last week and students are avoiding the room. Please have the facilities staff check this issue.,Maintenance & Facilities
I have been facing a problem where garbage is not being removed regularly from the hostel floor for three days now and the situation is getting worse. Pls ask the hostel administration to resolve this.,Hostel/Provost Office
My complaint is that clothes left in the hostel laundry area are being mixed up and several residents are affected. Please arrange a proper solution for the affected residents.,Hostel/Provost Office
I want to report that the licensed software on the lab PC says the activation has expired for three days now and the problem happens repeatedly; Please troubleshoot this because the usual fixes have not worked.,IT Services
My complaint is that the hostel gate was locked earlier than the official curfew time since yesterday pls fix this soon.,Hostel/Provost Office
"For the past few days, a prerequisite is being shown as incomplete although I passed it since the start of this semester. Please verify the record and correct it.",Academic
Please look into this issue: the common room furniture is damaged and unusable since last week and the situation is getting worse. i request the provost office to investigate and take action.,Hostel/Provost Office
I have been facing a problem where my student card renewal request is still pending which may affect my registration. Kindly ask the relevant office to resolve this issue.,Administrative Offices
Could you please check this? rainwater is entering the corridor through a damaged window kindly sort this out.,Maintenance & Facilities
I noticed that there is a serious noise problem from the neighboring hostel room late at night even after I reported it earlier. I request the provost office to investigate and take action.,Hostel/Provost Office
There is an issue with my university record: uploaded lecture files on the LMS are not opening and restarting the device did not help; Please restore access as soon as possible.,IT Services
"For the past few days, the toilet flush in the student washroom is broken during the last two classes so the facility needs attention. Please have the facilities staff check this issue.",Maintenance & Facilities
I have been facing a problem where a prerequisite is being shown as incomplete although I passed it since the start of this semester so I need the academic record checked; Can someone please confirm the correct status and fix the error?,Academic
"I need help because my bonafide certificate request has not been processed since yesterday please help, its still not fixed.",Administrative Offices
I have been facing a problem where the hostel mess is serving food much later than the announced timing. Please ask the hostel administration to resolve this.,Hostel/Provost Office
I want to report that power sockets in the classroom are loose and unsafe to use. Kindly arrange a repair as soon as possible.,Maintenance & Facilities
"I have already tried to get this sorted, but garbage is not being removed regularly from the hostel floor since last week. I have tried the normal procedure once already, but nothing changed. I request the provost office to investigate and take action.",Hostel/Provost Office
Please look into this issue: a repeated complaint about hostel room cleanliness has not been addressed after the latest update can u check this please?,Hostel/Provost Office
"For the past few days, my admission application shows incomplete documents although everything was submitted and I have already submitted the required proof; Please check the payment or document status and correct it.",Administrative Offices
My hostel room allocation is still pending even though the semester has started even after I reported it earlier which is making it difficult to follow the hostel routine. Can this be addressed by the hostel management soon?,Hostel/Provost Office
My complaint is that one of the lab computers keeps restarting by itself even after I reported it earlier can u check this please?,IT Services
I have been facing a problem where the LMS is not showing one of my registered courses can u check this please?,IT Services
i noticed that the university portal is not loading after I sign in after the latest update and it is affecting access to university systems; Please troubleshoot this because the usual fixes have not worked.,IT Services
Could you please check this? the elevator stops between floors and feels unsafe since the start of this semester and the problem has continued for several days. Can maintenance please inspect the area and resolve it?,Maintenance & Facilities
"Hi, the hostel corridor has not been cleaned properly for days. I checked the relevant notice and the information still does not match. I request the provost office to investigate and take action.",Hostel/Provost Office
I am having a problem because my submitted assignment is still showing as not submitted can u check this please?,Academic
"Hi, the hostel water dispenser is frequently empty for three days now. I request the provost office to investigate and take action.",Hostel/Provost Office
"I have already tried to get this sorted, but the registrar office has not issued a requested official document and I am unable to complete the next step; I request that this matter be processed without further delay.",Administrative Offices
Please look into this issue: the exam date was changed without a clear notice. I checked the relevant notice and the information still does not match. Please verify the record and correct it.,Academic
"For the past few days, the accounts office says my refund is processed but I have not received it for three days now. Can the administrative office review this and provide the correct status?",Administrative Offices
My complaint is that my transcript is missing one completed course so I need the academic record checked. Kindly check this issue and update the academic record.,Academic
I am having a problem because a washroom tap has been leaking continuously even after I reported it earlier. I checked the relevant notice and the information still does not match. Kindly arrange a repair as soon as possible.,Maintenance & Facilities
This is getting difficult because the laundry machines have been out of order for several days since the start of this semester and several residents are affected. Can this be addressed by the hostel management soon?,Hostel/Provost Office
My complaint is that the admission office has not updated my verification status which may affect my registration; Please check the payment or document status and correct it.,Administrative Offices
I noticed that one of the lab computers keeps restarting by itself. I would appreciate a proper technical fix for this issue.,IT Services
"For the past few days, several ceiling fans in the lecture room are not working since the start of this semester and it is especially difficult during afternoon classes. Can maintenance please inspect the area and resolve it?",Maintenance & Facilities
Please look into this issue: I was marked absent in a class where I signed the attendance sheet even after I reported it earlier so I cannot confirm whether my record is correct; I would appreciate it if the department could resolve this soon.,Academic
I need help because there is a serious noise problem from the neighboring hostel room late at night even after I reported it earlier i already reported it but no response yet.,Hostel/Provost Office
"Hi, the hostel mess is serving food much later than the announced timing can u check this please?",Hostel/Provost Office
Please look into this issue: the laundry machines have been out of order for several days and the situation is getting worse. Please check the hostel record and fix the problem.,Hostel/Provost Office
There is an issue with my university record: the registration system says the course is full even though seats were announced since last week but the issue is still unresolved. Please look into this because I have not been able to resolve it myself.,Academic
This is getting difficult because the parking area is badly congested because the markings are not visible after the latest update and temporary fixes have not solved it; This needs to be fixed before it becomes a bigger problem.,Maintenance & Facilities
"For the past few days, the campus WiFi connects but there is no internet access since last week can u check this please?",IT Services
There is an issue with my university record: the classroom AC is running but not cooling the room for three days now which is making the area difficult to use; Please arrange proper repair rather than another temporary fix.,Maintenance & Facilities
"My bonafide certificate request has not been processed after the latest update. I have tried the normal procedure once already, but nothing changed. Please verify the record and update it.",Administrative Offices
This is getting difficult because several ceiling fans in the lecture room are not working which is causing inconvenience to students and staff; Can maintenance please inspect the area and resolve it?,Maintenance & Facilities
"Clothes left in the hostel laundry area are being mixed up during the last two classes please help, its still not fixed.",Hostel/Provost Office
I am having a problem because internet speed in the lab is too slow to access course material since yesterday so I need the account or service checked. Please check the system and resolve the technical issue.,IT Services
The elevator in the main block is out of service again during the last two classes which is causing inconvenience to students and staff. This needs to be fixed before it becomes a bigger problem.,Maintenance & Facilities
My complaint is that the hostel mess is serving food much later than the announced timing pls fix this soon.,Hostel/Provost Office
Please look into this issue: several ceiling fans in the lecture room are not working and students are avoiding the room; This needs to be fixed before it becomes a bigger problem.,Maintenance & Facilities
A drainage channel near the department building is overflowing during the last two classes this is causing alot of trouble.,Maintenance & Facilities
Could you please check this? the elevator in the main block is out of service again since the start of this semester so the facility needs attention. Please arrange proper repair rather than another temporary fix.,Maintenance & Facilities
Please look into this issue: the parking area is badly congested because the markings are not visible since the start of this semester and students are avoiding the room. Please have the facilities staff check this issue.,Maintenance & Facilities
I am having a problem because a classroom door lock is jammed and the room cannot be secured since yesterday i already reported it but no response yet.,Maintenance & Facilities
I need help because the desks in the room are damaged and unstable since the start of this semester and the problem has continued for several days. Please send the maintenance team to inspect and repair it.,Maintenance & Facilities
There is an issue with my university record: I am locked out of my university account even after resetting the password since last week and the problem happens repeatedly. Kindly have IT support investigate this.,IT Services
"For the past few days, my midterm marks are missing from the portal even after I reported it earlier and I do not know which information to follow. Please review the matter before the next academic deadline.",Academic
The grading rubric was not followed for my project evaluation. Please look into this because I have not been able to resolve it myself.,Academic
I have been facing a problem where the mess food is often cold by the time students are served since the start of this semester and it is becoming frustrating for residents. Please check the hostel record and fix the problem.,Hostel/Provost Office
There is an issue with my university record: outgoing messages from my university email are being rejected which is causing delays in my coursework. Please check the system and resolve the technical issue.,IT Services
"I have already tried to get this sorted, but there is a serious noise problem from the neighboring hostel room late at night since last week and the issue has been reported before. Can this be addressed by the hostel management soon?",Hostel/Provost Office
"Hi, the biometric system records entry but does not update attendance since last week. The issue is not urgent in an emergency sense, but it needs proper attention. Kindly have IT support investigate this.",IT Services
I noticed that outgoing messages from my university email are being rejected for three days now and it is affecting access to university systems. Please restore access as soon as possible.,IT Services
I am having a problem because the timetable shows a room and time that do not match the department notice since yesterday. I checked the relevant notice and the information still does not match. Can someone please confirm the correct status and fix the error?,Academic
My complaint is that my roommate was changed without any prior notice even after I reported it earlier. This is affecting a routine university task that I need to complete. Kindly have the warden or provost office look into the issue.,Hostel/Provost Office
I want to report that I received conflicting instructions from the registrar and accounts office since last week which may affect my registration. Can the administrative office review this and provide the correct status?,Administrative Offices
"Hi, two of my final exams are scheduled at the same time since the start of this semester. I have tried the normal procedure once already, but nothing changed. Please verify the record and correct it.",Academic
I have been facing a problem where the timetable shows a room and time that do not match the department notice after the latest update kindly sort this out.,Academic
"I have already tried to get this sorted, but the main building entrance becomes flooded after rain even after I reported it earlier can u check this please?",Maintenance & Facilities
The lights in our classroom keep flickering during lectures since yesterday. Please have the facilities staff check this issue.,Maintenance & Facilities
I want to report that the admission office entered the wrong academic program in my record this is causing alot of trouble.,Administrative Offices
I am having a problem because the admission office entered the wrong academic program in my record during the last two classes and this is blocking another university process. Please check the payment or document status and correct it.,Administrative Offices
My complaint is that the university WiFi keeps disconnecting in the library since the start of this semester pls fix this soon.,IT Services
Please look into this issue: the scholarship status has remained pending for a long time since the start of this semester. Please verify the record and update it.,Administrative Offices
I need help because the corridor floor tiles are broken and causing people to trip during the last two classes but no repair has been done yet. Please arrange proper repair rather than another temporary fix.,Maintenance & Facilities
I have been facing a problem where the result portal shows an incomplete grade even though all work was submitted after the latest update so I cannot confirm whether my record is correct. Please verify the record and correct it.,Academic
Could you please check this? I received conflicting instructions from the registrar and accounts office for three days now kindly sort this out.,Administrative Offices
There is an issue with my university record: the hot water supply stops before the announced timing kindly sort this out.,Hostel/Provost Office
"I have already tried to get this sorted, but my submitted assignment is still showing as not submitted since yesterday. I checked the relevant notice and the information still does not match. Please review the matter before the next academic deadline.",Academic
"For the past few days, the printer in the student lab is showing an error for every print job. I would appreciate a proper technical fix for this issue.",IT Services
I noticed that outgoing messages from my university email are being rejected since last week. Kindly have IT support investigate this.,IT Services
There is an issue with my university record: the air conditioner is leaking water onto the floor and the problem has continued for several days. Please have the facilities staff check this issue.,Maintenance & Facilities
"Please look into this issue: required software is missing from several computers in the lab for three days now. I have tried the normal procedure once already, but nothing changed. Kindly have IT support investigate this.",IT Services
I noticed that the exam date was changed without a clear notice after the latest update. Please look into this because I have not been able to resolve it myself.,Academic
"I have already tried to get this sorted, but power sockets in the classroom are loose and unsafe to use even after I reported it earlier. The issue is not urgent in an emergency sense, but it needs proper attention. This needs to be fixed before it becomes a bigger problem.",Maintenance & Facilities
I need help because the washroom drainage is blocked and water is collecting on the floor during the last two classes can u check this pls?,Maintenance & Facilities
Could you please check this? the main building entrance becomes flooded after rain even after I reported it earlier but no repair has been done yet. Please arrange proper repair rather than another temporary fix.,Maintenance & Facilities
Could you please check this? the registrar office has not issued a requested official document since the start of this semester pls fix this soon.,Administrative Offices
This is getting difficult because a washroom tap has been leaking continuously for three days now and it is disturbing classes. Can maintenance please inspect the area and resolve it?,Maintenance & Facilities
"Hi, the online service becomes unavailable during registration hours since last week i already reported it but no response yet.",IT Services
Please look into this issue: the hostel water dispenser is frequently empty which is making it difficult to follow the hostel routine. Can this be addressed by the hostel management soon?,Hostel/Provost Office
I need help because my bonafide certificate request has not been processed since last week and I have visited the office more than once. Can the administrative office review this and provide the correct status?,Administrative Offices
I need help because the department server is unreachable from campus computers. Can the IT team check the account or service configuration?,IT Services
I want to report that my thesis supervisor has not been assigned even though the deadline passed during the last two classes i already reported it but no response yet.,Academic
"For the past few days, the registrar office has not issued a requested official document for three days now. The issue is not urgent in an emergency sense, but it needs proper attention. Please resolve the discrepancy in the official record.",Administrative Offices
I am having a problem because a washroom tap has been leaking continuously for three days now. This needs to be fixed before it becomes a bigger problem.,Maintenance & Facilities
Could you please check this? two of my final exams are scheduled at the same time and this is affecting my semester planning. Please look into this because I have not been able to resolve it myself.,Academic
My complaint is that my transcript is missing one completed course since yesterday. I would appreciate it if the department could resolve this soon.,Academic
There is an issue with my university record: the final result shows a different grade from the one announced by the instructor which is creating a problem with course registration. Kindly check this issue and update the academic record.,Academic
I want to report that the registrar office has not issued a requested official document after the latest update and I have already submitted the required proof. Please verify the record and update it.,Administrative Offices
I need help because the fee challan cannot be generated for the current semester since last week so I need the administrative record corrected; Kindly ask the relevant office to resolve this issue.,Administrative Offices
"Could you please check this? a prerequisite is being shown as incomplete although I passed it during the last two classes. I am not sure who else to contact, so I am submitting this complaint. Kindly check this issue and update the academic record.",Academic
"Could you please check this? the computer lab PCs are taking a very long time to log in since last week. I have tried the normal procedure once already, but nothing changed. Please troubleshoot this because the usual fixes have not worked.",IT Services
I noticed that my registered course disappeared after the add/drop period for three days now so I need the academic record checked. I would appreciate it if the department could resolve this soon.,Academic
I need help because several classroom chairs have broken writing arms since the start of this semester which is causing inconvenience to students and staff. Please have the facilities staff check this issue.,Maintenance & Facilities
"I am having a problem because the main building entrance becomes flooded after rain even after I reported it earlier. I have tried the normal procedure once already, but nothing changed. Please have the facilities staff check this issue.",Maintenance & Facilities
"Hi, the hostel water dispenser is frequently empty during the last two classes and the situation is getting worse. Can this be addressed by the hostel management soon?",Hostel/Provost Office
"Hi, the network printer accepts jobs but does not print anything. Please restore access as soon as possible.",IT Services
I want to report that several ceiling fans in the lecture room are not working since last week kindly sort this out.,Maintenance & Facilities
"I want to report that the biometric system records entry but does not update attendance since yesterday. I have tried the normal procedure once already, but nothing changed. Kindly have IT support investigate this.",IT Services
"Hi, a repeated complaint about hostel room cleanliness has not been addressed. This is affecting a routine university task that I need to complete. Please arrange a proper solution for the affected residents.",Hostel/Provost Office
This is getting difficult because internet speed in the lab is too slow to access course material but the issue still continues. Please troubleshoot this because the usual fixes have not worked.,IT Services
There is an issue with my university record: the fee installment approval is not reflected in the system can u check this please?,Administrative Offices
"Several ceiling fans in the lecture room are not working. I have tried the normal procedure once already, but nothing changed. Can maintenance please inspect the area and resolve it?",Maintenance & Facilities
The registration system says the course is full even though seats were announced since yesterday so I need the academic record checked. Kindly check this issue and update the academic record.,Academic
"I want to report that there is no water in the washrooms on our floor since last week please help, its still not fixed.",Maintenance & Facilities
"Hi, the campus WiFi connects but there is no internet access since last week can u check this please?",IT Services
Please look into this issue: the computer lab PCs are taking a very long time to log in. Kindly have IT support investigate this.,IT Services
"I have already tried to get this sorted, but I was marked absent in a class where I signed the attendance sheet for three days now this is causing alot of trouble.",Academic
I need help because garbage is not being removed regularly from the hostel floor during the last two classes and it is becoming frustrating for residents. Can this be addressed by the hostel management soon?,Hostel/Provost Office
There is an issue with my university record: two of my final exams are scheduled at the same time but the issue is still unresolved. Can someone please confirm the correct status and fix the error?,Academic
I have been facing a problem where my security deposit refund is still pending after clearance after the latest update kindly sort this out.,Administrative Offices
"I am having a problem because the parking area is badly congested because the markings are not visible. I have tried the normal procedure once already, but nothing changed. Please send the maintenance team to inspect and repair it.",Maintenance & Facilities
The drinking water cooler is not working for three days now i already reported it but no response yet.,Maintenance & Facilities
My complaint is that a repeated complaint about hostel room cleanliness has not been addressed and several residents are affected; Please arrange a proper solution for the affected residents.,Hostel/Provost Office
"Could you please check this? the ceiling has damp patches and pieces of plaster are falling during the last two classes. I have tried the normal procedure once already, but nothing changed. This needs to be fixed before it becomes a bigger problem.",Maintenance & Facilities
"For the past few days, the registrar office has not issued a requested official document even after I reported it earlier. The issue is not urgent in an emergency sense, but it needs proper attention. Please resolve the discrepancy in the official record.",Administrative Offices
Please look into this issue: the admission office has not updated my verification status after the latest update and this is blocking another university process. Please resolve the discrepancy in the official record.,Administrative Offices
I have been facing a problem where several ceiling fans in the lecture room are not working for three days now. I checked the relevant notice and the information still doesnt match. This needs to be fixed before it becomes a bigger problem.,Maintenance & Facilities
There is an issue with my university record: the mess food is often cold by the time students are served during the last two classes. Kindly have the warden or provost office look into the issue.,Hostel/Provost Office
I noticed that several classroom chairs have broken writing arms after the latest update so the facility needs attention. This needs to be fixed before it becomes a bigger problem.,Maintenance & Facilities
i need help because the room window does not close properly and insects enter at night since the start of this semester which is affecting sleep and study. I request the provost office to investigate and take action.,Hostel/Provost Office
There is an issue with my university record: a refund approved earlier has still not been transferred even after I reported it earlier i already reported it but no response yet.,Administrative Offices
The elevator in the main block is out of service again and the problem has continued for several days; Please have the facilities staff check this issue.,Maintenance & Facilities
I noticed that the desks in the room are damaged and unstable for three days now. Kindly arrange a repair as soon as possible.,Maintenance & Facilities
i want to report that uploaded lecture files on the LMS are not opening even after I reported it earlier which is causing delays in my coursework; Kindly have IT support investigate this.,IT Services
The curfew entry record shows me late even though I entered before closing time since last week. Please ask the hostel administration to resolve this.,Hostel/Provost Office
Could you please check this? my makeup exam application was approved but no exam schedule has been shared for three days now and the deadline is getting very close; Kindly check this issue and update the academic record.,Academic
I noticed that my semester fee payment is complete but the account still shows an unpaid balance since last week. I checked the relevant notice and the information still does not match. Can the administrative office review this and provide the correct status?,Administrative Offices
"Hi, the admission office entered the wrong academic program in my record for three days now this is causing alot of trouble.",Administrative Offices
I am having a problem because the admission office entered the wrong academic program in my record for three days now and the deadline is approaching; Please resolve the discrepancy in the official record.,Administrative Offices
There is an issue with my university record: the LMS is not showing one of my registered courses i already reported it but no response yet.,IT Services
This is getting difficult because garbage isnt being removed regularly from the hostel floor for three days now. This is affecting a routine university task that I need to complete. Please arrange a proper solution for the affected residents.,Hostel/Provost Office
Could you please check this? the air conditioner is leaking water onto the floor after the latest update but no repair has been done yet. Please arrange proper repair rather than another temporary fix.,Maintenance & Facilities
I noticed that the projector displays a blank screen even though the laptop is connected during the last two classes i already reported it but no response yet.,IT Services
"My complaint is that my midterm marks are missing from the portal during the last two classes please help, its still not fixed.",Academic
I need help because my GPA calculation appears incorrect after the latest result for three days now. This is affecting a routine university task that I need to complete. I would appreciate it if the department could resolve this soon.,Academic
I have been facing a problem where rainwater is entering the corridor through a damaged window. Please have the facilities staff check this issue.,Maintenance & Facilities
A submitted document is still marked as missing in the administrative record since yesterday kindly sort this out.,Administrative Offices
"Hi, the timetable shows a room and time that do not match the department notice since yesterday and I am worried it may affect my GPA; I would appreciate it if the department could resolve this soon.",Academic
Please look into this issue: I received conflicting instructions from the registrar and accounts office can u check this please?,Administrative Offices
"I have already tried to get this sorted, but uploaded lecture files on the LMS are not opening since yesterday please help, its still not fixed.",IT Services
There is an issue with my university record: the financial aid amount shown is different from the approved amount this is causing alot of trouble.,Administrative Offices
I am having a problem because the stairway lights are not working in the evening even after I reported it earlier and it is especially difficult during afternoon classes; Kindly arrange a repair as soon as possible.,Maintenance & Facilities
"Hi, my attendance percentage is lower than the classes i actually attended. Please verify the record and correct it.",Academic
My complaint is that the air conditioner is leaking water onto the floor since the start of this semester and it is especially difficult during afternoon classes. This needs to be fixed before it becomes a bigger problem.,Maintenance & Facilities
"Hi, my course section was changed without my request since the start of this semester and the deadline is getting very close. Kindly check this issue and update the academic record.",Academic
"I have already tried to get this sorted, but a refund approved earlier has still not been transferred during the last two classes. Please verify the record and update it.",Administrative Offices
Please look into this issue: the exam date was changed without a clear notice since last week and I do not know which information to follow; Please review the matter before the next academic deadline.,Academic
I noticed that the registration system says the course is full even though seats were announced and the deadline is getting very close; Please review the matter before the next academic deadline.,Academic
"I have already tried to get this sorted, but the final result shows a different grade from the one announced by the instructor after the latest update. I would appreciate it if the department could resolve this soon.",Academic
I am having a problem because my transcript is missing one completed course even after I reported it earlier. Please verify the record and correct it.,Academic
This is getting difficult because my quiz marks were not included in the final course total. This is affecting a routine university task that I need to complete. I would appreciate it if the department could resolve this soon.,Academic
My complaint is that a drainage channel near the department building is overflowing and the problem has continued for several days. Please have the facilities staff check this issue.,Maintenance & Facilities
"Hi, a classroom door lock is jammed and the room cannot be secured since yesterday which is causing inconvenience to students and staff. Please arrange proper repair rather than another temporary fix.",Maintenance & Facilities
"I have already tried to get this sorted, but clothes left in the hostel laundry area are being mixed up. This is affecting a routine university task that I need to complete. Can this be addressed by the hostel management soon?",Hostel/Provost Office
I am having a problem because the portal shows an error whenever I try to open my profile after the latest update so I need the account or service checked; Please restore access as soon as possible.,IT Services
"For the past few days, the licensed software on the lab PC says the activation has expired since yesterday but the issue still continues. Please troubleshoot this because the usual fixes have not worked.",IT Services
I am having a problem because my hostel room allocation is still pending even though the semester has started during the last two classes so the hostel staff need to resolve it; Please check the hostel record and fix the problem.,Hostel/Provost Office
"Could you please check this? there is no hot water in the hostel bathrooms in the morning. I am not sure who else to contact, so I am submitting this complaint. I request the provost office to investigate and take action.",Hostel/Provost Office
I need help because I was charged a late fee even though I paid before the deadline since yesterday and the deadline is approaching; Please resolve the discrepancy in the official record.,Administrative Offices
"I have already tried to get this sorted, but the room allocation list shows the wrong hostel block for me but there has been no proper response. Please arrange a proper solution for the affected residents.",Hostel/Provost Office
Could you please check this? my quiz marks were not included in the final course total. Can someone please confirm the correct status and fix the error?,Academic
I want to report that the hostel entrance security check is not being done consistently. Kindly have the warden or provost office look into the issue.,Hostel/Provost Office
Please look into this issue: my makeup exam application was approved but no exam schedule has been shared which may delay my graduation process. Can someone please confirm the correct status and fix the error?,Academic
"Please look into this issue: the air conditioner is leaking water onto the floor please help, its still not fixed.",Maintenance & Facilities
"I have already tried to get this sorted, but the toilet flush in the student washroom is broken. I checked the relevant notice and the information still does not match. Please send the maintenance team to inspect and repair it.",Maintenance & Facilities
"For the past few days, internet speed in the lab is too slow to access course material please help, its still not fixed.",IT Services
I want to report that the university portal is not loading after I sign in. Please troubleshoot this because the usual fixes have not worked.,IT Services
"Hi, one of the lab computers keeps restarting by itself since the start of this semster. The issue is not urgent in an emergency sense, but it needs proper attention. Kindly have IT support investigate this.",IT Services
My complaint is that my registered course disappeared after the add/drop period since last week i already reported it but no response yet.,Academic
"For the past few days, the hostle entrance security check is not being done consistently even after I reported it earlier. Can this be addressed by the hostel management soon?",Hostel/Provost Office
My complaint is that the stairway lights are not working in the evening. This is affecting a routine university task that I need to complete. Kindly arrange a repair as soon as possible.,Maintenance & Facilities
I noticed that I am locked out of my university account even after resetting the password since last week and the problem happens repeatedly. Kindly have IT support investigate this.,IT Services
Could you please check this? my quiz marks were not included in the final course total and the deadline is getting very close; Please look into this because I have not been able to resolve it myself.,Academic
Could you please check this? the university portal isnt loading after I sign in after the latest update but the issue still continues. I would appreciate a proper technical fix for this issue.,IT Services
I have been facing a problem where my student ID card has the wrong program printed on it for three days now so I need clarification and correction; I request that this matter be processed without further delay.,Administrative Offices
This is getting difficult because required software is missing from several computers in the lab after the latest update and other students in the same area are facing it too; Kindly have IT support investigate this.,IT Services
This is getting difficult because my attendance percentage is lower than the classes I actually attended. I checked the relevant notice and the information still does not match. Please verify the record and correct it.,Academic
My complaint is that my official document request was closed without issuing the document during the last two classes pls fix this soon.,Administrative Offices
"I have already tried to get this sorted, but internet speed in the lab is too slow to access course material after the latest update. The issue is not urgent in an emergency sense, but it needs proper attention. I would appreciate a proper technical fix for this issue.",IT Services
"Hi, my semester fee payment is complete but the account still shows an unpaid balance. I am not sure who else to contact, so I am submitting this complaint. Please resolve the discrepancy in the official record.",Administrative Offices
My complaint is that the portal shows an error whenever I try to open my profile this is causing alot of trouble.,IT Services
Please look into this issue: the accounts office has not reflected my bank payment pls fix this soon.,Administrative Offices
I want to report that my security deposit refund is still pending after clearance since yesterday which is causing unnecessary delay; Kindly ask the relevant office to resolve this issue.,Administrative Offices
I need help because my scholarship amount has not been adjusted in the semester fee. Please resolve the discrepancy in the official record.,Administrative Offices
"For the past few days, the biometric attendance device is not recognizing fingerprints. I checked the relevant notice and the information still does not match. Please check the system and resolve the technical issue.",IT Services
I am having a problem because the classroom projector loses connection every few minutes since last week but the issue still continues; Can the IT team check the account or service configuration?,IT Services
I need help because my course section was changed without my request. Please verify the record and correct it.,Academic
My complaint is that I received conflicting instructions from the registrar and accounts office but the status has not changed. Please check the payment or document status and correct it.,Administrative Offices
"I want to report that the stairway lights are not working in the evening since the start of this semester please help, its still not fixed.",Maintenance & Facilities
This is getting difficult because outgoing messages from my university email are being rejected and other students in the same area are facing it too; Please check the system and resolve the technical issue.,IT Services
My complaint is that my attendance percentage is lower than the classes i actually attended since yesterday. I would appreciate it if the department could resolve this soon.,Academic
I am having a problem because the ceiling has damp patches and pieces of plaster are falling which is causing inconvenience to students and staff; Please have the facilities staff check this issue.,Maintenance & Facilities
"I have already tried to get this sorted, but the elevator in the main block is out of service again since yesterday can u check this please?",Maintenance & Facilities
Please look into this issue: my attendance percentage is lower than the classes I actually attended since the start of this semester but the issue is still unresolved. Can someone please confirm the correct status and fix the error?,Academic
"Hi, a required course is not appearing in course registration since yesterday so I cannot confirm whether my record is correct. Please review the matter before the next academic deadline.",Academic
i want to report that the desks in the room are damaged and unstable during the last two classes. I checked the relevant notice and the information still does not match. Please arrange proper repair rather than another temporary fix.,Maintenance & Facilities
I noticed that the common room furniture is damaged and unusable since last week which is making it difficult to follow the hostel routine. Kindly have the warden or provost office look into the issue.,Hostel/Provost Office
This is getting difficult because the financial aid amount shown is different from the approved amount after the latest update this is causing alot of trouble.,Administrative Offices
There is an issue with my university record: the university WiFi keeps disconnecting in the library since the start of this semester but the issue still continues. Kindly have IT support investigate this.,IT Services
"Hi, I received conflicting instructions from the registrar and accounts office even after I reported it earlier and I am unable to complete the next step. I request that this matter be processed without further delay.",Administrative Offices
"I need help because the printer in the student lab is showing an error for every print job even after I reported it earlier. I am not sure who else to contact, so I am submitting this complaint. Please check the system and resolve the technical issue.",IT Services
"I need help because the ceiling has damp patches and pieces of plaster are falling. I am not sure who else to contact, so I am submitting this complaint. Kindly arrange a repair as soon as possible.",Maintenance & Facilities
"I have already tried to get this sorted, but the department server is unreachable from campus computers since last week. Please check the system and resolve the technical issue.",IT Services
I noticed that the exam date was changed without a clear notice can u check this please?,Academic
"This is getting difficult because the elevator in the main block is out of service again after the latest update. The issue is not urgent in an emergency sense, but it needs proper attention. Please have the facilities staff check this issue.",Maintenance & Facilities
I want to report that the biometric attendance device is not recognizing fingerprints so I need the account or service checked. Please troubleshoot this because the usual fixes have not worked.,IT Services
"There is an issue with my university record: the campus WiFi connects but there is no internet access after the latest update. I have tried the normal procedure once already, but nothing changed. Please check the system and resolve the technical issue.",IT Services
"Please look into this issue: my hostel room allocation is still pending even though the semester has started even after I reported it earlier. I have tried the normal procedure once already, but nothing changed. Can this be addressed by the hostel management soon?",Hostel/Provost Office
I have been facing a problem where the mess menu is repeatedly changed without notice for three days now. I checked the relevant notice and the information still does not match. Kindly have the warden or provost office look into the issue.,Hostel/Provost Office
There is an issue with my university record: there is no water in the washrooms on our floor since yesterday. This needs to be fixed before it becomes a bigger problem.,Maintenance & Facilities
Please look into this issue: the timetable shows a room and time that do not match the department notice for three days now. Please review the matter before the next academic deadline.,Academic
Please look into this issue: the fee challan cannot be generated for the current semester which may affect my registration. I request that this matter be processed without further delay.,Administrative Offices
Could you please check this? the hostel mess is serving food much later than the announced timing and the situation is getting worse. Please ask the hostel administration to resolve this.,Hostel/Provost Office
The printer in the student lab is showing an error for every print job since yesterday. Kindly have IT support investigate this.,IT Services
The accounts office has not reflected my bank payment for three days now and the deadline is approaching; Please check the payment or document status and correct it.,Administrative Offices
"Hi, the fee challan cannot be generated for the current semester even after I reported it earlier. Please check the payment or document status and correct it.",Administrative Offices
I noticed that the hostel entrance security check is not being done consistently since the start of this semester pls fix this soon.,Hostel/Provost Office
Please look into this issue: unknown visitors have been entering the hostel without proper checking since the start of this semester so I need the provost office to check the matter. Please ask the hostel administration to resolve this.,Hostel/Provost Office
Could you please check this? the toilet flush in the student washroom is broken. Kindly arrange a repair as soon as possible.,Maintenance & Facilities
"I am having a problem because the hostel room has a broken cupboard and damaged bed frame after the latest update. I am not sure who else to contact, so I am submitting this complaint. I request the provost office to investigate and take action.",Hostel/Provost Office
"Hi, the grading rubric was not followed for my project evaluation since last week and I am worried it may affect my GPA; Please verify the record and correct it.",Academic
I am having a problem because the hostel entrance security check is not being done consistently. I checked the relevant notice and the information still does not match. I request the provost office to investigate and take action.,Hostel/Provost Office
"Hi, two of my final exams are scheduled at the same time for three days now. I am not sure who else to contact, so I am submitting this complaint. Please review the matter before the next academic deadline.",Academic
"This is getting difficult because my official document request was closed without issuing the document since last week. The issue is not urgent in an emergency sense, but it needs proper attention. Please check the payment or document status and correct it.",Administrative Offices
"I have already tried to get this sorted, but my admission application shows incomplete documents although everything was submitted. Please resolve the discrepancy in the official record.",Administrative Offices
I have been facing a problem where the hostel mess is serving food much later than the announced timing after the latest update. I request the provost office to investigate and take action.,Hostel/Provost Office
"I have already tried to get this sorted, but the fee challan cannot be generated for the current semester. Can the administrative office review this and provide the correct status?",Administrative Offices
i have been facing a problem where my security deposit refund is still pending after clearance which is causing unnecessary delay. Kindly ask the relevant office to resolve this issue.,Administrative Offices
This is getting difficult because network access in the engineering block drops repeatedly after the latest update and the problem happens repeatedly; i would appreciate a proper technical fix for this issue.,IT Services
I want to report that the fee challan generated by the portal has the wrong amount. This is affecting a routine university task that I need to complete. Please check the payment or document status and correct it.,Administrative Offices
I need help because my GPA calculation appears incorrect after the latest result since yesterday. Please look into this because I have not been able to resolve it myself.,Academic
I want to report that the elevator stops between floors and feels unsafe since last week and it is disturbing classes; Please arrange proper repair rather than another temporary fix.,Maintenance & Facilities
"Hi, rainwater is entering the corridor through a damaged window. The issue is not urgent in an emergency sense, but it needs proper attention. Please send the maintenance team to inspect and repair it.",Maintenance & Facilities
"Hi, the curfew entry record shows me late even though I entered before closing time since yesterday and the issue has been reported before. Can this be addressed by the hostel management soon?",Hostel/Provost Office
I want to report that the curfew entry record shows me late even though I entered before closing time and it is causing problems with daily hostel life; Can this be addressed by the hostel management soon?,Hostel/Provost Office
"Hi, my GPA calculation appears incorrect after the latest result since yesterday. This is affecting a routine university task that I need to complete. Please look into this because I have not been able to resolve it myself.",Academic
I need help because the computer lab PCs are taking a very long time to log in even after I reported it earlier i already reported it but no response yet.,IT Services
"This is getting difficult because the accounts office says my refund is processed but i have not received it since the start of this semester. I am not sure who else to contact, so I am submitting this complaint. Please check the payment or document status and correct it.",Administrative Offices
I noticed that the room allocation list shows the wrong hostel block for me since last week and it is becoming frustrating for residents. Please check the hostel record and fix the problem.,Hostel/Provost Office
This is getting difficult because the registration system says the course is full even though seats were announced during the last two classes and this is affecting my semester planning. Please review the matter before the next academic deadline.,Academic
There is an issue with my university record: my admission application shows incomplete documents although everything was submitted since last week and I have visited the office more than once; Please verify the record and update it.,Administrative Offices
There is an issue with my university record: my midterm marks are missing from the portal can u check this please?,Academic
There is an issue with my university record: the mess food is often cold by the time students are served i already reported it but no response yet.,Hostel/Provost Office
My complaint is that the assignment grade was entered under the wrong student record which may delay my graduation process; Can someone please confirm the correct status and fix the error?,Academic
I noticed that the registration system says the course is full even though seats were announced for three days now and I do not know which information to follow; Kindly check this issue and update the academic record.,Academic
"Could you please check this? I have not received feedback from my thesis supervisor for several weeks even after I reported it earlier please help, its still not fixed.",Academic
"Hi, the fee installment approval is not reflected in the system after the latest update and the deadline is approaching. I request that this matter be processed without further delay.",Administrative Offices
"For the past few days, the timetable has overlapping lectures for two compulsory courses but the issue is still unresolved; Please look into this because I have not been able to resolve it myself.",Academic
"I have been facing a problem where the toilet flush in the student washroom is broken during the last two classes. I have tried the normal procedure once already, but nothing changed. Please arrange proper repair rather than another temporary fix.",Maintenance & Facilities
"My complaint is that I was marked absent in a class where I signed the attendance sheet since yesterday. I am not sure who else to contact, so I am submitting this complaint. Kindly check this issue and update the academic record.",Academic
"This is getting difficult because the registrar office has not issued a requested official document for three days now. The issue is not urgent in an emergency sense, but it needs proper attention. Please check the payment or document status and correct it.",Administrative Offices
I have been facing a problem where I am locked out of my university account even after resetting the password and the problem happens repeatedly; Please restore access as soon as possible.,IT Services
Could you please check this? my university email is not receiving messages from official mailing lists for three days now so I need the account or service checked. Please restore access as soon as possible.,IT Services
My complaint is that the lights in our classroom keep flickering during lectures since last week which is causing inconvenience to students and staff; Please have the facilities staff check this issue.,Maintenance & Facilities
My complaint is that the parking area is badly congested because the markings are not visible. Please have the facilities staff check this issue.,Maintenance & Facilities
I have been facing a problem where two-factor authentication codes for the portal arrive too late to use since last week. I checked the relevant notice and the information still doesnt match. Can the IT team check the account or service configuration?,IT Services
There is an issue with my university record: my financial aid application has not moved beyond initial review since yesterday which is causing unnecessary delay; Can the administrative office review this and provide the correct status?,Administrative Offices
I am having a problem because the scholarship status has remained pending for a long time since the start of this semester and I have visited the office more than once. Please verify the record and update it.,Administrative Offices
"This is getting difficult because there has been no electricity in part of the academic block since yesterday pls help, its still not fixed.",Maintenance & Facilities
"Could you please check this? the fee challan generated by the portal has the wrong amount since the start of this semester. The issue is not urgent in an emergency sense, but it needs proper attention. Please verify the record and update it.",Administrative Offices
"I need help because the online service becomes unavailable during registration hours. I have tried the normal procedure once already, but nothing changed. I would appreciate a proper technical fix for this issue.",IT Services
I want to report that my bonafide certificate request has not been processed since last week and this is blocking another university process. I request that this matter be processed without further delay.,Administrative Offices
Please look into this issue: the parking area is badly congested because the markings are not visible even after I reported it earlier and it is disturbing classes. Please send the maintenance team to inspect and repair it.,Maintenance & Facilities
I have been facing a problem where the backup generator did not start during the last power outage during the last two classes. Please have the facilities staff check this issue.,Maintenance & Facilities
"Hi, a washroom tap has been leaking continuously since yesterday and the problem has continued for several days. This needs to be fixed before it becomes a bigger problem.",Maintenance & Facilities
I need help because my bonafide certificate request has not been processed after the latest update so I need clarification and correction; Please check the payment or document status and correct it.,Administrative Offices
This is getting difficult because my quiz marks were not included in the final course total even after I reported it earlier. Please review the matter before the next academic deadline.,Academic
I am having a problem because the drinking water cooler is not working since yesterday and students are avoiding the room. This needs to be fixed before it becomes a bigger problem.,Maintenance & Facilities
I want to report that my midterm marks are missing from the portal since yesterday so I need the academic record checked. Kindly check this issue and update the academic record.,Academic
I need help because my student ID card has the wrong program printed on it since last week can u check this please?,Administrative Offices
I noticed that my quiz marks were not included in the final course total after the latest update. Please verify the record and correct it.,Academic
"For the past few days, my student ID card has the wrong program printed on it since yesterday and I have visited the office more than once. I request that this matter be processed without further delay.",Administrative Offices
There is an issue with my university record: my admission application shows incomplete documents although everything was submitted after the latest update but the status has not changed. Please check the payment or document status and correct it.,Administrative Offices
I want to report that the hostel corridor has not been cleaned properly for days since the start of this semester kindly sort this out.,Hostel/Provost Office
Could you please check this? the accounts office has not reflected my bank payment during the last two classes which is causing unnecessary delay. Can the administrative office review this and provide the correct status?,Administrative Offices
"Hi, my midterm marks are missing from the portal during the last two classes please help, its still not fixed.",Academic
"Could you please check this? my admission application shows incomplete documents although everything was submitted. i have tried the normal procedure once already, but nothing changed. Kindly ask the relevant office to resolve this issue.",Administrative Offices
"I am having a problem because the timetable has overlapping lectures for two compulsory courses. The issue is not urgent in an emergency sense, but it needs proper attention. Kindly check this issue and update the academic record.",Academic
I need help because the timetable has overlapping lectures for two compulsory courses after the latest update. I would appreciate it if the department could resolve this soon.,Academic
I need help because rainwater is entering the corridor through a damaged window even after I reported it earlier and temporary fixes have not solved it. Kindly arrange a repair as soon as possible.,Maintenance & Facilities
My complaint is that my university email is not receiving messages from official mailing lists during the last two classes and the problem happens repeatedly. Please restore access as soon as possible.,IT Services
Could you please check this? my financial aid application has not moved beyond initial review and the deadline is approaching. Please resolve the discrepancy in the official record.,Administrative Offices
My thesis supervisor has not been assigned even though the deadline passed pls fix this soon.,Academic
"For the past few days, my thesis supervisor has not been assigned even though the deadline passed since yesterday. This is affecting a routine university task that I need to complete. Can someone please confirm the correct status and fix the error?",Academic
I noticed that I was assigned a hostel room that is already occupied since last week so the hostel staff need to resolve it. I request the provost office to investigate and take action.,Hostel/Provost Office
Please look into this issue: my thesis supervisor has not been assigned even though the deadline passed for three days now and I do not know which information to follow; Can someone please confirm the correct status and fix the error?,Academic
My complaint is that the study room is being locked during the hours it should be open. Please check the hostel record and fix the problem.,Hostel/Provost Office
"For the past few days, one of the lab computers keeps restarting by itself since last week so I need the account or service checked. I would appreciate a proper technical fix for this issue.",IT Services
This is getting difficult because power sockets in the classroom are loose and unsafe to use since the start of this semester and the problem has continued for several days. Kindly arrange a repair as soon as possible.,Maintenance & Facilities
"I have already tried to get this sorted, but the elevator stops between floors and feels unsafe during the last two classes pls fix this soon.",Maintenance & Facilities
The campus WiFi connects but there is no internet access even after I reported it earlier which is causing delays in my coursework; Please troubleshoot this because the usual fixes have not worked.,IT Services
My complaint is that the financial aid amount shown is different from the approved amount but the status has not changed; Please verify the record and update it.,Administrative Offices
There is an issue with my univeristy record: the fee challan cannot be generated for the current semester after the latest update. I checked the relevant notice and the information still does not match. Kindly ask the relevant office to resolve this issue.,Administrative Offices
"I have already tried to get this sorted, but the ceiling has damp patches and pieces of plaster are falling and it is especially difficult during afternoon classes; Kindly arrange a repair as soon as possible.",Maintenance & Facilities
My complaint is that my security deposit refund is still pending after clearance so I need the administrative record corrected. Kindly ask the relevant office to resolve this issue.,Administrative Offices
This is getting difficult because my CGPA did not update after a repeated course grade was posted since the start of this semester which may delay my graduation process. Please look into this because I have not been able to resolve it myself.,Academic
"For the past few days, the admission office entered the wrong academic program in my record after the latest update. Kindly ask the relevant office to resolve this issue.",Administrative Offices
I need help because the elevator stops between floors and feels unsafe since the start of this semester. This is affecting a routine university task that I need to complete. Please arrange proper repair rather than another temporary fix.,Maintenance & Facilities
I need help because the drinking water cooler is not working after the latest update which could become a safety issue. Please send the maintenance team to inspect and repair it.,Maintenance & Facilities
Please look into this issue: my midterm marks are missing from the portal after the latest update. Please review the matter before the next academic deadline.,Academic
I need help because required software is missing from several computers in the lab since the start of this semester. Please check the system and resolve the technical issue.,IT Services
"For the past few days, the registrar office has not issued a requested official document since last week and I have visited the office more than once; Please verify the record and update it.",Administrative Offices
I need help because power sockets in the classroom are loose and unsafe to use but no repair has been done yet; Please send the maintenance team to inspect and repair it.,Maintenance & Facilities
I have been facing a problem where my student card renewal request is still pending for three days now which is causing unnecessary delay; Can the administrative office review this and provide the correct status?,Administrative Offices
I am having a problem because the stairway lights are not working in the evening which could become a safety issue. Please have the facilities staff check this issue.,Maintenance & Facilities
My complaint is that the fee challan cannot be generated for the current semester during the last two classes. This is affecting a routine university task that i need to complete. Please verify the record and update it.,Administrative Offices
"For the past few days, the projector displays a blank screen even though the laptop is connected during the last two classes so this needs technical support. Please restore access as soon as possible.",IT Services
"There is an issue with my university record: clothes left in the hostel laundry area are being mixed up for three days now. I am not sure who else to contact, so I am submitting this complaint. I request the provost office to investigate and take action.",Hostel/Provost Office
"I want to report that my attendance percentage is lower than the classes I actually attended. The issue is not urgent in an emergency sense, but it needs proper attention. Please verify the record and correct it.",Academic
"For the past few days, my GPA calculation appears incorrect after the latest result. This is affecting a routine university task that I need to complete. Can someone please confirm the correct status and fix the error?",Academic
I need help because my semester fee payment is complete but the account still shows an unpaid balance during the last two classes i already reported it but no response yet.,Administrative Offices
My complaint is that my security deposit refund is still pending after clearance after the latest update and I am unable to complete the next step; Please check the payment or document status and correct it.,Administrative Offices
Could you please check this? I received conflicting instructions from the registrar and accounts office. I checked the relevant notice and the information still does not match. Please resolve the discrepancy in the official record.,Administrative Offices
I need help because the university portal is not loading after I sign in even after I reported it earlier. Can the IT team check the account or service configuration?,IT Services
"I have already tried to get this sorted, but there has been no electricity in part of the academic block. I have tried the normal procedure once already, but nothing changed. Please arrange proper repair rather than another temporary fix.",Maintenance & Facilities
Could you please check this? power sockets in the classroom are loose and unsafe to use. I checked the relevant notice and the information still doesnt match. Please have the facilities staff check this issue.,Maintenance & Facilities
I have been facing a problem where the network printer accepts jobs but does not print anything since yesterday and the problem happens repeatedly; Kindly have IT support investigate this.,IT Services
"I want to report that the curfew entry record shows me late even though I entered before closing time even after I reported it earlier. I am not sure who else to contact, so I am submitting this complaint. Please check the hostel record and fix the problem.",Hostel/Provost Office
Please look into this issue: the backup generator did not start during the last power outage this is causing alot of trouble.,Maintenance & Facilities
I want to report that the biometric attendance device is not recognizing fingerprints since the start of this semester which is causing delays in my coursework; Please restore access as soon as possible.,IT Services
I noticed that the fee challan cannot be generated for the current semester since yesterday i already reported it but no response yet.,Administrative Offices
I want to report that two of my final exams are scheduled at the same time since last week which is creating a problem with course registration; Can someone please confirm the correct status and fix the error?,Academic
I want to report that my student ID card has the wrong program printed on it and this is blocking another university process. I request that this matter be processed without further delay.,Administrative Offices
I am having a problem because the washroom drainage is blocked and water is collecting on the floor so the facility needs attention. Please arrange proper repair rather than another temporary fix.,Maintenance & Facilities
I noticed that the university portal is not loading after I sign in after the latest update which is causing delays in my coursework; Kindly have IT support investigate this.,IT Services
I have been facing a problem where the hot water supply stops before the announced timing even after I reported it earlier. This is affecting a routine university task that I need to complete. Kindly have the warden or provost office look into the issue.,Hostel/Provost Office
I have been facing a problem where one of the lab computers keeps restarting by itself which is interrupting classes and assignments. Please check the system and resolve the technical issue.,IT Services
My complaint is that I am locked out of my university account even after resetting the password during the last two classes and the problem happens repeatedly. Please check the system and resolve the technical issue.,IT Services
"I have already tried to get this sorted, but the timetable shows a room and time that do not match the department notice during the last two classes so I cannot confirm whether my record is correct. Please review the matter before the next academic deadline.",Academic
I have been facing a problem where my semester fee payment is complete but the account still shows an unpaid balance so I need the administrative record corrected; I request that this matter be processed without further delay.,Administrative Offices
"Hi, the LMS is not showing one of my registered courses since last week. i have tried the normal procedure once already, but nothing changed. Please restore access as soon as possible.",IT Services
Please look into this issue: the classroom AC is running but not cooling the room since last week and students are avoiding the room; Kindly arrange a repair as soon as possible.,Maintenance & Facilities
"I noticed that the main building entrance becomes flooded after rain after the latest update. I have tried the normal procedure once already, but nothing changed. This needs to be fixed before it becomes a bigger problem.",Maintenance & Facilities
Could you please check this? one of the lab computers keeps restarting by itself since the start of this semester which is interrupting classes and assignments. Please troubleshoot this because the usual fixes have not worked.,IT Services
I need help because my financial aid application has not moved beyond initial review during the last two classes and the deadline is approaching. Please check the payment or document status and correct it.,Administrative Offices
This is getting difficult because the fee installment approval is not reflected in the system. This is affecting a routine university task that I need to complete. Kindly ask the relevant office to resolve this issue.,Administrative Offices
"For the past few days, the exam date was changed without a clear notice since last week and the deadline is getting very close. i would appreciate it if the departmnt could resolve this soon.",Academic
Could you please check this? I was assigned a hostel room that is already occupied since the start of this semester and it is becoming frustrating for residents. Can this be addressed by the hostel management soon?,Hostel/Provost Office
This is getting difficult because the timetable has overlapping lectures for two compulsory courses since last week. I would appreciate it if the department could resolve this soon.,Academic
I need help because the mess food is often cold by the time students are served since the start of this semester and it is causing problems with daily hostel life. Please check the hostel record and fix the problem.,Hostel/Provost Office
