text,department
I need help because the password reset service is rejecting files that meet the stated requirements. I have already checked this more than once. I request technical support for this issue.,IT Services
Could you please look into this: the common room is making it difficult to stay in the room. I would like the matter to be handled according to hostel rules. Please ask the hostel administration to resolve it.,Hostel/Provost Office
I want to bring this issue to your attention: the registrar application is being delayed because the counter staff keep asking me to return later. This matter has remained unresolved for several working days. I would be grateful if the responsible office could review the details instead of asking me to repeat the same process. I request verification and completion of the pending process.,Administrative Offices
"Can u check this, i want to report that the water cooler keeps stopping and starting. I have already checked this more than once. Please inspect the area and take the necessary action.",Maintenance & Facilities
the result card was entered under the wrong course code. The supporting document was submitted at the department office. plz check the matter before it affects my semester further.,Academic
"I have a problem, i am facing an issue because the viva schedule shows a value that does not match the marks announced in class. I have already checked this more than once. Please investigate the discrepancy and make the required correction.",Academic
There is a problem with the hostel security refund was returned without explaining what is missing. Please ask the concerned administrative office to resolve this.,Administrative Offices
There seems to be an issue with the department printer has not been restored after an earlier complaint. The issue occurs both in the lab and on my own device. I would be grateful if the responsible office could review the details instead of asking me to repeat the same process. The IT team is requested to inspect and correct this.,IT Services
I want to report that the scholarship payment was entered under the wrong category. I have already visited the concerned office more than once. Kindly review the documents and process the request.,Administrative Offices
the laundry area is not available at the stated time. Please take action and update me about the complaint.,Hostel/Provost Office
"the hostel gate procedure is making it difficult to stay in the room. The issue needs attention before it becomes more serious. Because the issue is still unresolved, it is now affecting my normal university work. pls take action and update me about the complaint.",Hostel/Provost Office
the classroom projector is showing outdated information. This is affecting my ability to complete university work. Please check the account or system and fix the issue.,IT Services
Could you please look into this: my degree verification request has been pending without any clear update. The delay is creating difficulty with my semester matters. Kindly review the documents and process the request.,Administrative Offices
There seems to be an issue with the university WiFi has been unavailable since this morning. I have already checked this more than once. Please investigate the error and update the service.,IT Services
the prerequisite approval is creating a clash with another registered course. This issue is causing difficulty with my current semester planning. Please check the matter before it affects my semester further.,Academic
I am having trouble because the registrar application was returned without explaining what is missing. The concerned office is requested to check and complete this matter.,Administrative Offices
"Please help, i want to report that the laundry area needs attention from the provost offce. The problem is especially difficult during evening hours. Please take action and update me about the complaint.",Hostel/Provost Office
the fee refund request does not match the payment receipt. I need the document for another university process. Kindly check the application and provide an update.,Administrative Offices
the classroom projector is rejecting files that meet the stated requirements.,IT Services
"There is a problem with the bonafide certificate has no status update despite repeated visits. The counter staff asked me to check again later, but there is still no progress. Kindly check the application and provide an update.",Administrative Offices
I am having trouble because the department elevator is not working properly during class hours. I request urgent maintenance of this issue.,Maintenance & Facilities
"Can u check this, there seems to be an issue with the thesis progress review contains an error that is affecting my semester record. This issue is causing difficulty with my current semester planning. Please verify the record and correct it.",Academic
"I have a problem, i am facing an issue because the parking area is not working properly during class hours. Please send someone to inspect the location. The concerned staff are requested to repair this promptly.",Maintenance & Facilities
"Sir please check, i want to bring this issue to your attention: the hostel WiFi complaint record was handled differently from the stated hostel rules. I informed the hostel staff earlier, but the issue continues. Please take action and update me about the complaint.",Hostel/Provost Office
the admission status is causing difficulty with another university process. I request verification and completion of the pending process.,Administrative Offices
the viva schedule shows a value that does not match the marks announced in class. I already contacted the relevant teacher but the record is unchanged. Please verify the record and correct it.,Academic
I would like to complain that the lecture desk is producing a strong smell and needs maintenance. This is especially difficult when the room is full. I have been trying to get this sorted out but there has not been a clear resolution yet. Please have this facility repaired or replaced.,Maintenance & Facilities
"I have a problem, i want to report that the department printer keeps disconnecting during use. Please check the network or account configuration.",IT Services
Can someone check why the network connection does not send the verification message. The problem started recently and has continued since then. The IT team is requested to inspect and correct this.,IT Services
"Could you please look into this: the hostel WiFi complaint record is still unresolved after several days. Please check the hostel record for my earlier complaint. I have been trying to get this sorted out, but there has not been a clear resolution yet. The concerned hostel staff are requested to take action.",Hostel/Provost Office
"the student portal has not been restored after an earlier complaint. Restarting the device did not solve the issue. Because the issue is still unresolved, it is now affecting my normal university work. Please check the account or system and fix the issue.",IT Services
the LMS course page is extremely slow during class hours. I tried from more than one device and the problem is the same. Kindly check the network or account configuration.,IT Services
Can someone check why the fee refund request has not been forwarded to the concerned office. Please verify the record with the accounts or registrar office. Kindly check the application and provide an update.,Administrative Offices
the hostel security refund was entered under the wrong category. The delay is creating difficulty with my semester matters. I request verification and completion of the pending process.,Administrative Offices
"the final exam result has not been updated even though the instructor confirmed the correction. I have checked the portal more than once and the same problem remains. Because the issue is still unresolved, it is now affecting my normal university work. Please verify the record and correct it.",Academic
I am having trouble because the practical marks does not reflect the form I submitted on time. Kindly review this issue and update the academic record.,Academic
the washroom plumbing keeps stopping and starting. The facility is currently difficult to use safely. The concerned staff are requested to repair this promptly.,Maintenance & Facilities
"I have a problemm, the classroom fan is in poor condition and needs replacement. A maintenance complaint was already reported, but the problem remains. The concerned staff are requested to repair this promptly.",Maintenance & Facilities
I am having trouble because the practical marks was uploaded late and now I cannot complete the next process. I have already checked this more than once. I request the department to resolve this as soon as possible.,Academic
"my degree verification request was entered under the wrong category. I have kept a copy of the submitted form and payment receipt. becuase the issue is still unresolved, it is now affecting my normal university work. Kindly review the documents and process the request.",Administrative Offices
my portal login keeps disconnecting during use. The issue occurs both in the lab and on my own device. Kindly ask IT support to resolve this problem.,IT Services
"I want to bring this issue to your attention: my hostel room allocation has been pending with the hostel office. I informed the hostel staff earlier, but the issue continues. Please take action and update me about the complaint.",Hostel/Provost Office
I want to bring this issue to your attention: the hosel WiFi complaint record has not been resolved after repeated reporting. Kindly inspect the issue and arrange the required solution.,Hostel/Provost Office
"This is getting difficult, the room cleanliness needs attention from the provost office.",Hostel/Provost Office
the bonafide certificate was supposed to be completed earlier but remains unresolved. Please process the request and correct the record.,Administrative Offices
"the room furniture has been pending with the hostel office. I would like the matter to be handled according to hostel rules. Because the issue is still unresolved, it is now affecting my normal university work. Kindly have the warden or relevant staff check this issue.",Hostel/Provost Office
"Can u check this, i am writing regarding the biometric attandance machine is preventing me from accessing course material. I have already checked this more than once. Please investigate the error and update the service.",IT Services
the migration certificate is not appearing in the official recoard.,Administrative Offices
"Hi, i am facing an issue because the campus network is not detecting the connected device. Other university websites are opening normally. Please restore access as soon as possible.",IT Services
"Can someone check why the hostel security desk is still unresolved after several days. The warden was informed, but I have not received any update. I have been trying to get this sorted out, but there has not been a clear resolution yet. Kindly inspect the issue and arrange the required solution.",Hostel/Provost Office
I would like to complain that the hostel room lock requires inspection by hostel staff. I have already checked this more than once. Please ask the hostel administration to resolve it.,Hostel/Provost Office
my scholarship application was supposed to be completed earlier but remains unresolved. The required documents and receipt were submitted. The concerned office is requested to check and complete this matter.,Administrative Offices
"the email verification link is extremely slow during class hours. This is affecting my ability to complete university work. Because the issue is still unresolved, it is now affecting my normal university work. Please restore access as soon as possible.",IT Services
I want to report that the water cooler has exposed wiring that should be inspected. The condition is affecting normal use of the area. I would be grateful if the responsible office could review the details instead of asking me to repeat the same process. Please check the problem and restore the facility.,Maintenance & Facilities
I am having trouble because the hostel security refund has been pending without any clear update. The required documents and receipt were submitted. I would be grateful if the responsible office could review the details instead of asking me to repeat the same process. Please resolve the issue without further unnecessary delay.,Administrative Offices
the electrical sockets is creating an uncomfortable environment in the room.,Maintenance & Facilities
my attandance record was changed without any explanation. Please recheck the entry and let me know once it is fixed.,Academic
Please check why my clearance form needs correction in the administrative record. The delay is creating difficulty with my semester matters. Please ask the concerned administrative office to resolve this.,Administrative Offices
the mess timing is creating repeated arguments among residents. The condition has been causing inconvenience for several days. Kindly have the warden or relevant staff check this issue.,Hostel/Provost Office
"the lecture desk is causing difficulty for students during lectures. The facility is currently difficult to use safely. Because the issue is still unresolved, it is now affecting my normal university work. Please check the problem and restore the facility.",Maintenance & Facilities
the online registration portal is extremely slow during class hours.,IT Services
I am facing an issue because the course section has not been updated even though the instructor confirmed the correction. Kindly review this issue and update the academic record.,Academic
There seems to be an issue with the mess timing has become worse this week. I have already checked this more than once. Kindly have the warden or relevant staff check this issue.,Hostel/Provost Office
the registrar application has not been approved even after verification. I request verification and completion of the pending process.,Administrative Offices
"I am having trouble because the lecture room lights is not available when it is needed. The facility is currently difficult to use safely. I have been trying to get this sorted out, but there has not been a clear resolution yet. Please check the problem and restore the facility.",Maintenance & Facilities
the assignment grade was marked absent although I attended the class. This issue is causing difficulty with my current semester planning. Could the concerned office please confirm the correct status?,Academic
"the washroom plumbing is overflowing during busy hours. The facility is currently difficult to use safely. Because the issue is still unresolved, it is now affecting my normal university work. Please check the problem and restore the facility.",Maintenance & Facilities
I need help because the hostel cleaning schedule is creating hygiene concerns for residents. This is affecting normal hostel routine. I would be grateful if the responsible office could review the details instead of asking me to repeat the same process. Please take action and update me about the complaint.,Hostel/Provost Office
"Sir please check, the university server is preventing me from accessing course material. Please investigate the error and update the service.",IT Services
the student portal has stopped working after the latest update. Kindly check the network or account configuration.,IT Services
the room ceiling fan was reported to the warden but no action has been taken.,Hostel/Provost Office
"I want to report that course registration contains an error that is affecting my semester recrod. The department office asked me to wait, but there has been no update. Please check the matter before it affects my semester further.",Academic
Please check why my attendance record has not been shared with students. The supporting document was submitted at the department office. I would be grateful if the responsible office could review the details instead of asking me to repeat the same process. Please check the matter before it affects my semester further.,Academic
"Please help, there seems to be an issue with the hostel corridor lights is not available at the stated time. The warden was informed, but I have not received any update. Please handle the matter according to hostel policy.",Hostel/Provost Office
the lab computer does not accept my correct login details.,IT Services
I want to bring this issue to your attention: the prerequisite approval was not accepted even though I met the deadline. I have checked the portal more than once and the same problem remains. Please update the record according to the submitted documents.,Academic
the room cleanliness hasnt been resolved after repeated reporting. Please check the hostel record for my earlier complaint. I request the Provost Office to look into this matter.,Hostel/Provost Office
the laundry area has not been updatd in the hostel record. The concerned hostel staff are requested to take action.,Hostel/Provost Office
the campus network is not responding at all. Please check the account or system and fix the issue.,IT Services
"Please help, i am having trouble because the building staircase has been out of order for several days. I have already checked this more than once. Please have this facility repaired or replaced.",Maintenance & Facilities
the bonafide certificate shows an incorrect amount. Kindly review the documents and process the request.,Administrative Offices
"the hostel water supply is not available at the stated time. I have already submitted a request at the hostel office. Because the issue is still unresolved, it is now affecting my normal university work. Please take action and update me about the complaint.",Hostel/Provost Office
"Can someone check why the water cooler is overflowing during busy hours. A maintenance complaint was already reported, but the problem remains. Please have this facility repaired or replaced.",Maintenance & Facilities
"the computer lab software shows a server error repeatedly. I already changed the password, but the error remains. The IT team is requested to inspect and correct this.",IT Services
"Please help, i am writing regarding the washroom plumbing is not available when it is needed. I have already checked this more than once. Please have this facility repaired or replaced.",Maintenance & Facilities
the network connection fails before the process is completed. I tried from more than one device and the problem is the same. pls check the account or system and fix the issue.,IT Services
"Could you please look into this: my financial aid application has not been forwarded to the concerned office. This matter has remained unresolved for several working days. I have been trying to get this sorted out, but there has not been a clear resolution yet. Kindly review the documents and process the request.",Administrative Offices
I want to report that the electrical sockets is leaking and making the floor wet. I have already checked this more than once. I request urgent maintenance of this issue.,Maintenance & Facilities
the password reset service is extremely slow during class hours.,IT Services
"Sir please check, the toilet flush is not working properly during class hours. The condition is affecting normal use of the area. Please send the maintenance team to inspect and fix it.",Maintenance & Facilities
the course section has an incorrect total after the latest update. I would appreciate verification from the concerned academic office. Please verify the record and correct it.,Academic
I am facing an issue because my hostel room allocation is not working properly. I would like the matter to be handled according to hostel rules. The concerned hostel staff are requested to take action.,Hostel/Provost Office
Can someone check why the printing system keeps disconnecting during use. I have already checked this more than once. Please restore access as soon as possible.,IT Services
I need help because the official certificate request has been delayed beyond the stated processing time. I have already checked this more than once. Please ask the concerned administrative office to resolve this.,Administrative Offices
"Can u check this, i would like to complain that the classroom windows is not workng properly during class hours. I have already checked this more than once. Please send the maintenance team to inspect and fix it.",Maintenance & Facilities
I need help because the laboratory ventilation is overflowing during busy hours. I have already checked this more than once. Kindly resolve the maintenance problem at the earliest.,Maintenance & Facilities
"Can u check this, please check why the fee refund request is causing difficulty with another university process. I have already visited the concerned office more than once. I would be grateful if the responsible office could review the details instead of asking me to repeat the same process. Please correct the record and confirm the updated status.",Administrative Offices
"Please check why the registered credit hours still shows the old information after correction. The supporting document was submitted at the department office. I have been trying to get this sorted out, but there has not been a clear resolution yet. Kindly review this issue and update the academic record.",Academic
There is a problem with my student card is not appearing in the official record. I have already checked this more than once. Please correct the record and confirm the updated status.,Administrative Offices
the hostel corridor lights is not being handled according to the hostel procedure. I have already submitted a request at the hostel office. Please handle the matter according to hostel policy.,Hostel/Provost Office
There seems to be an issue with the LMS account works for a few minutes and then goes offline. Kindly ask IT support to resolve this problem.,IT Services
my GPA calculation is different from what appears on the departmental notice. Other students in the same class can see the correct information. Kindly review this issue and update the academic record.,Academic
Can someone check why the fee refund request needs correction in the administrative record. The delay is creating difficulty with my semester matters. Kindly check the application and provide an update.,Administrative Offices
I am writing regarding the electrical sockets is not available when it is needed. Please have this facility repaired or replaced.,Maintenance & Facilities
"Please help, i need help because the biometric attendance machine shows a server error repeatedly. The IT team is requested to inspect and correct this.",IT Services
I want to report that the backup generator is causing difficulty for students during lectures. I have already checked this more than once. I request urgent maintenance of this issue.,Maintenance & Facilities
"the registrar application has been delayed beyond the stated processing time. I have kept a copy of the submitted form and payment receipt. Because the issue is still unresolved, it is now affecting my normal university work. Please resolve the issue without further unnecessary delay.",Administrative Offices
I want to report that the admission document was supposed to be completed earlier but remains unresolved. Kindly review the documents and process the request.,Administrative Offices
"the transcript doesnt reflect the form I submitted on time. The supporting document was submitted at the department office. Because the issue is still unresolved, it is now affecting my normal university work. Please check the matter before it affects my semester further.",Academic
"This is getting difficult, the classroom fan is not providing adequate service. Please arrange repair as soon as possible.",Maintenance & Facilities
There is a problem with the final exam result has not been approved despite repeated follow-up. Other students in the same class can see the correct information. Kindly investigate the discrepancy and make the required correction.,Academic
"Hi, the hot wter facility was handled differently from the stated hostel rules. The condition has been causing inconvenience for several days. Please ask the hostel administration to resolve it.",Hostel/Provost Office
I would like to complain that the semester timetable is still missing from the student record. The supporting document was submitted at the department office. I would be grateful if the responsible office could review the details instead of asking me to repeat the same process. Please update the record according to the submitted documents.,Academic
"This is getting difficult, the fee refund request was supposed to be completed earlier but remains unresolved. Please check the application and provide an update.",Administrative Offices
Im facing an issue because the hostel corridor lights was handled differently from the stated hostel rules. Please check the hostel record for my earlier complaint. I would be grateful if the responsible office could review the details instead of asking me to repeat the same process. Please resolve this hostel-related problem soon.,Hostel/Provost Office
There is a problem with the admission fee record has been pending without any clear update. I have already checked this more than once. Kindly review the documents and process the request.,Administrative Offices
"Can someone check why the official certificate request needs correction in the administrative record. The counter staff asked me to check again later, but there is still no progress. Please process the request and correct the record.",Administrative Offices
"Please help, the biometric attandance machine has been unavailable since this morning. The issue occurs both in the lab and on my own device. Because the issue is still unresolved, it is now affecting my normal university work. Please ask IT support to resolve this problem.",IT Services
my clearance form has no status update despite repeated visits. Kindly review the documents and process the request.,Administrative Offices
I want to bring this issue to your attention: the transcript does not reflect the form I submitted on time. I have already checked this more than once. Please recheck the entry and let me know once it is fixed.,Academic
"I have a problem, the classroom fan is not working properly during class hours. The problem is now affecting more than one class. Please resolve the maintenance problem at the earliest.",Maintenance & Facilities
There seems to be an issue with the classroom projector is extremely slow during class hours. The issue occurs both in the lab and on my own device. The IT team is requested to inspect and correct this.,IT Services
the mess food is affecting basic hostel facilities. The concerned hostel staff are requested to take action.,Hostel/Provost Office
the room furniture is not being handled according to the hostel procedure. Kindly inspect the issue and arrange the required solution.,Hostel/Provost Office
"Please check why my CGPA has not been approved despite repeated follow-up. Because of this error, I am unable to proceed with the next academic step. I would be grateful if the responsible office could review the details instead of asking me to repeat the same process. I request the department to resolve this as soon as possible.",Academic
the classroom chairs has broken fittings. It would be better to repair it before the damage increases. Please have this facility repaired or replaced.,Maintenance & Facilities
There seems to be an issue with my degree verification request does not match the payment receipt. I have already checked this more than once. Please correct the record and confirm the updated status.,Administrative Offices
"my portal login keeps disconnecting during use. I tried from more than one device and the problem is the same. becase the issue is still unresolved, it is now affecting my normal university work. Please check the account or system and fix the issue.",IT Services
the hostel washroom is still unresolved after several days. Please check the hostel record for my earlier complaint. Please ask the hostel administration to resolve it.,Hostel/Provost Office
There is a problem with the hostel washroom has not been resolved after repeated reporting. I have already checked this more than once. I request the Provost Office to look into this matter.,Hostel/Provost Office
I want to bring this issue to your attention: the LMS course page is not connected to the campus network. I need access before the current submission deadline. I would be grateful if the responsible office could review the details instead of asking me to repeat the same process. Please resolve the technical problem before the deadline.,IT Services
"my hostel room allocation needs attention from the provost office. I informed the hostel staff earlier, but the issue continues. I request the Provost Office to look into this matter.",Hostel/Provost Office
the student portal does not send the verification message. I reported this earlier to the IT desk but it is still unresolved. Please restore access as soon as possible.,IT Services
my thesis supervision has not been approved despite repeated follow-up.,Academic
There seems to be an issue with my attendance record does not include marks for work that I submitted. I need the corrected record for an upcoming academic requirement. Please verify the record and correct it.,Academic
I am having trouble because my portal login does not accept my correct login details. The problem started recently and has continued since then. Please restore access as soon as possible.,IT Services
Could you please look into this: my attendance record was entered under the wrong course code. The department office asked me to wait but there has been no update. Please check the matter before it affects my semester further.,Academic
the toilet flush is causing difficulty for students during lectures.,Maintenance & Facilities
I am facing an issue because the building staircase is creating an uncomfortable environment in the room. The issue becomes worse during afternoon classes. Please arrange repair as soon as possible.,Maintenance & Facilities
There is a problem with my hostel room allocation is still unresolved after several days. I have already checked this more than once. Please resolve this hostel-related problem soon.,Hostel/Provost Office
I am having trouble because the laboratory ventilation has loose parts that may cause an accident. I have already checked this more than once. Please arrange repair as soon as possible.,Maintenance & Facilities
"Hi, the bonafide certificate does not match the payment receipt. I have kept a copy of the submitted form and payment receipt. Please correct the record and confirm the updated status.",Administrative Offices
the washroom plumbing has not been repaired after an earlier complaint. It would be better to repair it before the damage increases. Please inspect the area and take the necessary action.,Maintenance & Facilities
I would like to complain that the course section has not been updated even though the instructor confirmed the correction. Kindly review this issue and update the academic record.,Academic
"Hi, the parking area has broken fittings. Please send someone to inspect the location. Please arrange repair as soon as possible.",Maintenance & Facilities
I am writing regarding the hostel water supply was handled differently from the stated hostel rules. I have already checked this more than once. Kindly have the warden or relevant staff check this issue.,Hostel/Provost Office
"Sir plz check, i am writing regarding the hostel security refund has been delayed beyond the stated processing time. I have already checked this more than once. Please review the documents and process the request.",Administrative Offices
the printing system has been unavailable since this morning. Kindly ask IT support to resolve this problem.,IT Services
Im facing an issue because the makeup exam request was entered under the wrong course code. I already contacted the relevant teacher but the record is unchanged. Please verify the record and correct it.,Academic
There seems to be an issue with the migration certificate is being delayed because the counter staff keep asking me to return later. Please verify the record with the accounts or registrar office. Kindly check the application and provide an update.,Administrative Offices
the classroom chairs is causing difficulty for students during lectures. Kindly send the maintenance team to inspect and fix it.,Maintenance & Facilities
"the lecture desk is damaged and unsafe to use. A maintenance complaint was already reported, but the problem remains. Because the issue is still unresolved, it is now affecting my normal university work. I request urgent maintenance of this issue.",Maintenance & Facilities
the classroom projector works for a few minutes and then goes offline. This is affecting my ability to complete university work. Kindly check the network or account configuration.,IT Services
I am facing an issue because my scholarship application has not been issued yet. I have already checked this more than once. Please process the request and correct the record.,Administrative Offices
I need help because the network connection works for a few minutes and then goes offline. I reported this earlier to the IT desk but it is still unresolved. I would be grateful if the responsible office could review the details instead of asking me to repeat the same process. Please resolve the technical problem before the deadline.,IT Services
the hostel WiFi complaint record needs attention from the provost office. Several residents on the floor are facing the same problem. pls resolve this hostel-related problem soon.,Hostel/Provost Office
"Please check why the fee correction application contains incorrect student information. The counter staff asked me to check again later, but there is still no progress. Please process the request and correct the record.",Administrative Offices
the printing system does not accept my correct login details.,IT Services
"my GPA calculation was marked absent although I attended the class. Because of this error, I am unable to proceed with the next academic step. I request the department to resolve this as soon as possible.",Academic
the laboratory ventilation is in poor condition and needs replacement. The facility is currently difficult to use safely. Please inspect the area and take the necessary action.,Maintenance & Facilities
"I am facing an issue because the air conditioner needs urgent cleaning and maintenance. A maintenance complaint was already reported but the problem remains. I have been trying to get this sorted out, but there has not been a clear resolution yet. Please have this facility repaired or replaced.",Maintenance & Facilities
"the hosel WiFi complaint record is still unresolved after several days. The problem is especially difficult during evening hours. Because the issue is still unresolved, it is now affecting my normal university work. Please take action and update me about the complaint.",Hostel/Provost Office
I would like to complain that the biometric attendance machine does not send the verification message. I have already checked this more than once. I request technical support for this issue.,IT Services
the department printer does not recognize my account. Please restore access as soon as possible.,IT Services
I would like to complain that my clearance form is stuck between two administrative offices. I have already checked this more than once. pls ask the concerned administrative office to resolve this.,Administrative Offices
"Hi, i want to report that the result card hasnt been approved despite repeated follow-up. I submitted the required application before the deadline. Please recheck the entry and let me know once it is fixed.",Academic
"Can u check this, the hostel security refund has been delayed beyond the stated processing time. The required documents and receipt were submitted. Because the issue is still unresolved, it is now affecting my normal university work. Please process the request and correct the record.",Administrative Offices
Please check why the network connection has stopped working after the latest update. Kindly check the network or account configuration.,IT Services
"This is getting difficult, please check why the classroom projector keeps disconnecting during use. Please check whether there is an account or server-side problem. I would be grateful if the responsible office could review the details instead of asking me to repeat the same process. Please check the account or system and fix the issue.",IT Services
the prerequisite approval is showing the wrong course information. Could the concerned office please confirm the correct status?,Academic
"I have a problem, i want to bring this issue to your attention: the hostel gate procedure is creating repeated arguments among residents. This is affecting normal hostel routine. Please handle the matter according to hostel policy.",Hostel/Provost Office
I need help because the campus network is rejecting files that meet the stated requirements. I need access before the current submission deadline. I would be grateful if the responsible office could review the details instead of asking me to repeat the same process. Please restore access as soon as possible.,IT Services
the assignment grade does not reflect the form I submitted on time.,Academic
the email verification link shows a server error repeatedly. Kindly ask IT support to resolve this problem.,IT Services
Could you please look into this: the hostel room lock has not been resolved after repeated reporting. Please handle the matter according to hostel policy.,Hostel/Provost Office
I would like to complain that the washroom taps has been out of order for several days. Please send someone to inspect the location. Please arrange repair as soon as possible.,Maintenance & Facilities
"the viva schedule is preventing me from completing registration. Because of this error, I am unable to proceed with the next academic step. Kindly review this issue and update the academic record.",Academic
"the final exam result has an incorrect total after the latest update. I need the corrected record for an upcoming academic requirement. Because the issue is still unresolved, it is now affecting my normal university work. Please recheck the entry and let me know once it is fixed.",Academic
"I have a problem, there is a problem with the biometric attendance machine is showing outdated information. I tried from more than one device and the problem is the same. Please restore access as soon as possible.",IT Services
"This is getting difficult, there is a problem with the migration certificate was submitted before the deadline but still shows pending. Please resolve the issue without further unnecessary delay.",Administrative Offices
I would like to complain that the email verification link shows an error whenever I try to submit work. Please check whether there is an account or server-side problem. I would be grateful if the responsible office could review the details instead of asking me to repeat the same process. Please check the account or system and fix the issue.,IT Services
"Could you please look into this: the registrar application was returned without explaining what is missing. I have already visited the concerned office more than once. I have been trying to get this sorted out, but there hasnt been a clear resolution yet. Please ask the concerned administrative office to resolve this.",Administrative Offices
the computer lab software is not syncing with my student account. I reported this earlier to the IT desk but it is still unresolved. Kindly check the network or account configuration.,IT Services
I would like to complain that the hot water facility is making it difficult to stay in the room. This is affecting normal hostel routine. Please ask the hostel administration to resolve it.,Hostel/Provost Office
There is a problem with the university WiFi is not loading the required page. I tried from more than one device and the problem is the same. Please check the account or system and fix the issue.,IT Services
"This is getting difficult, the LMS account is not connected to the campus network. Please check the network or account configuration.",IT Services
the bonafide certificate does not match the payment receipt. Kindly check the application and provide an update.,Administrative Offices
I want to bring this issue to your attention: the water cooler is not available when it is needed. The concerned staff are requested to repair this promptly.,Maintenance & Facilities
There seems to be an issue with the department printer is not syncing with my student account. Restarting the device did not solve the issue. Please resolve the technical problem before the deadline.,IT Services
the classroom fan has been left unrepaired since last week.,Maintenance & Facilities
"Hi, my thesis supervision has not been approved despite repeated follow-up. This issue is causing difficulty with my current semester planning. Please check the matter before it affects my semester further.",Academic
"Can u check this, can someone check why the password reset service is not loading the required page. The IT team is requested to inspect and correct this.",IT Services
Please check why the classroom chairs is not providing adequate service. I have already checked this more than once. Kindly resolve the maintenance problem at the earliest.,Maintenance & Facilities
I am writing regarding the makeup exam request was marked absent although I attended the class. I request the department to resolve this as soon as possible.,Academic
I want to bring this issue to your attention: the LMS account is showing outdated information. I have already checked this more than once. Please resolve the technical problem before the deadline.,IT Services
the hosel cleaning schedule is creating repeated arguments among residents. I have already submitted a request at the hostel office. Kindly inspect the issue and arrange the required solution.,Hostel/Provost Office
There is a problem with the transcript has not been updated even though the instructor confirmed the correction. I request the department to resolve this as soon as possible.,Academic
There is a problemm with the toilet flush is not available when it is needed. Please have this facility repaired or replaced.,Maintenance & Facilities
"the water cooler is not providing adequate service. Please send someone to inspect the location. Because the issue is still unresolved, it is now affecting my normal university work. Please check the problem and restore the facility.",Maintenance & Facilities
my degree verification request is stuck between two administrative offices. Please correct the record and confirm the updated status.,Administrative Offices
"Sir please check, i need help because the password reset service is not loading the required page. This is affecting my ability to complete university work. Please restore access as soon as possible.",IT Services
my CGPA still shows the old information after correction.,Academic
"I want to report that the official certificate request is being delayed because the counter staff keep asking me to return later. I need the document for another university process. I have been trying to get this sorted out, but there has not been a clear resolution yet. Please resolve the issue without further unnecessary delay.",Administrative Offices
I am facing an issue because the classroom ceiling needs urgent cleaning and maintenance. I have already checked this more than once. I request urgent maintenance of this issue.,Maintenance & Facilities
I am writing regarding the practical marks is still missing from the student record. I have checked the portal more than once and the same problem remains. I would be grateful if the responsible office could review the details instead of asking me to repeat the same process. Please verify the record and correct it.,Academic
I need help because the makeup exam request was marked absent although I attended the class. I have checked the portal more than once and the same problem remains. Could the concerned office please confirm the correct status?,Academic
There is a problem with my hostel room allocation is still unresolved after several days. I have already checked this more than once. pleas resolve this hostel-related problem soon.,Hostel/Provost Office
the viva schedule was not accepted even though I met the deadline. I would appreciate verification from the concerned academic offce. Could the concerned office please confirm the correct status?,Academic
I would like to complain that the hostel gate procedure is still unresolved after several days. I have already submitted a request at the hostel ofice. Kindly inspect the issue and arrange the required solution.,Hostel/Provost Office
"Please check why the room change request is creating hygiene concerns for residents. Please check the hostel record for my earlier complaint. I have been trying to get this sorted out, but there has not been a clear resolution yet. Kindly inspect the issue and arrange the required solution.",Hostel/Provost Office
"the course section contains an error that is affecting my semester record. Because of this error, I am unable to proceed with the next academic step. Please check the matter before it affects my semester further.",Academic
I need help because the university WiFi is showing outdated information. I tried from more than one device and the problem is the same. The IT team is requested to inspect and correct this.,IT Services
the campus network does not send the verification message. I need access before the current submission deadline. Please restore access as soon as possible.,IT Services
the classroom ceiling is causing difficulty for students during lectures. Please arrange repair as soon as possible.,Maintenance & Facilities
Please check why the accounts office receipt hasnt been issued yet. This matter has remained unresolved for several working days. Please resolve the issue without further unnecessary delay.,Administrative Offices
the quiz score was not accepted even though I met the deadline.,Academic
"Can u check this, the result card has not been updated even though the instructor confirmed the correction.",Academic
my GPA calculation is still missing from the student recrod. I need the corrected record for an upcoming academic requirement. Kindly review this issue and update the academic record.,Academic
I am having trouble because my scholarship application has no status update despite repeated visits. Please process the request and correct the record.,Administrative Offices
Could you please look into this: the migration certificate has not been forwarded to the concerned office. Please correct the record and confirm the updated status.,Administrative Offices
I need help because course registration has not been updated even though the instructor confirmed the correction. This issue is causing difficulty with my current semester planning. I would be grateful if the responsible office could review the details instead of asking me to repeat the same process. Please verify the record and correct it.,Academic
my roommate issue has not been repaired despite an earlier request.,Hostel/Provost Office
"I am facing an issue because the mess food is affecting basic hostel facilities. Several residents on the floor are facing the same problem. I have been trying to get this sorted out, but there has not been a clear resolution yet. Please handle the matter according to hostel policy.",Hostel/Provost Office
"course registration has not been shared with students. Because of this error, I am unable to proceed with the next academic step. Because the issue is still unresolved, it is now affecting my normal university work. Please verify the record and correct it.",Academic
the practical marks is preventing me from completing registration. Please verify the record and correct it.,Academic
I am having trouble because the bonafide certificate was marked incomplete although all listed documents were attached. I have already checked this more than once. Please ask the concerned administrative offce to resolve this.,Administrative Offices
Please check why the classroom ceiling has been out of order for several days. The area is frequently used by students and staff. I request urgent maintenance of this issue.,Maintenance & Facilities
"Please help, the classroom projector fails before the process is completed. Please ask IT support to resolve this problem.",IT Services
the parking area is leaking and making the floor wet. The issue becomes worse during afternoon classes. Please inspect the area and take the necessary action.,Maintenance & Facilities
"I want to report that the thesis progress review has not been shared with students. The supporting document was submitted at the department office. I have been trying to get this sorted out, but there has not been a clear resolution yet. Please recheck the entry and let me know once it is fixed.",Academic
"Please check why the university server keeps disconnecting during use. Restarting the device did not solve the issue. I have been trying to get this sorted out, but there has not been a clear resolution yet. I request technical support for this issue.",IT Services
Could you please look into this: the course section was not accepted even though I met the deadline. I need the corrected record for an upcoming academic requirement. Please verify the record and correct it.,Academic
Could you please look into this: the washroom plumbing is causing difficulty for students during lectures. I have already checked this more than once. Please inspect the area and take the necessary action.,Maintenance & Facilities
I want to report that my financial aid application has not been forwarded to the concerned office. I have already checked this more than once. The concerned office is requested to check and complete this matter.,Administrative Offices
the biometric attendance machine is rejecting files that meet the stated requirements. The issue occurs both in the lab and on my own device. Please investigate the error and update the service.,IT Services
I want to bring this issue to your attention: the department elevator is not available when it is needed. I have already checked this more than once. Kindly resolve the maintenance problem at the earliest.,Maintenance & Facilities
the projector connection is not connected to the campus network. The problem started recently and has continued since then. Please check the account or system and fix the issue.,IT Services
I would like to complain that my scholarship application has been delayed beyond the stated processing time. I have already checked this more than once. Kindly review the documents and process the request.,Administrative Offices
my GPA calculation was changed without any explanation. This issue is causing difficulty with my current semester planning. Kindly investigate the discrepancy and make the required correction.,Academic
the accounts ofice receipt hasnt been processed even though the documents were submitted. The application was submitted within the announced dates. Kindly review the documents and process the request.,Administrative Offices
I am writing regarding the hostel washroom is not working properly. I have already checked this more than once. I request the Provost Office to look into this matter.,Hostel/Provost Office
the registered credit hours was not accepted even though I met the deadline. I would appreciate verification from the concerned academic office. Please update the record according to the submtted documents.,Academic
the result card was uploaded late and now I cannot complete the next process. I have checked the portal more than once and the same problem remains. I request the department to resolve this as soon as possible.,Academic
"Can someone check why my attendence record was uploaded late and now I cannot complete the next process. The department office asked me to wait but there has been no update. I have been trying to get this sorted out, but there has not been a clear resolution yet. I request the department to resolve this as soon as possible.",Academic
"Can u check this, i want to bring this issue to your attention: the hostel security refund does not match the payment receipt. Please check the application and provide an update.",Administrative Offices
Could you please look into this: my financial aid application shows an incorrect amount. I have already checked this more than once. Kindly review the documents and process the request.,Administrative Offices
"I would like to complain that my financial aid aplication does not match the payment receipt. The delay is creating difficulty with my semester matters. I have been trying to get this sorted out, but there has not been a clear resolution yet. Kindly check the application and provide an update.",Administrative Offices
I need help because the lab internet connection is not detecting the connected device. Kindly ask IT support to resolve this problem.,IT Services
I am having trouble because the password reset service is not loading the required page. I have already checked this more than once. Please restore access as soon as possible.,IT Services
"the classroom chairs is not available when it is needed. The area is frequently used by students and staff. Because the issue is still unresolved, it is now affecting my normal university work. Please check the problem and restore the facility.",Maintenance & Facilities
There is a problem with the university WiFi does not recognize my account. I have already checked this more than once. Please resolve the technical problem before the deadline.,IT Services
Could you please look into this: the printing system is not connected to the campus network. I reported this earlier to the IT desk but it is still unresolved. Please resolve the technical problem before the deadline.,IT Services
the hostel WiFi complaint record is creating hygiene concerns for residents. I have already submitted a request at the hostel office. I request the Provost Office to look into this matter.,Hostel/Provost Office
"Can u check this, there is a problemm with the laundry area is affecting basic hostel facilities. The condition has been causing inconvenience for several days. I have been trying to get this sorted out, but there has not been a clear resolution yet. Please ask the hostel administration to resolve it.",Hostel/Provost Office
"Hi, i am facing an issue because the scholarship payment hasnt been issued yet. The counter staff asked me to check again later, but there is still no progress. The concerned office is requested to check and complete this matter.",Administrative Offices
the registered credit hours was changed without any explanation. Kindly review this issue and update the academic record.,Academic
"I have a problem, could you please look into this: my portal login shows an error whenever I try to submit work. Restarting the device did not solve the issue. Please resolve the technical problem before the deadline.",IT Services
"Please help, there is a problem with the hostel washroom has not been updated in the hostel record. The warden was informed but I have not received any update. I have been trying to get this sorted out, but there has not been a clear resolution yet. Please inspect the issue and arrange the required solution.",Hostel/Provost Office
I am writing regarding the admission status needs correction in the administrative record. I request verification and completion of the pending process.,Administrative Offices
I am facing an issue because the biometric attendance machine keeps disconnecting during use. I have already checked this more than once. Please investigate the error and update the service.,IT Services
There seems to be an issue with the room ceiling fan is not available at the stated time. This is affecting normal hostel routine. Kindly inspect the issue and arrange the required solution.,Hostel/Provost Office
I would like to complain that the classroom fan is making a loud noise throughout lectures. This is especially difficult when the room is full. Please have this facility repaired or replaced.,Maintenance & Facilities
"I need help because the corridor lights is in poor condition and needs replacement. It would be better to repair it before the damage increases. I have been trying to get this sorted out, but there has not been a clear resolution yet. Kindly send the maintenance team to inspect and fix it.",Maintenance & Facilities
"the admission document has no status update despite repeated visits. I have kept a copy of the submitted form and payment receipt. Because the issue is still unresolved, it is now affecting my normal university work. I request verification and completion of the pending process.",Administrative Offices
Can someone check why the air conditioner is overflowing during busy hours. I have already checked this more than once. Please inspect the area and take the necessary action.,Maintenance & Facilities
"This is getting difficult, course registration has not been shared with students. I submitted the required application before the deadline. plz recheck the entry and let me know once it is fixed.",Academic
There is a problem with the fee correction application was supposed to be completed earlier but remains unresolved. Please resolve the issue without further unnecessary delay.,Administrative Offices
There is a problem with the transcript was marked absent although I attended the class. I submitted the required application before the deadline. Please verify the record and correct it.,Academic
"the course section still shows the old information after correction. I would appreciate verification from the concerned academic office. Because the issue is still unresolved, it is now affecting my normal university work. Please check the matter before it affects my semester further.",Academic
the email verification link has been unavailable since this morning. The issue occurs both in the lab and on my own device. Please restore access as soon as possible.,IT Services
the result card contains an error that is affecting my semester record. This issue is causing difficulty with my current semester planning. Please recheck the entry and let me know once it is fixed.,Academic
"This is getting difficult, can someone check why the admission document has not been processed even though the documents were submitted. I have already checked this more than once. The concerned office is requested to check and complete this matter.",Administrative Offices
Could you please look into this: the hostel WiFi complaint record is affecting basic hostel facilities. I have already checked this more than once. Please resolve this hostel-related problem soon.,Hostel/Provost Office
"the laboratory ventilation is not providing adequate service. This is especially difficult when the room is full. Because the issue is still unresolved, it is now affecting my normal university work. Please check the problem and restore the facility.",Maintenance & Facilities
"the final exam result has an incorrect total after the latest update. The department office asked me to wait, but there has been no update. Because the issue is still unresolved, it is now affecting my normal university work. Please verify the record and correct it.",Academic
"my scholarship application does not match the payment receipt. The delay is creating difficulty with my semester matters. Because the issue is still unresolved, it is now affecting my normal university work. Please process the request and correct the record.",Administrative Offices
the registrar application was supposed to be completed earlier but remains unresolved. Please correct the record and confirm the updated status.,Administrative Offices
the lab internet connection does not send the verification message. Please check whether there is an account or server-side problem. Please restore access as soon as possible.,IT Services
There is a problem with my fee challan is being delayed because the counter staff keep asking me to return later. I need the document for another university process. I request verification and completion of the pending process.,Administrative Offices
the mess food is creating an uncomfortable living situation. I have already submitted a request at the hostle office. The concerned hostel staff are requested to take action.,Hostel/Provost Office
the result card does not reflect the form I submitted on time. I need the corrected record for an upcoming academic requirement. Please check the matter before it affects my semester further.,Academic
I am writing regarding the drainage line has exposed wiring that should be inspected. I have already checked this more than once. Please inspect the area and take the necessary action.,Maintenance & Facilities
the mess timing has not been repaired despite an earlier request. Please handle the matter according to hostel policy.,Hostel/Provost Office
the hostel security desk is not being handled according to the hostel procedure. Please take action and update me about the complaint.,Hostel/Provost Office
"Hi, could you please look into this: the official certificate request has not been approved even after verification. I have already checked this more than once. The concerned office is requested to check and complete this matter.",Administrative Offices
Can someone check why my university email does not accept my correct login details. I have already checked this more than once. Please resolve the technical problem before the deadline.,IT Services
There is a problem with the department elevator is in poor condition and needs replacement. The facility is currently difficult to use safely. The concerned staff are requested to repair this promptly.,Maintenance & Facilities
the washroom taps is producing a strong smell and needs maintenance. The issue becomes worse during afternoon classes. pleas have this facility repaired or replaced.,Maintenance & Facilities
I need help because the biometric attendence machine is preventing me from accessing course material. Please restore access as soon as possible.,IT Services
the department elevator is overflowing during busy hours. Kindly send the maintenance team to inspect and fix it.,Maintenance & Facilities
the computer lab software shows an error whenever I try to submit work.,IT Services
I need help because the fee refund request has been delayed beyond the stated processing time. Please verify the record with the accounts or registrar office. Kindly check the application and provide an update.,Administrative Offices
There seems to be an issue with the lecture room lights is causing difficulty for students during lectures. The condition is affecting normal use of the area. The concerned staff are requested to repair this promptly.,Maintenance & Facilities
"the assignment grade was marked absent although I attended the class. The department office asked me to wait, but there has been no update. Kindly investigate the discrepancy and make the required correction.",Academic
There seems to be an issue with the corridor lights is not working properly during class hours. I have already checked this more than once. Kindly resolve the maintenance problem at the earliest.,Maintenance & Facilities
Can someone check why the hostel washroom is not available at the stated time. I have already checked this more than once. The concerned hostel staff are requested to take action.,Hostel/Provost Office
"the final exam result still shows the old information after correction. The supporting document was submitted at the department office. Because the issue is still unresolved, it is now affecting my normal university work. I request the department to resolve this as soon as possible.",Academic
"This is getting difficult, the viva schedule shows a value that does not match the marks announced in class. Please check the matter before it affects my semester further.",Academic
"Could you please look into this: the assignment grade is still missing from the student record. I would appreciate verification from the concerned academic office. I have been trying to get this sorted out, but there has not been a clear resolution yet. Please update the record according to the submitted documents.",Academic
"Can u check this, i want to report that the building staircase is producing a strong smell and needs maintenance. The area is frequently used by students and staff. I would be grateful if the responsible office could review the details instead of asking me to repeat the same process. Please send the maintenance team to inspect and fix it.",Maintenance & Facilities
"the classroom projector has been unavailable since this morning. I already changed the password, but the error remains. Please investigate the error and update the service.",IT Services
I am facing an issue because the hostel security desk was reported to the warden but no action has been taken. Please handle the matter according to hostel policy.,Hostel/Provost Office
I want to bring this issue to your attention: the LMS course page works for a few minutes and then goes offline. Restarting the device did not solve the issue. I would be grateful if the responsible office could review the details instead of asking me to repeat the same process. Please check the account or system and fix the issue.,IT Services
I would like to complain that the hostel curfew entry has not been repaired despite an earlier request. I have already checked this more than once. Please ask the hostel administration to resolve it.,Hostel/Provost Office
I am writing regarding my attendance record is still missing from the student record. I need the corrected record for an upcoming academic requirement. Please recheck the entry and let me know once it is fixed.,Academic
Could you please look into this: the printing system has been unavailable since this morning. I have already checked this more than once. I request technical support for this issue.,IT Services
"Please help, could you please look into this: the exam date sheet contains an error that is affecting my semester record. I have already checked this more than once. Please check the matter before it affects my semester further.",Academic
I want to report that the fee correction application is stuck between two administrative offices. I have already visited the concerned office more than once. I would be grateful if the responsible office could review the details instead of asking me to repeat the same process. The concerned office is requested to check and complete this matter.,Administrative Offices
"the assignment grade has not been approved despite repeated follow-up. I submitted the required application before the deadline. Because the issue is still unresolved, it is now affecting my normal university work. Could the concerned office please confirm the correct status?",Academic
Im having trouble because the password reset service is rejecting files that meet the stated requirements. I have already checked this more than once. Please restore access as soon as possible.,IT Services
the classroom windows has exposed wiring that should be inspected.,Maintenance & Facilities
the thesis progress review has an incorrect total after the latest update. Could the concerned office please confirm the correct status?,Academic
the campus network is not syncing with my student account. Please check whether there is an account or server-side problem. The IT team is requested to inspect and correct this.,IT Services
Could you please look into this: the classroom ceiling is causing difficulty for students during lectures. I have already checked this more than once. Kindly resolve the maintenance problem at the earliest.,Maintenance & Facilities
There seems to be an issue with the LMS account does not accept my correct login details. Kindly ask IT support to resolve this problemm.,IT Services
"Sir please check, i want to bring this issue to your attention: the hostel WiFi complaint record is creating hygiene concerns for residents. Please resolve this hostel-related problm soon.",Hostel/Provost Office
"Can u check this, the transcript was changed without any explanation. Other students in the same class can see the correct information. Please investigate the discrepancy and make the required correction.",Academic
"the practical marks has been pending for several days. The department office asked me to wait, but there has been no update. Because the issue is still unresolved, it is now affecting my normal universirty work. Could the concerned office please confirm the correct status?",Academic
I need help because the prerequisite approval has not been updated even though the instructor confirmed the correction. I already contacted the relevant teacher but the record is unchanged. I would be grateful if the responsible office could review the details instead of asking me to repeat the same process. Please verify the record and correct it.,Academic
"I am facing an issue because the semester timetable does not include marks for work that I submitted. I submitted the required aplication before the deadline. I have been trying to get this sorted out, but there has not been a clear resolution yet. Please verify the record and correct it.",Academic
"I have a problem, there is a problem with the online registration portal is preventing me from accessing course material. Please resolve the technical problem before the deadline.",IT Services
I need help because my attendance record is showing the wrong course information. I have checked the portal more than once and the same problem remains. Please verify the record and correct it.,Academic
"the viva schedule was marked absent although I attended the class. I need the corrected record for an upcoming academic requirement. Because the issue is still unresolved, it is now affecting my normal university work. Please verify the record and correct it.",Academic
There is a problem with the hostel water supply is not being handled according to the hostel procedure. The condition has been causing inconvenience for several days. Kindly have the warden or relevant staff check this issue.,Hostel/Provost Office
the hostel washroom is not working properly. I have already submitted a request at the hostel offce. Please ask the hostel administration to resolve it.,Hostel/Provost Office
I am facing an issue because the corridor lights is making a loud noise throughout lectures. Students are facing this problem every day. I would be grateful if the responsible office could review the details instead of asking me to repeat the same process. Kindly resolve the maintenance problem at the earliest.,Maintenance & Facilities
"Can u check this, my fee challan is not appearing in the official record. The required documents and receipt were submitted. Please process the request and correct the record.",Administrative Offices
Please check why the LMS account is extremely slow during class hours. The problem started recently and has continued since then. I would be grateful if the responsible office could review the details instead of asking me to repeat the same process. Please check the account or system and fix the issue.,IT Services
"the exam date sheet has not been approved despite repeated follow-up. Because of this error, Im unable to proceed with the next academic step. Please check the matter before it affects my semester further.",Academic
"Could you please look into this: the exam date sheet does not include marks for work that I submitted. Because of this error, I am unable to proceed with the next academic step. I would be grateful if the responsible office could review the details instead of asking me to repeat the same process. Please update the record according to the submitted documents.",Academic
There seems to be an issue with the parking area has been left unrepaired since last week. Please send someone to inspect the location. Please arrange repair as soon as possible.,Maintenance & Facilities
"I have a problem, i would like to complain that the hostel security refund was returned without explaining what is missing. I have already checked this more than once. Please ask the concerned administrative office to resolve this.",Administrative Offices
the electrical sockets has been left unrepaired since last week. Kindly resolve the maintenance problem at the earliest.,Maintenance & Facilities
the admission document has not been issued yet. I have kept a copy of the submitted form and payment receipt. Please resolve the issue without further unnecessary delay.,Administrative Offices
I would like to complain that the classroom ceiling is creating an uncomfortable environment in the room. I have already checked this more than once. Kindly send the maintenance team to inspect and fix it.,Maintenance & Facilities
"the assignment grade is showing the wrong course information. I submitted the required application before the deadline. Because the issue is still unresolved, it is now affecting my normal university work. Please recheck the entry and let me know once it is fixed.",Academic
I am having trouble because the hostel corridor lights has not been repaired despite an earlier request. I have already checked this more than once. I request the Provost Office to look into this matter.,Hostel/Provost Office
"There seems to be an issue with the common room has been pending with the hostel office. I informed the hostel staff earlier, but the issue continues. Please resolve this hostel-related problem soon.",Hostel/Provost Office
the result card has not been updated even though the instructor confirmed the correction. The department office asked me to wait but there has been no update. Kindly review this issue and update the academic record.,Academic
"There is a problem with the password reset service does not recognize my account. Restarting the device did not solve the issue. I have been trying to get this sorted out, but there has not been a clear resolution yet. Kindly check the network or account configuration.",IT Services
"the practical marks was changed without any explanation. The department office asked me to wait, but there has been no update. Please recheck the entry and let me know once it is fixed.",Academic
the classroom projector is preventing me from accessing course material. Please check the account or system and fix the issue.,IT Services
"pleas help, i am having trouble because the classroom chairs is leaking and making the floor wet. Students are facing this problem every day. Please send the maintenance team to inspect and fix it.",Maintenance & Facilities
"the mess food is not being handled according to the hostel procedure. The warden was informed, but I have not received any update. Kindly inspect the issue and arrange the required solution.",Hostel/Provost Office
the course section shows a value that does not match the marks announced in class.,Academic
my portal login is not syncing with my student account. I tried from more than one device and the problem is the same. Please investigate the error and update the service.,IT Services
I am facing an issue because my CGPA was not accepted even though I met the deadline. This issue is causing difficulty with my current semester planning. I would be grateful if the responsible office could review the details instead of asking me to repeat the same process. Please verify the record and correct it.,Academic
"the room furniture is creating repeated arguments among residents. The issue needs attention before it becomes more serious. Because the issue is still unresolved, it is now affecting my normal university work. Kindly inspect the issue and arrange the required solution.",Hostel/Provost Office
I would like to complain that the semester timetable still shows the old information after correction. I request the department to resolve this as soon as possible.,Academic
the lab internet connection has stopped working after the latest update. Please investigate the error and update the service.,IT Services
the mess food requires inspection by hostel staff.,Hostel/Provost Office
I need help because my financial aid application shows an incorrect amount. The required documents and receipt were submitted. I request verification and completion of the pending process.,Administrative Offices
"I am facing an issue because my degree verification request has not been forwarded to the concerned office. I would appreciate a clear status instead of being sent between offices. I have been trying to get this sorted out, but there has not been a clear resolution yet. Please resolve the issue without further unnecessary delay.",Administrative Offices
I need help because the laundry area has not been resolved after repeated reporting. Please check the hostel record for my earlier complaint. Please handle the matter according to hostel policy.,Hostel/Provost Office
the LMS course page has stopped working after the latest update. Other university websites are opening normally. Please resolve the technical problem before the deadline.,IT Services
"I want to bring this issue to your attention: the room cleanliness requires inspection by hostle staff. I would like the matter to be handled according to hostel rules. I have been trying to get this sorted out, but there has not been a clear resolution yet. Please take action and update me about the complaint.",Hostel/Provost Office
I am having trouble because my CGPA is different from what appears on the departmental notice. I already contacted the relevant teacher but the record is unchanged. Please update the record according to the submitted documents.,Academic
my roommate issue requires inspection by hostel staff. Please take action and update me about the complant.,Hostel/Provost Office
I want to report that the result card is preventing me from completing registration. I have already checked this more than once. I request the department to resolve this as soon as possible.,Academic
the drainage line is causing difficulty for students during lectures. This is especially difficult when the room is full. Please arrange repair as soon as possible.,Maintenance & Facilities
"Sir please check, i am having trouble because the student protal is not syncing with my student account. I have already checked this more than once. Please restore access as soon as possible.",IT Services
There is a problem with the bonafide certificate has been delayed beyond the stated processing time. I have already checked this more than once. The concerned office is requested to check and complete this matter.,Administrative Offices
"Sir please check, could you please look into this: the hostel washroom is not working properly. I have already checked this more than once. I request the Provost Office to look into this matter.",Hostel/Provost Office
"Can u check this, the classroom chairs is blocked and water is collecting around it. Please send someone to inspect the location. Please check the problem and restore the facility.",Maintenance & Facilities
I am having trouble because the department elevator is not providing adequate service. I have already checked this more than once. I request urgent maintenance of this issue.,Maintenance & Facilities
the hostel gate procedure has been pending with the hostel office.,Hostel/Provost Office
I am facing an issue because my student card is stuck between two administrative offices. I have already checked this more than once. I request verification and completion of the pending process.,Administrative Offices
the parking area has broken fittings. The problem is now affecting more than one class. Please arrange repair as soon as possible.,Maintenance & Facilities
the email verification link has not been restored after an earlier complaint.,IT Services
"Hi, my clearance form is not appearing in the official record. Please ask the concerned administrative office to resolve this.",Administrative Offices
"I have a problem, i want to report that the hostel cleaning schedule is creating an uncomfortable living situation. I have already checked this more than once. Please take action and update me about the complaint.",Hostel/Provost Office
the room ceiling fan was reported to the warden but no action has been taken. Several residents on the floor are facing the same problem. pleas ask the hostel administration to resolve it.,Hostel/Provost Office
"I am writing regarding the lecture room lights is leaking and making the floor wet. The area is frequently used by students and staff. I have been trying to get this sorted out, but there has not been a clear resolution yet. Please inspect the area and take the necessary action.",Maintenance & Facilities
the online registration portal is extremely slow during class hours. Restarting the device did not solve the issue. Kindly ask IT support to resolve this problem.,IT Services
course registration was not accepted even though I met the deadline.,Academic
I need help because the registered credit hours still shows the old information after correction. Kindly review this issue and update the academic record.,Academic
the hostel corridor lights is not available at the stated time. Please take action and update me about the complaint.,Hostel/Provost Office
"the room cleanliness is causing problems for residents every day. I informed the hostel staff earlier, but the issue continues. Kindly have the warden or relevant staff check this issue.",Hostel/Provost Office
I would like to complain that the washroom taps is overflowing during busy hours. I have already checked this more than once. Please check the problem and restore the facility.,Maintenance & Facilities
the drinking water supply has been left unrepaired since last week. The problem is now affecting more than one class. Please have this facility repaired or replaced.,Maintenance & Facilities
course registration was entered under the wrong course code. Please update the recrod according to the submitted documents.,Academic
"the mess timing is causing problems for residents every day. The warden was informed, but I have not received any update. Because the issue is still unresolved, it is now affecting my normal university work. I request the Provost Office to look into this matter.",Hostel/Provost Office
I am writing regarding the thesis progress review has not been shared with students. Kindly investigate the discrepancy and make the required correction.,Academic
There is a problem with the hot water facility requires inspection by hostel staff. I have already submitted a request at the hostel office. Please ask the hostel administration to resolve it.,Hostel/Provost Office
"I would like to complain that the room cleanliness is not available at the stated time. I informed the hostel staff earlier, but the issue continues. Please handle the matter according to hostel policy.",Hostel/Provost Office
the viva schedule was not accepted even though I met the deadline.,Academic
the course section is showing the wrong course information. I already contacted the relevant teacher but the record is unchanged. Please check the matter before it affects my semester further.,Academic
There seems to be an issue with the fee refund request is being delayed because the counter staff keep asking me to return later. I would appreciate a clear status instead of being sent between offices. I request verification and completion of the pending process.,Administrative Offices
the hostel corridor lights is not working properly. Please handle the matter according to hostel policy.,Hostel/Provost Office
I need help because course registration does not include marks for work that I submitted. I have checked the portal more than once and the same problem remains. I would be grateful if the responsible office could review the details instead of asking me to repeat the same process. Kindly investigate the discrepancy and make the required correction.,Academic
the course section does not reflect the form I submitted on time. I would appreciate verification from the concerned academic office. Please verify the record and correct it.,Academic
"Can u check this, could you please look into this: the classroom windows keeps stopping and starting. The condition is affecting normal use of the area. Please inspect the area and take the necessary action.",Maintenance & Facilities
I am writing regarding the makeup exam request contains an error that is affecting my semester record. I have already checked this more than once. Please check the matter before it affects my semester further.,Academic
the printing system is not responding at all. This is affecting my ability to complete university work. Please investigate the error and update the service.,IT Services
Please check why the university WiFi is not connected to the campus network. I need access before the current submission deadline. Please restore access as soon as possible.,IT Services
I am facing an issue because the thesis progress review was marked absent although I attended the class. Please recheck the entry and let me know once it is fixed.,Academic
Can someone check why the classroom projector is not syncing with my student account. This is affecting my ability to complete universirty work. Kindly check the network or account configuration.,IT Services
the hostel water supply requires inspection by hostel staff. I would like the matter to be handled according to hostel rules. The concerned hostel staff are requested to take action.,Hostel/Provost Office
I am facing an issue because the laboratory ventilation is creating an uncomfortable environment in the room. I have already checked this more than once. Please arrange repair as soon as possible.,Maintenance & Facilities
"I have a problem, there is a problem with the bonafide certificate does not match the payment receipt. I have already checked this more than once. I request verification and completion of the pending process.",Administrative Offices
There is a problem with the department printer has stopped working after the latest update. Other university websites are opening normally. I would be grateful if the responsible office could review the details instead of asking me to repeat the same process. Please restore access as soon as possible.,IT Services
"There seems to be an issue with the building staircase keeps stopping and starting. This is especially difficult when the room is full. I have been trying to get this sorted out, but there has not been a clear resolution yet. Please check the problem and restore the facility.",Maintenance & Facilities
"the LMS account is showing outdated information. Please check whether there is an account or server-side problem. Because the issue is still unresolved, it is now affecting my normal university work. Kindly check the network or account configuration.",IT Services
I want to bring this issue to your attention: the corridor lights is not providing adequate service. The problem is now affecting more than one class. Please inspect the area and take the necessary action.,Maintenance & Facilities
the laundry area hasnt been resolved after repeated reporting. I have already submitted a request at the hostel office. I request the Provost Office to look into this matter.,Hostel/Provost Office
the admission fee record has no status update despite repeated visits. I have kept a copy of the submitted form and payment receipt. Kindly review the documents and process the request.,Administrative Offices
I need help because the laundry area is not available at the stated time. I have already checked this more than once. Please resolve this hostel-related problem soon.,Hostel/Provost Office
"the projector connection does not send the verification message. The issue occurs both in the lab and on my own device. Because the issue is still unresolved, it is now affecting my normal university work. Kindly ask IT support to resolve this problem.",IT Services
the practical mraks was marked absent although I attended the class.,Academic
the hostel cleaning schedule is still unresolved after several days. This is affecting normal hostel routine. The concerned hostel staff are requested to take action.,Hostel/Provost Office
"my university email does not send the verification message. I need access before the current submission deadline. Because the issue is still unresolved, it is now affecting my normal university work. Kindly ask IT support to resolve this problem.",IT Services
I need help because the password reset service is showing outdated information. Please investigate the error and update the service.,IT Services
the accounts office receipt needs correction in the administrative record. The concerned office is requested to check and complete this matter.,Administrative Offices
Can someone check why the password reset service is extremely slow during class hours. This is affecting my ability to complete university work. Kindly check the network or account configuration.,IT Services
"the admission document is causing difficulty with another university process. The counter staff asked me to check again later, but there is still no progress. The concerned office is requested to check and complete this matter.",Administrative Offices
I want to bring this issue to your attention: the online registration portal is not syncing with my student account. The problem started recently and has continued since then. I would be grateful if the responsible office could review the details instead of asking me to repeat the same process. Kindly ask IT support to resolve this problem.,IT Services
Could you please look into this: my scholarship application has been pending without any clear update. Please ask the concerned administrative office to resolve this.,Administrative Offices
the classroom windows is creating an uncomfortable environment in the room. Kindly send the maintenance team to inspect and fix it.,Maintenance & Facilities
"Sir plz check, the bonafide certificate has not been approved even after verification.",Administrative Offices
I am writing regarding the air conditioner is making a loud noise throughout lectures. The condition is affecting normal use of the area. I request urgent maintenance of this issue.,Maintenance & Facilities
I need help because the biometric attendance machine has stopped working after the latest update. I reported this earlier to the IT desk but it is still unresolved. Kindly check the network or account configuration.,IT Services
my attendance record is still missing from the student record. I submitted the required application before the deadline. Please check the matter before it affects my semester further.,Academic
Can someone check why the official certificate request was supposed to be completed earlier but remains unresolved. The application was submitted within the announced dates. Please resolve the issue without further unnecessary delay.,Administrative Offices
my student card has no status update despite repeated visits.,Administrative Offices
I am facing an issue because the viva schedule does not reflect the form I submitted on time. I have already checked this more than once. Please update the record according to the submitted documents.,Academic
my university email has been unavailable since this morning. I tried from more than one device and the problem is the same. I request technical support for this issue.,IT Services
I am having trouble because the network connection does not send the verification message. The problem started recently and has continued since then. Kindly check the network or account configuration.,IT Services
I would like to complain that my student card was marked incomplete although all listed documents were attached. I have already checked this more than once. Please ask the concerned administrative office to resolve this.,Administrative Offices
"Please check why the scholarship payment was supposed to be completed earlier but remains unresolved. The counter staff asked me to check again later but there is still no progress. I have been trying to get this sorted out, but there has not been a clear resolution yet. The concerned office is requested to check and complete this matter.",Administrative Offices
"Please check why my financial aid application is causing difficulty with another university process. The counter staff asked me to check again later, but there is still no progress. I have been trying to get this sorted out, but there has not been a clear resolution yet. Please process the request and correct the record.",Administrative Offices
the backup generator has not been repaired after an earlier complant. This is especially difficult when the room is full. Kindly send the maintenance team to inspect and fix it.,Maintenance & Facilities
There is a problem with the accounts office receipt was marked incomplete although all listed documents were attached. This matter has remained unresolved for several working days. The concerned office is requested to check and complete this matter.,Administrative Offices
the registrar application has not been issued yet. This matter has remained unresolved for several working days. Please resolve the issue without further unnecessary delay.,Administrative Offices
"There is a problm with the hostel washroom has not been updated in the hostel record. Several residents on the floor are facing the same problem. I have been trying to get this sorted out, but there has not been a clear resolution yet. Please resolve this hostel-related problem soon.",Hostel/Provost Office
I am facing an issue because the fee refund request has not been approved even after verification. This matter has remained unresolved for several working days. Please ask the concerned administrative office to resolve this.,Administrative Offices
"Can u check this, could you please look into this: the mess food has not been repaired despite an earlier request. I have already checked this more than once. I request the Provost offce to look into this matter.",Hostel/Provost Office
the classroom fan needs urgent cleaning and maintenance. Please check the problm and restore the facility.,Maintenance & Facilities
Im having trouble because the LMS account is not connected to the campus network. Please check the account or system and fix the issue.,IT Services
"I want to report that the corridor lights is blocked and water is collecting around it. This is especially difficult when the room is full. I have been trying to get this sorted out, but there has not been a clear resolution yet. Please have this facility repaired or replaced.",Maintenance & Facilities
the hostel washroom is not being handled according to the hostel procedure. Kindly inspect the issue and arrange the required solution.,Hostel/Provost Office
"I have a problem, i am facing an issue because the electrical sockets is not providing adequate service. I have already checked this more than once. Please have this facility repaired or replaced.",Maintenance & Facilities
I am writing regarding the computer lab software shows an error whenever I try to submit work. I have already checked this more than once. plz check the account or system and fix the issue.,IT Services
"Hi, i need help because my university email has stopped working after the latest update. Please check whether there is an account or server-side problem. Please restore access as soon as possible.",IT Services
"Hi, i am facing an issue because the hostle washroom has not been repaired despite an earlier request. The concerned hostel staff are requested to take action.",Hostel/Provost Office
the quiz score was marked absent although I attended the class.,Academic
the password reset service is not detecting the connected device. I reported this earlier to the IT desk but it is still unresolved. Please restore access as soon as possible.,IT Services
There seems to be an issue with the water cooler is producing a strong smell and needs maintenance. It would be better to repair it before the damage increases. Please check the problm and restore the facility.,Maintenance & Facilities
I would like to complain that the makeup exam request was entered under the wrong course code. plz recheck the entry and let me know once it is fixed.,Academic
the fee correction application has not been approved even after verification. Please verify the record with the accounts or registrar ofice. Please resolve the issue without further unnecessary delay.,Administrative Offices
"pleas check why the assignment grade was uploaded late and now I cannot complete the next process. Because of this error, I am unable to proceed with the next academic step. I would be grateful if the responsible office could review the details instead of asking me to repeat the same process. Kindly review this issue and update the academic record.",Academic
"I would like to complain that the hostel gate procedure requires inspection by hostel staff. I informed the hostel staff earlier, but the issue continues. I would be grateful if the responsible office could review the details instead of asking me to repeat the same process. Please ask the hostel administration to resolve it.",Hostel/Provost Office
"my fee challan was entered under the wrong category. I have already visited the concerned office more than once. Because the issue is still unresolved, it is now affecting my normal university work. Kindly review the documents and process the request.",Administrative Offices
I would like to complain that the migration certificate was submitted before the deadline but still shows pending. I have already checked this more than once. Please correct the record and confirm the updated status.,Administrative Offices
I am writing regarding the biometric attendance machine works for a few minutes and then goes offline. I tried from more than one device and the problem is the same. Kindly check the network or account configuration.,IT Services
I want to report that the quiz score is creating a clash with another registered course. I have already checked this more than once. Kindly review this issue and update the academic record.,Academic
Im writing regarding my thesis supervision is showing the wrong course information. I have already checked this more than once. Please check the matter before it affects my semester further.,Academic
"the drainage line is not working properly during class hours. Students are facing this problem every day. Because the issue is still unresolved, it is now affecting my normal university work. Please check the problem and restore the facility.",Maintenance & Facilities
"I want to bring this issue to your attention: the admission document was marked incomplete although all listed documents were attached. I need the document for another university process. I have been trying to get this sorted out, but there has not been a clear resolution yet. Please process the request and correct the record.",Administrative Offices
"I am having trouble because the hostel curfew entry is causing problems for residents every day. I would like the matter to be handled according to hostel rules. I have been trying to get this sorted out, but there has not been a clear resolution yet. The concerned hostel staff are requested to take action.",Hostel/Provost Office
I am facing an issue because my degree verification request was supposed to be completed earlier but remains unresolved. I request verification and completion of the pending process.,Administrative Offices
the hostel washroom needs attention from the provost office. I would like the matter to be handled according to hostel rules. Kindly have the warden or relevant staff check this issue.,Hostel/Provost Office
I need help because the hostel corridor lights hasnt been repaired despite an earlier request. I would like the matter to be handled according to hostel rules. Please take action and update me about the complaint.,Hostel/Provost Office
I would like to complain that the drainage line is causing difficulty for students during lectures. Please check the problem and restore the facility.,Maintenance & Facilities
the projector connection is preventing me from accessing course material.,IT Services
"my portal login does not accept my correct login details. I need access before the current submission deadline. Because the issue is still unresolved, it is now affecting my normal university work. Please restore access as soon as possible.",IT Services
"I am writing regarding the admission status was supposed to be completed earlier but remains unresolved. I have already visited the concerned offce more than once. I have been trying to get this sorted out, but there has not been a clear resolution yet. Please resolve the issue without further unnecessary delay.",Administrative Offices
the parking area has exposed wiring that should be inspected.,Maintenance & Facilities
the duplicate student card request contains incorrect student information. I have kept a copy of the submitted form and payment receipt. The concerned office is requested to check and complete this matter.,Administrative Offices
"This is getting difficult, my CGPA is still missing from the student record. The supporting document was submitted at the department office. Please check the matter before it affects my semester further.",Academic
"I am writing regarding the room change request is not available at the stated time. I have already submitted a request at the hosel office. I have been trying to get this sorted out, but there hasnt been a clear resolution yet. Please handle the matter according to hostel policy.",Hostel/Provost Office
There seems to be an issue with the university WiFi works for a few minutes and then goes offline. I have already checked this more than once. Please investigate the error and update the service.,IT Services
I am facing an issue because the registered credit hours was marked absent although I attended the class. The supporting document was submitted at the department office. Please recheck the entry and let me know once it is fixed.,Academic
"This is getting difficult, i want to bring this issue to your attention: the washroom plumbing is causing difficulty for students during lectures. I have already checked this more than once. Please arrange repair as soon as possible.",Maintenance & Facilities
"the classroom windows needs urgent cleaning and maintenance. It would be better to repair it before the damage increases. Because the issue is still unresolved, it is now affecting my normal university work. Please have this facility repaired or replaced.",Maintenance & Facilities
There is a problem with the prerequisite approval was not accepted even though I met the deadline. I have already checked this more than once. Please verify the recrod and correct it.,Academic
I need help becuase the mess food is causing problems for residents every day. The issue needs attention before it becomes more serious. Please take action and update me about the complaint.,Hostel/Provost Office
I am writing regarding my midterm markss has an incorrect total after the latest update. This issue is causing difficulty with my current semester planning. I request the department to resolve this as soon as possible.,Academic
the registrar application needs correction in the administrative record. I need the document for another university process. The concerned office is requested to check and complete this matter.,Administrative Offices
"Please help, i am having trouble because the classroom ceiling needs urgent cleaning and maintenance. Students are facing this problem every day. I would be grateful if the responsible office could review the details instead of asking me to repeat the same process. Please check the problem and restore the facility.",Maintenance & Facilities
the room change request has been pending with the hostel office. Please ask the hostel administration to resolve it.,Hostel/Provost Office
the document attestation request is being delayed because the counter staff keep asking me to return later.,Administrative Offices
"Hi, i am having trouble because the lab computer does not send the verification message. I have already checked this more than once. I request technical support for this issue.",IT Services
"Please help, the printing system has stopped working after the latest update. I already changed the password, but the error remains. Please check the account or system and fix the issue.",IT Services
There seems to be an issue with my GPA calculation is different from what appears on the departmental notice. This issue is causing difficulty with my current semester planning. plz verify the record and correct it.,Academic
"Hi, i want to report that the transcript shows a value that does not match the marks announced in class. I have already checked this more than once. Please review this issue and update the academic recrod.",Academic
the hostel security refund has not been issued yet. Please verify the record with the accounts or registrar office. Please correct the record and confirm the updated status.,Administrative Offices
There is a problem with the scholarship payment doesnt match the payment receipt. Please verify the record with the accounts or registrar office. I have been trying to get this sorted out but there has not been a clear resolution yet. The concerned office is requested to check and complete this matter.,Administrative Offices
"Can u check this, i am writing regarding the campus network is not loading the required page. I tried from more than one device and the problem is the same. pls ask IT support to resolve this problem.",IT Services
"Sir please check, the laboratory ventilation is not providing adequate service. Students are facing this problem every day. Because the issue is still unresolved, it is now affecting my normal university work. Please send the maintenance team to inspect and fix it.",Maintenance & Facilities
I would like to complain that the drainage line is creating an uncomfortable environment in the room. The condition is affecting normal use of the area. Kindly resolve the maintenance problem at the earliest.,Maintenance & Facilities
Could you please look into this: the fee refund request has been delayed beyond the stated processing time. I have already checked this more than once. Please resolve the issue without further unnecessary delay.,Administrative Offices
I need help because the course section is creating a clash with another registered course. Kindly review this issue and update the academic record.,Academic
Please check why my attendance record has an incorrect total after the latest update. Kindly investigate the discrepancy and make the required correction.,Academic
my roommate issue is not available at the stated time. Kindly inspect the issue and arrange the required solution.,Hostel/Provost Office
"my student card was marked incomplete although all listed documents were attached. The application was submitted within the announced dates. Because the issue is still unresolved, it is now affecting my normal university work. The concerned office is requested to check and complete this matter.",Administrative Offices
"I have a problem, the washroom plumbing has been out of order for several days. The condition is affecting normal use of the area. Please have this facility repaired or replaced.",Maintenance & Facilities
"the room change request is still unresolved after several days. Several residents on the floor are facing the same problem. Because the issue is still unresolved, it is now affecting my normal university work. Please ask the hostel administration to resolve it.",Hostel/Provost Office
"Im writing regarding my CGPA has not been shared with students. Because of this error, I am unable to proceed with the next academic step. Please check the matter before it affects my semester further.",Academic
Please check why the lab internet connection has been unavailable since this morning. The issue occurs both in the lab and on my own device. Please restore access as soon as possible.,IT Services
I am writing regarding the room change request is causing problems for residents every day. Several residents on the floor are facing the same problem. I would be grateful if the responsible office could review the details instead of asking me to repeat the same process. Please resolve this hostel-related problem soon.,Hostel/Provost Office
the official certificate request has been pending without any clear update.,Administrative Offices
the lab internet connection is preventing me from accessing course material. I reported this earlier to the IT desk but it is still unresolved. I request technical support for this issue.,IT Services
"This is getting difficult, there seems to be an issue with the hostel security refund is causing difficulty with another university process. The delay is creating difficulty with my semester matters. Please resolve the issue without further unnecessary delay.",Administrative Offices
"the LMS account is not connected to the campus network. I already changed the password, but the error remains. Because the issue is still unresolved, it is now affecting my normal university work. Please investigate the error and update the service.",IT Services
I want to report that the department printer has been unavailable since this morning. The problem started recently and has continued since then. I would be grateful if the responsible office could review the details instead of asking me to repeat the same process. Please investigate the error and update the service.,IT Services
"This is getting difficult, there seems to be an issue with the viva schedule has not been approved despite repeated follow-up. I have already checked this more than once. Please update the record according to the submitted documents.",Academic
"Hi, there is a problem with the practical marks was entered under the wrong course code. I have already checked this more than once. Please review this issue and update the academic record.",Academic
the email verification link keeps disconnecting during use. I request technical support for this issue.,IT Services
my attendance record is preventing me from completing registration. Please recheck the entry and let me know once it is fixed.,Academic
"Can u check this, can someone check why my portal login works for a few minutes and then goes offline. Restarting the device did not solve the issue. Please restore access as soon as possible.",IT Services
I am having trouble because the network connection is not detecting the connected device. The issue occurs both in the lab and on my own device. Please restore access as soon as possible.,IT Services
I am writing regarding my GPA calculation contains an error that is affecting my semester record. Other students in the same class can see the correct information. plz recheck the entry and let me know once it is fixed.,Academic
the final exam result has not been shared with students. I would appreciate verification from the concerned academic office. Please recheck the entry and let me know once it is fixed.,Academic
the fee refund request shows an incorrect amount. Please process the request and correct the record.,Administrative Offices
"Can u check this, the classroom ceiling is in poor condition and needs replacement. The issue becomes worse during afternoon classes. Because the issue is still unresolved, it is now affecting my normal university work. Please send the maintenance team to inspect and fix it.",Maintenance & Facilities
I am writing regarding my financial aid application is being delayed because the counter staff keep asking me to return later. I have already checked this more than once. Kindly check the application and provide an update.,Administrative Offices
I am facing an issue because my degree verification request is being delayed because the counter staff keep asking me to return later. I have kept a copy of the submitted form and payment receipt. I would be grateful if the responsible office could review the details instead of asking me to repeat the same process. The concerned office is requested to check and complete this matter.,Administrative Offices
"I have a problem, the room cleanliness was handled differently from the stated hostel rules. The warden was informed, but I have not received any update. The concerned hostel staff are requested to take action.",Hostel/Provost Office
I need help because the toilet flush is overflowing during busy hours. It would be better to repair it before the damage increases. I would be grateful if the responsible office could review the details instead of asking me to repeat the same process. Please inspect the area and take the necessary action.,Maintenance & Facilities
I am facing an issue because the air conditioner is not working properly during class hours. I have already checked this more than once. Kindly send the maintenance team to inspect and fix it.,Maintenance & Facilities
"Please help, there seems to be an issue with the registrar application is being delayed because the counter staff keep asking me to return later. The application was submitted within the announced dates. Please ask the concerned administrative office to resolve this.",Administrative Offices
the room cleanliness is not working properly. Kindly inspect the issue and arrange the required solution.,Hostel/Provost Office
"the hostel WiFi complant record was handled differently from the stated hostel rules. Please check the hostel record for my earlier complaint. Because the issue is still unresolved, it is now affecting my normal university work. Please take action and update me about the complaint.",Hostel/Provost Office
the classroom chairs has been out of order for several days.,Maintenance & Facilities
"the mess food is causing problems for residents every day. I informed the hostel staff earlier, but the issue continues. Because the issue is still unresolved, it is now affecting my normal university work. I request the Provost Office to look into this matter.",Hostel/Provost Office
I am facing an issue because my roommate issue has become worse this week. I have already checked this more than once. Kindly have the warden or relevant staff check this issue.,Hostel/Provost Office
the hot water facility is creating an uncomfortable living situation.,Hostel/Provost Office
the hostel corridor lights is causing problems for residents every day. Please check the hostel record for my earlier complaint. Please resolve this hostel-related problem soon.,Hostel/Provost Office
I would like to complain that my CGPA was entered under the wrong course code. The supporting document was submitted at the department office. Please update the record according to the submitted documents.,Academic
"I would like to complain that my scholarship application was supposed to be completed earlier but remains unresolved. I would appreciate a clear status instead of being sent between offices. I have been trying to get this sorted out, but there has not been a clear resolution yet. The concerned office is requested to check and complete this matter.",Administrative Offices
I am having trouble because the toilet flush is damaged and unsafe to use. The area is frequently used by students and staff. Please inspect the area and take the necessary action.,Maintenance & Facilities
There is a problem with the migration certificate is not appearing in the official record. The required documents and receipt were submitted. Please ask the concerned administrative office to resolve this.,Administrative Offices
"I would like to complain that my attendance record was not accepted even though I met the deadline. I have checked the portal more than once and the same problem remains. I have been trying to get this sorted out, but there has not been a clear resolution yet. Please check the matter before it affects my semester further.",Academic
"the mess food has not been repaired despite an earlier request. The warden was informed, but I have not received any update. Please handle the matter according to hosel policy.",Hostel/Provost Office
There seems to be an issue with the hostel curfew entry is creating an uncomfortable living situation. I would like the matter to be handled according to hostel rules. I request the Provost Office to look into this matter.,Hostel/Provost Office
"This is getting difficult, there is a problem with the makeup exam request has an incorrect total after the latest update. I have already checked this more than once. Please verify the record and correct it.",Academic
Can someone check why the lab computer fails before the process is completed. I have already checked this more than once. Please check the account or system and fix the issue.,IT Services
Can someone check why the lecture desk needs urgent cleaning and maintenance. This is especially difficult when the room is full. Please inspect the area and take the necessary action.,Maintenance & Facilities
"I have a problem, the online registration portal is not responding at all. Please check whether there is an account or server-side problem. Because the issue is still unresolved, it is now affecting my normal university work. The IT team is requested to inspect and correct this.",IT Services
"I have a problem, i would like to complain that the water cooler has not been repaired after an earlier complaint. Please send someone to inspect the location. I would be grateful if the responsible office could review the details instead of asking me to repeat the same process. I request urgent maintenance of this issue.",Maintenance & Facilities
the student portal does not accept my correct login details. The problem started recently and has continued since then. Please resolve the technical problem before the deadline.,IT Services
the semester timetable is still missing from the student record. Could the concerned office please confirm the correct status?,Academic
There seems to be an issue with the prerequisite approval does not include marks for work that I submitted. This issue is causing difficulty with my current semester planning. I would be grateful if the responsible office could review the details instead of asking me to repeat the same process. Please check the matter before it affects my semester further.,Academic
I am facing an issue because the course section was changed without any explanation. I have already checked this more than once. Please recheck the entry and let me know once it is fixed.,Academic
I am facing an issue because the washroom taps is not providing adequate service. Please arrange repair as soon as possible.,Maintenance & Facilities
the admission status hasnt been forwarded to the concerned office. The delay is creating difficulty with my semester matters. Please correct the record and confirm the updated status.,Administrative Offices
the toilet flush is creating an uncomfortable environment in the room. The issue becomes worse during afternoon classes. Kindly resolve the maintenance problem at the earliest.,Maintenance & Facilities
"Hi, the migration certificate has no status update despite repeated visits. I have already visited the concerned office more than once. Please review the documents and process the request.",Administrative Offices
I need help because the laundry area was handled differently from the stated hostel rules. I have already checked this more than once. Please take action and update me about the complaint.,Hostel/Provost Office
the scholarship payment hasnt been processed even though the documents were submitted. I would appreciate a clear status instead of being sent between offices. The concerned office is requested to check and complete this matter.,Administrative Offices
the makeup exam request is preventing me from completing registration. I already contacted the relevant teacher but the record is unchanged. Please check the matter before it affects my semester further.,Academic
my financial aid application shows an incorrect amount. The application was submitted within the announced dates. Kindly check the application and provide an update.,Administrative Offices
the washroom plumbing has been out of order for several days. This is especially difficult when the room is full. I request urgent maintenance of this issue.,Maintenance & Facilities
I want to report that the campus network is showing outdated information. I have already checked this more than once. Please check the account or system and fix the issue.,IT Services
"I have a problem, i need help because the hostel security refund is not appearing in the official record. I have already checked this more than once. The concerned office is requested to check and complete this matter.",Administrative Offices
my fee challan is stuck between two administrative offices. I have kept a copy of the submitted form and payment receipt. Please correct the record and confirm the updated status.,Administrative Offices
There seems to be an issue with the water cooler needs urgent cleaning and maintenance. I have already checked this more than once. The concerned staff are requested to repair this promptly.,Maintenance & Facilities
I would like to complain that the lecture room lights is leaking and making the floor wet. Kindly resolve the maintenance problem at the earliest.,Maintenance & Facilities
the campus network is preventing me from accessing course material. Other university websites are opening normally. Kindly ask IT support to resolve this problem.,IT Services
the classroom windows is causing difficulty for students during lectures. It would be better to repair it before the damage increases. I request urgent maintenance of this issue.,Maintenance & Facilities
"the room change request has not been repaired despite an earlier request. The condition has been causing inconvenience for several days. Because the issue is still unresolved, it is now affecting my normal university work. Please ask the hostel administration to resolve it.",Hostel/Provost Office
the registered credit hours still shows the old information after correction.,Academic
Could you please look into this: the fee refund request was submitted before the deadline but still shows pending. I have already checked this more than once. Please resolve the issue without further unnecessary delay.,Administrative Offices
I am having trouble because the building staircase has broken fittings. This is especially difficult when the room is full. I would be grateful if the responsible office could review the details instead of asking me to repeat the same process. The concerned staff are requested to repair this promptly.,Maintenance & Facilities
"Sir please check, the registered credit hours was uploaded late and now I cannot complete the next process. I request the department to resolve this as soon as possible.",Academic
"Hi, the student portal is preventing me from accessing course material. Please check whether there is an account or server-side problem. Because the issue is still unresolved, it is now affecting my normal university work. The IT team is requested to inspect and correct this.",IT Services
There is a problem with the registered credit hours shows a value that does not match the marks announced in class. I submitted the required application before the deadline. Please recheck the entry and let me know once it is fixed.,Academic
There seems to be an issue with the hostel water supply is not working properly. Please check the hostel record for my earlier complaint. Kindly have the warden or relevant staff check this issue.,Hostel/Provost Office
the final exam result shows a value that does not match the marks announced in class. I have checked the portal more than once and the same problem remains. Kindly review this issue and update the academic record.,Academic
the classroom fan has been out of order for several days. The condition is affecting normal use of the area. Kindly resolve the maintenance problem at the earliest.,Maintenance & Facilities
Could you please look into this: the hostel washroom has not been repaired despite an earlier request. The issue needs attention before it becomes more serious. Kindly have the warden or relevant staff check this issue.,Hostel/Provost Office
"This is getting difficult, the hostel washroom is causing unnecessary difficulty at night. The warden was informed, but I have not received any update. Because the issue is still unresolved, it is now affecting my normal university work. Please take action and update me about the complaint.",Hostel/Provost Office
the printing system is not responding at all. Kindly ask IT support to resolve this problem.,IT Services
the electrical sockets has not been repaired after an earlier complaint. It would be better to repair it before the damage increases. Please check the problem and restore the facility.,Maintenance & Facilities
the classroom chairs hasnt been repaired after an earlier complaint. Please have this facility repaired or replaced.,Maintenance & Facilities
the assignment grade was uploaded late and now I cannot complete the next process. I request the department to resolve this as soon as possible.,Academic
"This is getting difficult, there is a problem with the makeup exam request was not accepted even though I met the deadline. Other students in the same class can see the correct information. can the office confirm the correct status?",Academic
the duplicate student card request is causing difficulty with another university process. Please correct the record and confirm the updatd status.,Administrative Offices
the printing system is extremely slow during class hours. Kindly ask IT support to resolve this problem.,IT Services
There seems to be an issue with the water cooler is not working properly during class hours. Please inspect the area and take the necessary action.,Maintenance & Facilities
the laundry area is creating hygiene concerns for residents. Please take action and update me about the complaint.,Hostel/Provost Office
"the projector connection is not detecting the connected device. I already changed the password, but the error remains. Because the issue is still unresolved, it is now affecting my normal university work. Kindly ask IT support to resolve this problem.",IT Services
I want to bring this issue to your attention: the fee refund request contains incorrect student information. I have already visited the concerned office more than once. I have been trying to get this sorted out but there has not been a clear resolution yet. Kindly review the documents and process the request.,Administrative Offices
I am writing regarding the practical marks still shows the old information after correction. I have already checked this more than once. Please check the matter before it affects my semester further.,Academic
the admission status was supposed to be completed earlier but remains unresolved.,Administrative Offices
"There seems to be an issue with the official certificate request was marked incomplete although all listed documents were attached. I would appreciate a clear status instead of being sent between offices. I have been trying to get this sorted out, but there hasnt been a clear resolution yet. The concerned office is requested to check and complete this matter.",Administrative Offices
"Please check why the room ceiling fan has not been updated in the hostel record. The warden was informed, but I have not received any update. Kindly inspect the issue and arrange the required solution.",Hostel/Provost Office
"I have a problem, course registration has been pending for several days. This issue is causing difficulty with my current semester planning. Because the issue is still unresolved, it is now affecting my normal university work. Please review this issue and update the academic record.",Academic
"I have a problem, i would like to complain that the LMS account has stopped working after the latest update. I have already checked this more than once. I request technical support for this issue.",IT Services
"Please help, my midterm marks is different from what appears on the departmental notice. I already contacted the relevant teacher but the record is unchanged. Please verify the record and correct it.",Academic
my attendance recrod was changed without any explanation. I already contacted the relevant teacher but the record is unchanged. Please check the matter before it affects my semester further.,Academic
"the admission status is being delayed becuase the counter staff keep asking me to return later. I would appreciate a clear status instead of being sent between offices. Because the issue is still unresolved, it is now affecting my normal university work. Please ask the concerned administrative office to resolve this.",Administrative Offices
I need help because the hostel gate procedure is not working properly. Please ask the hostel administration to resolve it.,Hostel/Provost Office
the corridor lights is leaking and making the floor wet.,Maintenance & Facilities
"Please help, my financial aid application needs correction in the administrative record. The application was submitted within the announced dates. Please ask the concerned administrative office to resolve this.",Administrative Offices
the mess food is not being handled according to the hostel procedure.,Hostel/Provost Office
"Sir please check, there seems to be an issue with the bonafide certificate has not been processed even though the documents were submitted. I need the document for another university process. Please process the request and correct the record.",Administrative Offices
I want to bring this issue to your attention: the document attestation request has not been issued yet. I have already checked this more than once. Please process the request and correct the record.,Administrative Offices
the hostel washroom has not been resolved after repeated reporting. I have already submitted a request at the hostel offce. Please take action and update me about the complaint.,Hostel/Provost Office
"I have a problem, the email verification link is not loading the required page. The problem started recently and has continued since then. Please restore access as soon as possible.",IT Services
the room change request is affecting basic hosel facilities. I have already submitted a request at the hostel office. The concerned hostel staff are requested to take action.,Hostel/Provost Office
Could you please look into this: the hostel gate procedure has not been updated in the hostel record. This is affecting normal hostel routine. Please take action and update me about the complaint.,Hostel/Provost Office
"the final exam result hasnt been approved despite repeated follow-up. I submitted the required application before the deadline. Because the issue is still unresolved, it is now affecting my normal university work. Kindly review this issue and update the academic record.",Academic
"Im facing an issue because the classroom windows has exposed wiring that should be inspected. Please send someone to inspect the location. I have been trying to get this sorted out, but there has not been a clear resolution yet. Please inspect the area and take the necessary action.",Maintenance & Facilities
I am facing an issue because the hostel corridor lights requires inspection by hostel staff. The condition has been causing inconvenience for several days. Please handle the matter according to hostel policy.,Hostel/Provost Office
"Hi, i am facing an issue because the classroom chairs is causing difficulty for students during lectures. I have already checked this more than once. I request urgent maintenance of this issue.",Maintenance & Facilities
"I have a problem, i need help because the semester timetable is still missing from the student record. The department office asked me to wait, but there has been no update. I have been trying to get this sorted out, but there has not been a clear resolution yet. Please review this issue and update the academic record.",Academic
Please check why the hostel corridor lights is creating hygiene concerns for residents. This is affecting normal hostel routine. I would be grateful if the responsible office could review the details instead of asking me to repeat the same process. Please handle the matter according to hostel policy.,Hostel/Provost Office
"the campus network is not connected to the campus network. The issue occurs both in the lab and on my own device. Because the issue is still unresolved, it is now affecting my normal university work. Kindly check the network or account configuration.",IT Services
Could you pls look into this: the fee correction application has been pending without any clear update. The delay is creating difficulty with my semester matters. I request verification and completion of the pending process.,Administrative Offices
"I have a problem, there is a problem with the mess food is not available at the stated time. I informed the hostel staff earlier, but the issue continues. Please take action and update me about the complaint.",Hostel/Provost Office
There is a problem with the hostel room lock is creating repeated arguments among residents. Please take action and update me about the complaint.,Hostel/Provost Office
I want to report that the classroom chairs is not avaiable when it is needed. I have already checked this more than once. Please have this facility repaired or replaced.,Maintenance & Facilities
I am having trouble because the hostel gate procedure needs attention from the provost office. The condition has been causing inconvenience for several days. Please ask the hostel administration to resolve it.,Hostel/Provost Office
my portal login is not responding at all. I reported this earlier to the IT desk but it is still unresolved. Kindly check the network or account configuration.,IT Services
"the biometric attendance machine is extremely slow during class hours. I already changed the password, but the error remains. Kindly ask IT support to resolve this problem.",IT Services
"This is getting difficult, the prerequisite approval was marked absent although I attended the class. The supporting document was submitted at the department office. can the office confirm the correct status?",Academic
"I want to bring this issue to your attention: the projector connection is preventing me from accessing course material. I tried from more than one device and the problem is the same. I have been trying to get this sorted out, but there has not been a clear resolution yet. The IT team is requested to inspect and correct this.",IT Services
I am having trouble because the duplicate student card request needs correction in the administrative record. I have already checked this more than once. Please ask the concerned administrative office to resolve this.,Administrative Offices
Could you please look into this: my student card has not been forwarded to the concerned office. I have already checked this more than once. The concerned office is requested to check and complete this matter.,Administrative Offices
I am facing an issue becuase the LMS account has not been restored after an earlier complaint. Please investigate the error and update the service.,IT Services
"the department elevator is not available when it is needed. A maintenance complaint was already reported, but the problem remains. Please inspect the area and take the necessary action.",Maintenance & Facilities
I am facing an issue because the printing system is extremely slow during class hours. I have already checked this more than once. I request technical support for this issue.,IT Services
There is a problemm with the washroom taps has exposed wiring that should be inspected. Please inspect the area and take the necessary action.,Maintenance & Facilities
There is a problem with the backup generator is not working properly during class hours. It would be better to repair it before the damage increases. Please check the problem and restore the facility.,Maintenance & Facilities
Please check why the electrical sockets is not providing adequate service. The area is frequently used by students and staff. Please check the problem and restore the facility.,Maintenance & Facilities
I want to bring this issue to your attention: my attendance record was changed without any explanation. I have already checked this more than once. I request the department to resolve this as soon as possible.,Academic
There seems to be an issue with my roommate issue was handled differently from the stated hostel rules. I have already checked this more than once. Please resolve this hostel-related problem soon.,Hostel/Provost Office
"the hostel water supply has not been resolved after repeated reporting. I informed the hostel staff earlier, but the issue continues. Because the issue is still unresolved, it is now affecting my normal universty work. Please handle the matter according to hostel policy.",Hostel/Provost Office
I need help because the registrar application has not been issued yet. This matter has remained unresolved for several working days. Please correct the record and confirm the updated status.,Administrative Offices
"I want to bring this issue to your attention: the university WiFi is not loading the required page. I reported this earlier to the IT desk but it is still unresolved. I have been trying to get this sorted out, but there hasnt been a clear resolution yet. Kindly check the network or account configuration.",IT Services
the hostel water supply is creating hygiene concerns for residents.,Hostel/Provost Office
"the thesis progress review was entered under the wrong course code. The department office asked me to wait, but there has been no update. I request the department to resolve this as soon as possible.",Academic
the mess food needs attention from the provost office.,Hostel/Provost Office
"the hostel WiFi complaint record has been pending with the hostel office. The warden was informed, but I have not received any update. Because the issue is still unresolved, it is now affecting my normal university work. Please take action and update me about the complaint.",Hostel/Provost Office
the prerequisite approval is different from what appears on the departmental notice.,Academic
"This is getting difficult, could you please look into this: the result card has not been updated even though the instructor confirmed the correction. The department office asked me to wait, but there has been no update. Please check the matter before it affects my semester further.",Academic
I am having trouble because my scholarship application has not been processed even though the documents were submitted. This matter has remained unresolved for several working days. Kindly check the application and provide an update.,Administrative Offices
"I am writing regarding the practical markss has not been approved despite repeated follow-up. The department office asked me to wait, but there has been no update. I have been trying to get this sorted out, but there has not been a clear resolution yet. Please recheck the entry and let me know once it is fixed.",Academic
the network connection works for a few minutes and then goes offline. Other university websites are opening normally. Kindly check the network or account configuration.,IT Services
"the admission status is stuck between two administrative offices. I need the document for another university process. Because the issue is still unresolved, it is now affecting my normal university work. Please process the request and correct the record.",Administrative Offices
"Sir please check, i need help because my portal login fails before the process is completed. I tried from more than one device and the problem is the same. Please investigate the error and update the service.",IT Services
Please check why the hostel cleaning schedule is not working properly. I have already checked this more than once. Please take action and update me about the complaint.,Hostel/Provost Office
"Sir please check, the hot water facility has not been updated in the hostel record. The concerned hostel staff are requested to take action.",Hostel/Provost Office
There is a problem with the email verification link has been unavailable since this morning. The problem started recently and has continued since then. Kindly check the network or account configuration.,IT Services
the hostel gate procedure is creating hygiene concerns for residents. This is affecting normal hostel routine. pls handle the matter according to hostel policy.,Hostel/Provost Office
Could you please look into this: my scholarship application is not appearing in the official record. I have already visited the concerned office more than once. Please correct the record and confirm the updated status.,Administrative Offices
"Please help, please check why course registration was marked absent although I attended the class. I submitted the required application before the deadline. I would be grateful if the responsible office could review the details instead of asking me to repeat the same process. Please review this issue and update the academic record.",Academic
"the network connection is extremely slow during class hours. This is affecting my ability to complete university work. Because the issue is still unresolved, it is now affecting my normal university work. I request technical support for this issue.",IT Services
the backup generator has loose parts that may cause an accident.,Maintenance & Facilities
I need help because the air conditioner is not providing adequate service. I have already checked this more than once. Please have this facility repaired or replaced.,Maintenance & Facilities
I am facing an issue because my roommate issue is making it difficult to stay in the room. The problem is especially difficult during evening hours. I would be grateful if the responsible office could review the details instead of asking me to repeat the same process. Please take action and update me about the complaint.,Hostel/Provost Office
"Please check why the admission status was submitted before the deadline but still shows pending. I have already visited the concerned office more than once. I have been trying to get this sorted out, but there has not been a clear resolution yet. Kindly review the documents and process the request.",Administrative Offices
Could you please look into this: the classroom projector has not been restored after an earlier complaint. Other university websites are opening normally. Please check the account or system and fix the issue.,IT Services
"Sir please check, could you please look into this: my roommate issue has become worse this week. This is affecting normal hostle routine. I would be grateful if the responsible office could review the details instead of asking me to repeat the same process. Please inspect the issue and arrange the required solution.",Hostel/Provost Office
"the hostel corridor lights is affecting basic hostel facilities. The warden was informed, but I have not received any update. Please handle the matter according to hostel policy.",Hostel/Provost Office
There is a problem with the password reset service has stopped working after the latest update. Please check the account or system and fix the issue.,IT Services
"Please help, the bonafide certificate was marked incomplete although all listed documents were attached. The required documents and receipt were submitted. Please resolve the issue without further unnecessary delay.",Administrative Offices
"Can u check this, i am having trouble because the hostel washroom has not been repaired despite an earlier request. I have already checked this more than once. The concerned hostel staff are requested to take action.",Hostel/Provost Office
"Sir please check, please check why my university email is showing outdated information. I have already checked this more than once. I request technical support for this issue.",IT Services
the practical marks has not been shared with students. I would appreciate verification from the concerned academic office. Please update the record according to the submitted documents.,Academic
the classroom projector hasnt been restored after an earlier complaint. Kindly check the network or account configuration.,IT Services
Can someone check why the fee refund request shows an incorrect amount. The delay is creating difficulty with my semester matters. I would be grateful if the responsible office could review the details instead of asking me to repeat the same process. Please resolve the issue without further unnecessary delay.,Administrative Offices
"the department printer is rejecting files that meet the stated requirements. I need access before the current submission deadline. Because the issue is still unresolved, it is now affecting my normal university work. Kindly check the network or account configuration.",IT Services
"Sir please check, the hostel WiFi complaint record was reported to the warden but no action has been taken. Please inspect the issue and arrange the required solution.",Hostel/Provost Office
the lecture desk has been out of order for several days.,Maintenance & Facilities
"I want to bring this issue to your attention: my midterm marks is showing the wrong course information. The department office asked me to wait, but there has been no update. Kindly investigate the discrepancy and make the required correction.",Academic
"the hostel washroom is affecting basic hostel facilities. I would like the matter to be handled according to hostel rules. Because the issue is still unresolved, it is now affecting my normal university work. Please ask the hostel administration to resolve it.",Hostel/Provost Office
There seems to be an issue with the hostel washroom is causing problems for residents every day. Please take action and update me about the complaint.,Hostel/Provost Office
the building staircase is blocked and water is collecting around it. Please send someone to inspect the location. Kindly send the maintenance team to inspect and fix it.,Maintenance & Facilities
I am having trouble because the toilet flush has been left unrepaired since last week. I have already checked this more than once. I request urgent maintenance of this issue.,Maintenance & Facilities
"Hi, the LMS account is showing outdated information. I tried from more than one device and the problem is the same. Please resolve the technical problem before the deadline.",IT Services
There is a problem with the course section was not accepted even though I met the deadline. I have already checked this more than once. Could the concerned office please confirm the correct status?,Academic
"Please help, the biometric attendance machine does not recognize my account. Please investigate the error and update the service.",IT Services
"the electrical sockets has loose parts that may cause an accident. A maintenance complaint was already reported, but the problem remains. pleas check the problem and restore the facility.",Maintenance & Facilities
"I have a problem, my clearance form was marked incomplete although all listed documents were attached. I have already visited the concerned office more than once. Please correct the record and confirm the updated status.",Administrative Offices
"This is getting difficult, the hostel washroom is causing problems for residents every day. Please take action and update me about the complaint.",Hostel/Provost Office
"the duplicate student card request needs correction in the administrative record. The counter staff asked me to check again later, but there is still no progress. Because the issue is still unresolved, it is now affecting my normal university work. Kindly review the documents and process the request.",Administrative Offices
Can someone check why the exam date sheet was changed without any explanation. I already contacted the relevant teacher but the record is unchanged. Kindly investigate the discrepancy and make the required correction.,Academic
"Please help, the registered credit hours was entered under the wrong course code. Please review this issue and update the academic record.",Academic
I am having trouble because my financial aid application was supposed to be completed earlier but remains unresolved. I have already checked this more than once. Please process the request and correct the record.,Administrative Offices
"Hi, i want to report that my hostel room allocation is causing problems for residents every day. I have already checked this more than once. I request the Provost offce to look into this matter.",Hostel/Provost Office
the mess food is making it difficult to stay in the room. Please take action and update me about the complaint.,Hostel/Provost Office
I want to report that the hostel curfew entry has been pending with the hostel office. Please resolve this hostel-related problem soon.,Hostel/Provost Office
"I want to bring this issue to your attention: the migration certificate has not been issued yet. The counter staff asked me to check again later, but there is still no progress. Please ask the concerned administrative office to resolve this.",Administrative Offices
Can someone check why the hostel cleaning schedule is causing problems for residents every day. I have already checked this more than once. Please resolve this hostel-related problem soon.,Hostel/Provost Office
"Hi, i am facing an issue because the laboratory ventilation has loose parts that may cause an accident. Students are facing this problem every day. I have been trying to get this sorted out, but there has not been a clear resolution yet. I request urgent maintenance of this issue.",Maintenance & Facilities
the result card was not accepted even though I met the deadline.,Academic
I want to bring this issue to your attention: the registered credit hours shows a value that does not match the marks announced in class. Please verify the record and correct it.,Academic
I want to report that the drainage line has loose parts that may cause an accident. The condition is affecting normal use of the area. I would be grateful if the responsible office could review the details instead of asking me to repeat the same process. Kindly send the maintenance team to inspect and fix it.,Maintenance & Facilities
the hostel cleaning schedule was handled differently from the stated hostel rules. Please handle the matter according to hostel policy.,Hostel/Provost Office
"Sir please check, the registered credit hours was uploaded late and now I cannot complete the next process. I have checked the portal more than once and the same problem remains. Please check the matter before it affects my semester further.",Academic
"I need help because the hot water facility is still unresolved after several days. The condition has been causing inconvenience for several days. I have been trying to get this sorted out, but there has not been a clear resolution yet. The concerned hostel staff are requested to take action.",Hostel/Provost Office
"I have a problem, the campus network fails before the process is completed. I tried from more than one device and the problem is the same. Please restore access as soon as possible.",IT Services
the classroom ceiling is causing difficulty for students during lectures. Students are facing this problem every day. Please arrange repair as soon as possible.,Maintenance & Facilities
I am writing regarding my clearance form has no status update despite repeated visits. This matter has remained unresolved for several working days. The concerned office is requested to check and complete this matter.,Administrative Offices
the practical marks is showing the wrong course information.,Academic
"This is getting difficult, i would like to complain that the corridor lights has not been repaired after an earlier complaint. It would be better to repair it before the damage increases. I would be grateful if the responsible office could review the details instead of asking me to repeat the same process. Please have this facility repaired or replaced.",Maintenance & Facilities
I need help because the drainage line is overflowing during busy hours. Kindly resolve the maintenance problem at the earliest.,Maintenance & Facilities
"I have a problem, i want to bring this issue to your attention: my GPA calculation has not been shared with students. I have already checked this more than once. Please review this issue and update the academic recrod.",Academic
"I have a problem, the corridor lights has not been repaired after an earlier complaint. This is especially difficult when the room is full. Because the issue is still unresolved, it is now affecting my normal university work. Please send the maintenance team to inspect and fix it.",Maintenance & Facilities
"This is getting difficult, i want to report that the drainage line is leaking and making the floor wet. The issue becomes worse during afternoon classes. The concerned staff are requested to repair this promptly.",Maintenance & Facilities
Can someone check why the room furniture is not available at the stated time. The warden was informed but I have not received any update. I would be grateful if the responsible office could review the details instead of asking me to repeat the same process. Please take action and update me about the complaint.,Hostel/Provost Office
I am writing regarding the scholarship payment is causing difficulty with another university process. Please resolve the issue without further unnecessary delay.,Administrative Offices
"I want to bring this issue to your attention: the room furniture has been pending with the hostel office. I informed the hostel staff earlier, but the issue continues. I have been trying to get this sorted out, but there has not been a clear resolution yet. Please resolve this hostel-related problm soon.",Hostel/Provost Office
I would like to complain that the registered credit hours does not reflect the form I submitted on time. The supporting document was submitted at the department office. Could the concerned office please confirm the correct status?,Academic
I am facing an issue because the hostel washroom is making it difficult to stay in the room. I have already checked this more than once. I request the Provost Office to look into this matter.,Hostel/Provost Office
"There is a problem with the admission document was returned without explaining what is missing. The delay is creating difficulty with my semester matters. I have been trying to get this sorted out, but there has not been a clear resolution yet. Please process the request and correct the record.",Administrative Offices
I want to report that the classroom fan is making a loud noise throughout lectures. I have already checked this more than once. Please have this facility repaired or replaced.,Maintenance & Facilities
I would like to complain that the classroom chairs has not been repaired after an earlier complaint. The condition is affecting normal use of the area. Kindly send the maintenance team to inspect and fix it.,Maintenance & Facilities
I want to bring this issue to your attention: the room ceiling fan is still unresolved after several days. Please resolve this hostel-related problem soon.,Hostel/Provost Office
"Im writing regarding the projector connection is not connected to the campus network. Restarting the device did not solve the issue. I have been trying to get this sorted out, but there has not been a clear resolution yet. pls check the account or system and fix the issue.",IT Services
"Hi, the drainage line has been out of order for several days. The problem is now affecting more than one class. Because the issue is still unresolved, it is now affecting my normal university work. Please check the problem and restore the facility.",Maintenance & Facilities
I want to bring this issue to your attention: the admission document was supposed to be completed earlier but remains unresolved. I have already checked this more than once. Please resolve the issue without further unnecessary delay.,Administrative Offices
There seems to be an issue with the classroom chairs is in poor condition and needs replacement. Please have this facility repaired or replaced.,Maintenance & Facilities
"There seems to be an issue with my clearance form is being delayed because the counter staff keep asking me to return later. The application was submitted within the announced dates. I have been trying to get this sorted out, but there has not been a clear resolution yet. Kindly review the documents and process the request.",Administrative Offices
I would like to complain that the computer lab software is rejecting files that meet the stated requirements. Kindly check the network or account configuration.,IT Services
I want to report that the toilet flush is causing difficulty for students during lectures. Students are facing this problem every day. I would be grateful if the responsible office could review the details instead of asking me to repeat the same process. Kindly resolve the maintenance problem at the earliest.,Maintenance & Facilities
Could you plz look into this: the lab computer is not loading the required page. Please restore access as soon as possible.,IT Services
"the hostel water supply has not been repaired despite an earlier request. The warden was informed but I have not received any update. Because the issue is still unresolved, it is now affecting my normal university work. Please ask the hostel administration to resolve it.",Hostel/Provost Office
the prerequisite approval is showing the wrong course information. Kindly investigate the discrepancy and make the required correction.,Academic
I would like to complain that my degree verification request doesnt match the payment receipt. I request verification and completion of the pending process.,Administrative Offices
I am facing an issue because my roommate issue has become worse this week. I would like the matter to be handled according to hostel rules. Please resolve this hostel-related problem soon.,Hostel/Provost Office
Please check why the student portal does not send the verification message. I have already checked this more than once. Kindly check the network or account configuration.,IT Services
I want to bring this issue to your attention: the fee correction application is stuck between two administrative offices. I have already checked this more than once. Please process the request and correct the record.,Administrative Offices
Please check why the online registration portal shows an error whenever I try to submit work. I have already checked this more than once. Kindly check the network or account configuration.,IT Services
the classroom projector works for a few minutes and then goes offline. Restarting the device did not solve the issue. Kindly ask IT support to resolve this problem.,IT Services
the viva schedule still shows the old information after correction. Please update the record according to the submitted documents.,Academic
Im having trouble because the hostel security refund needs correction in the administrative record. The application was submited within the announced dates. Please resolve the issue without further unnecessary delay.,Administrative Offices
There is a problem with my financial aid application is causing difficulty with another university process. Please correct the record and confirm the updated status.,Administrative Offices
the water cooler has been left unrepaired since last week. A maintenance complaint was already reported but the problem remains. The concerned staff are requested to repair this promptly.,Maintenance & Facilities
Can someone check why my GPA calculation contains an error that is affecting my semester record. Other students in the same class can see the correct information. I would be grateful if the responsible office could review the details instead of asking me to repeat the same process. Could the concerned office please confirm the correct status?,Academic
Please check why the final exam result was not accepted even though I met the deadline. Please check the matter before it affects my semester further.,Academic
"This is getting difficult, there is a problem with the fee correction application has not been forwarded to the concerned office. I have already checked this more than once. Please check the application and provide an update.",Administrative Offices
I am writing regarding the wter cooler is creating an uncomfortable environment in the room. The area is frequently used by students and staff. I would be grateful if the responsible office could review the details instead of asking me to repeat the same process. Kindly resolve the maintenance problem at the earliest.,Maintenance & Facilities
I want to report that the backup generator has exposed wiring that should be inspected. The area is frequently used by students and staff. I would be grateful if the responsible office could review the details instead of asking me to repeat the same process. Please inspect the area and take the necessary action.,Maintenance & Facilities
the online registration portal works for a few minutes and then goes offline. I tried from more than one device and the problem is the same. Please resolve the technical problem before the deadline.,IT Services
the migration certificate is not appearing in the official record. Please verify the record with the accounts or registrar office. I request verification and completion of the pending process.,Administrative Offices
There is a problem with the hostel security desk has been pending with the hostel office. I have already checked this more than once. pleas take action and update me about the complaint.,Hostel/Provost Office
I am writing regarding the drainage line is creating an uncomfortable environment in the room. The issue becomes worse during afternoon classes. I would be grateful if the responsible office could review the details instead of asking me to repeat the same process. Please check the problem and restore the facility.,Maintenance & Facilities
"Hi, i need help because the corridor lights has broken fittings. I have already checked this more than once. Please send the maintenance team to inspect and fix it.",Maintenance & Facilities
Could you please look into this: the fee correction applicaton has been delayed beyond the stated processing time. The application was submitted within the announced dates. Kindly review the documents and process the request.,Administrative Offices
"I am having trouble because the corridor lights has loose parts that may cause an accident. It would be better to repair it before the damage increases. I have been trying to get this sorted out, but there has not been a clear resolution yet. The concerned staff are requested to repair this promptly.",Maintenance & Facilities
"my degree verification request is stuck between two administrative offices. Please verify the record with the accounts or registrar office. Because the issue is still unresolved, it is now affecting my normal university work. Please correct the record and confirm the updated status.",Administrative Offices
"Hi, my financial aid application was entered under the wrong category. The delay is creating difficulty with my semester matters. Please process the request and correct the record.",Administrative Offices
Please check why my hostel room allocation is creating an uncomfortable living situation. This is affecting normal hostel routine. Please ask the hostel administration to resolve it.,Hostel/Provost Office
the classroom windows has broken fittings. The area is frequently used by students and staff. Please check the problem and restore the facility.,Maintenance & Facilities
"Could you please look into this: the common room was handled differently from the stated hostel rules. The warden was informed, but I have not received any update. I would be grateful if the responsible office could review the details instead of asking me to repeat the same process. Please resolve this hostel-related problem soon.",Hostel/Provost Office
"This is getting difficult, i want to bring this issue to your attention: the projector connection has stopped working after the latest update. I need access before the current submission deadline. I would be grateful if the responsible office could review the details instead of asking me to repeat the same process. Please investigate the error and update the service.",IT Services
"Please help, could you please look into this: the lab internet connection has been unavailable since this morning. I already changed the password, but the error remains. I would be grateful if the responsible office could review the details instead of asking me to repeat the same process. Please check the network or account configuration.",IT Services
"I need help because the university server works for a few minutes and then goes offline. I already changed the password, but the error remains. I would be grateful if the responsible office could review the details instead of asking me to repeat the same process. Please resolve the technical problem before the deadline.",IT Services
"the LMS course page keeps disconnecting during use. This is affecting my ability to complete university work. Because the issue is still unresolved, it is now affecting my normal university work. Please resolve the technical problem before the deadline.",IT Services
Can someone check why the accounts office receipt has no status update despite repeated visits. I have already checked this more than once. Please correct the record and confirm the updated status.,Administrative Offices
Please check why the air conditioner is in poor condition and needs replacement. I have already checked this more than once. Kindly resolve the maintenance problem at the earliest.,Maintenance & Facilities
the printing system is not syncing with my student account.,IT Services
"my attendance record does not include marks for work that I submitted. The department office asked me to wait, but there has been no update. Please recheck the entry and let me know once it is fixed.",Academic
"the parking area needs urgent cleaning and maintenance. The issue becomes worse during afternoon classes. Because the issue is still unresolved, it is now affecting my normal university work. Please have this facility repaired or replaced.",Maintenance & Facilities
"the hostel cleaning schedule is causing problems for residents every day. The warden was informed, but I have not received any update. pleas take action and update me about the complaint.",Hostel/Provost Office
I need help because the water cooler has broken fittings. I have already checked this more than once. Please inspect the area and take the necessary action.,Maintenance & Facilities
Could you please look into this: the hostel corridor lights needs attention from the provost office. I would like the matter to be handled according to hostel rules. I would be grateful if the responsible office could review the details instead of asking me to repeat the same process. Please handle the matter according to hostel policy.,Hostel/Provost Office
my attendance record does not reflect the form I submitted on time. I need the corrected record for an upcoming academic requirement. Please verify the record and correct it.,Academic
"the registered credit hours has not been approved despite repeated follow-up. Other students in the same class can see the correct information. Because the issue is still unresolved, it is now affecting my normal university work. Please verify the record and correct it.",Academic
plz check why the classroom chairs is causing difficulty for students during lectures. Students are facing this problem every day. Please inspect the area and take the necessary action.,Maintenance & Facilities
"There seems to be an issue with my financial aid application has no status update despite repeated visits. The application was submitted within the announced dates. I have been trying to get this sorted out, but there has not been a clear resolution yet. I request verification and completion of the pending process.",Administrative Offices
"This is getting difficult, could you please look into this: the classroom ceiling is leaking and making the floor wet. The issue becomes worse during afternoon classes. I have been trying to get this sorted out, but there has not been a clear resolution yet. Please check the problem and restore the facility.",Maintenance & Facilities
Could you please look into this: my attendance record is still missing from the student record. Other students in the same class can see the correct information. Kindly investigate the discrepancy and make the required correction.,Academic
the fee correction application is not appearing in the official record. pleas verify the record with the accounts or registrar office. Please process the request and correct the record.,Administrative Offices
"I am writing regarding the room change request is still unresolved after several days. The warden was informed, but I have not received any update. Please resolve this hostel-related problem soon.",Hostel/Provost Office
the hostle security refund shows an incorrect amount. The delay is creating difficulty with my semester matters. Kindly check the application and provide an update.,Administrative Offices
I want to report that the scholarship payment was returned without explaining what is missing. The delay is creating difficulty with my semester matters. Kindly check the application and provide an update.,Administrative Offices
my GPA calculation does not include marks for work that I submitted. I already contacted the relevant teacher but the record is unchanged. I request the department to resolve this as soon as possible.,Academic
the university WiFi is not responding at all.,IT Services
Can someone check why the registrar application has been pending without any clear update. The application was submitted within the announced dates. I have been trying to get this sorted out but there has not been a clear resolution yet. Kindly review the documents and process the request.,Administrative Offices
my attandance record has an incorrect total after the latest update.,Academic
"This is getting difficult, the lecture room lights is producing a strong smell and needs maintenance. pleas inspect the area and take the necessary action.",Maintenance & Facilities
Im writing regarding the classroom fan has loose parts that may cause an accident. The condition is affecting normal use of the area. I would be grateful if the responsible office could review the details instead of asking me to repeat the same process. Please check the problem and restore the facility.,Maintenance & Facilities
There seems to be an issue with the migration certificate is causing difficulty with another university process. I have already checked this more than once. Please resolve the issue without further unnecessary delay.,Administrative Offices
the registrar application has not been forwarded to the concerned office. Kindly review the documents and process the request.,Administrative Offices
"This is getting difficult, i am writing regarding my roommate issue is making it difficult to stay in the room. I have already checked this more than once. Please ask the hostel administration to resolve it.",Hostel/Provost Office
"There is a problemm with the final exam result is creating a clash with another registered course. I already contacted the relevant teacher but the record is unchanged. I have been trying to get this sorted out, but there has not been a clear resolution yet. Please update the record according to the submitted documents.",Academic
"the hostel cleaning schedule is causing unnecessary difficulty at night. Please check the hostel record for my earlier complaint. Because the issue is still unresolved, it is now affecting my normal university work. I request the Provost Office to look into this matter.",Hostel/Provost Office
course registration is different from what appears on the departmental notice. Could the concerned office please confirm the correct status?,Academic
I want to report that the campus network doesnt send the verification message. I have already checked this more than once. Please resolve the technical problm before the deadline.,IT Services
Please check why the biometric attendance machine is extremely slow during class hours. Other university websites are opening normally. The IT team is requested to inspect and correct this.,IT Services
the hostel WiFi complaint record has not been resolved after repeated reporting.,Hostel/Provost Office
There seems to be an issue with the biometric attendance machine is not detecting the connected device. I reported this earlier to the IT desk but it is still unresolved. Please investigate the error and update the service.,IT Services
There seems to be an issue with the admission fee recrod shows an incorrect amount. I have already visited the concerned office more than once. Please resolve the issue without further unnecessary delay.,Administrative Offices
"Hi, the password reset service is not connected to the campus network. Restarting the device did not solve the issue. I request technical support for this issue.",IT Services
I am facing an issue because the classroom windows needs urgent cleaning and maintenance. The problem is now affecting more than one class. pls check the problem and restore the facility.,Maintenance & Facilities
I want to bring this issue to your attention: the password reset service has not been restored after an earlier complaint. I request technical support for this issue.,IT Services
the lecture desk has been left unrepaired since last week. Please check the problem and restore the facility.,Maintenance & Facilities
the common room has not been updated in the hostel record. The problm is especially difficult during evening hours. Please resolve this hostel-related problem soon.,Hostel/Provost Office
the classroom fan is making a loud noise throughout lectures. Please check the problem and restore the facility.,Maintenance & Facilities
the registered credit hours was uploaded late and now I cannot complete the next process. I have checked the portal more than once and the same problem remains. Could the concerned office please confirm the correct status?,Academic
I need help because the hostel water supply is not being handled according to the hostel procedure. The condition has been causing inconvenience for several days. Please resolve this hostel-related problem soon.,Hostel/Provost Office
"Please help, i want to bring this issue to your attention: the laboratory ventilation keeps stopping and starting. The facility is currently difficult to use safely. Please have this facility repaired or replaced.",Maintenance & Facilities
Could you please look into this: the lecture desk is leaking and making the floor wet. The facility is currently difficult to use safely. I would be grateful if the responsible office could review the details instead of asking me to repeat the same process. Please inspect the area and take the necessary action.,Maintenance & Facilities
the assignment grade still shows the old information after correction. The supporting document was submitted at the department office. Kindly investigate the discrepancy and make the required correction.,Academic
Could you pleas look into this: the department elevator is overflowing during busy hours. I have already checked this more than once. Please check the problem and restore the facility.,Maintenance & Facilities
"I would like to complain that the practical marks was uploaded late and now I cannot complete the next process. I submitted the required application before the deadline. I have been trying to get this sorted out, but there has not been a clear resolution yet. Please verify the record and correct it.",Academic
"Sir please check, my attendance record was not accepted even though I met the deadline. Because of this error, I am unable to proceed with the next academic step. Because the issue is still unresolved, it is now affecting my normal university work. Please review this issue and update the academic record.",Academic
I would like to complain that the migration certificate has been pending without any clear update. I have kept a copy of the submitted form and payment receipt. The concerned office is requested to check and complete this matter.,Administrative Offices
I need help because the laboratory ventilation is damaged and unsafe to use. I have already checked this more than once. Please have this facility repaired or replaced.,Maintenance & Facilities
"I would like to complain that the password reset service has not been restored after an earlier complaint. I reported this earlier to the IT desk but it is still unresolved. I have been trying to get this sorted out, but there has not been a clear resolution yet. Kindly check the network or account configuration.",IT Services
the universty WiFi works for a few minutes and then goes offline.,IT Services
"Can someone check why the room ceiling fan needs attention from the provost office. The warden was informed, but I have not received any update. Please handle the matter according to hostel policy.",Hostel/Provost Office
"I have a problemm, there is a problem with the LMS course page is preventing me from accessing course material. I tried from more than one device and the problem is the same. I have been trying to get this sorted out, but there has not been a clear resolution yet. Please check the account or system and fix the issue.",IT Services
the hostel security desk requires inspection by hostel staff.,Hostel/Provost Office
"Please help, i am facing an issue because my hostel room allocation is causing unnecessary difficulty at night. This is affecting normal hostel routine. I have been trying to get this sorted out, but there hasnt been a clear resolution yet. Please have the warden or relevant staff check this issue.",Hostel/Provost Office
the room cleanliness has not been resolved after repeated reporting. Kindly inspect the issue and arrange the required solution.,Hostel/Provost Office
There seems to be an issue with the admission fee record was entered under the wrong category. I have already checked this more than once. Please process the request and correct the record.,Administrative Offices
I am having trouble because the network connection keeps disconnecting during use. Please restore access as soon as possible.,IT Services
"Can u check this, i want to bring this issue to your attention: the final exam result has an incorrect total after the latest update. Other students in the same class can see the correct information. Please check the matter before it affects my semester further.",Academic
I want to report that the LMS account does not recognize my account. Other university websites are opening normally. Kindly ask IT support to resolve this problem.,IT Services
"This is getting difficult, i want to bring this issue to your attention: the student portal is rejecting files that meet the stated requirements. Please check whether there is an account or server-side problem. I would be grateful if the responsible office could review the details instead of asking me to repeat the same process. Please resolve the technical problem before the deadline.",IT Services
I am having trouble because the course section is preventing me from completing registration. Please recheck the entry and let me know once it is fixed.,Academic
"the air conditioner is blocked and water is collecting around it. A maintenance complaint was already reported, but the problem remains. Kindly send the maintenance team to inspect and fix it.",Maintenance & Facilities
There seems to be an issue with the semester timetable has an incorrect total after the latest update. I have already checked this more than once. Could the concerned office please confirm the correct status?,Academic
"Can u check this, my university email shows an error whenever I try to submit work. I already changed the password but the error remains. I request technical support for this issue.",IT Services
my financial aid application needs correction in the administrative record. I request verification and completion of the pending process.,Administrative Offices
I need help because the makeup exam request is showing the wrong course information. Other students in the same class can see the correct information. I would be grateful if the responsible office could review the details instead of asking me to repeat the same process. Could the concerned office please confirm the correct status?,Academic
Please check why the migration certificate is not appearing in the official record. I need the document for another university process. I would be grateful if the responsible office could review the details instead of asking me to repeat the same process. The concerned office is requested to check and complete this matter.,Administrative Offices
the hostel security refund has no status update despite repeated visits. I have already visited the concerned office more than once. The concerned office is requested to check and complete this matter.,Administrative Offices
I want to bring this issue to your attention: the classroom ceiling keeps stopping and starting. I have already checked this more than once. The concerned staff are requested to repair this promptly.,Maintenance & Facilities
I need help because the washroom taps has loose parts that may cause an accident. Students are facing this problem every day. Please have this facility repaired or replaced.,Maintenance & Facilities
There is a problem with the classroom windows is not available when it is needed. I have already checked this more than once. Kindly resolve the maintenance problem at the earliest.,Maintenance & Facilities
I need help because the hot water facility was handled differently from the stated hostel rules. I have already checked this more than once. Please take action and update me about the complaint.,Hostel/Provost Office
the hostel washroom is creating an uncomfortable living situation. Please take action and update me about the complaint.,Hostel/Provost Office
Im writing regarding the practical marks is still missing from the student record. I have already checked this more than once. Please update the record according to the submited documents.,Academic
"Please help, i am facing an issue becuase the duplicate student card request is being delayed because the counter staff keep asking me to return later. I have already checked this more than once. Please check the application and provide an update.",Administrative Offices
I am writing regarding the registrar application was submitted before the deadline but still shows pending. I have already checked this more than once. I request verification and completion of the pending process.,Administrative Offices
I want to report that the printing system is not syncing with my studnet account. Please restore access as soon as possible.,IT Services
There seems to be an issue with the backup generator needs urgent cleaning and maintenance. The issue becomes worse during afternoon classes. Please arrange repair as soon as possible.,Maintenance & Facilities
my fee challan shows an incorrect amount. The delay is creating difficulty with my semester matters. Please process the request and correct the record.,Administrative Offices
I am writing regarding my scholarship application contains incorrect student information. Kindly check the application and provide an update.,Administrative Offices
"I need help because the classroom fan has been out of order for several days. The facility is currently difficult to use safely. I have been trying to get this sorted out, but there has not been a clear resolution yet. Please check the problem and restore the facility.",Maintenance & Facilities
Could you please look into this: my student card is not appearing in the official record. Please resolve the issue without further unnecessary delay.,Administrative Offices
Could you plz look into this: my hostel room allocation is making it difficult to stay in the room. The condition has been causing inconvenience for several days. The concerned hostel staff are requested to take action.,Hostel/Provost Office
the registered credit hours does not include marks for work that I submitted. I already contacted the relevant teacher but the record is unchanged. Please recheck the entry and let me know once it is fixed.,Academic
There is a problem with the hostel WiFi complaint record is not working properly. I have already submitted a request at the hostel office. I would be grateful if the responsible office could review the details instead of asking me to repeat the same process. Please take action and update me about the complaint.,Hostel/Provost Office
There is a problem with the drinking water supply keeps stopping and starting. It would be better to repair it before the damage increases. Kindly send the maintenance team to inspect and fix it.,Maintenance & Facilities
the transcript hasnt been approved despite repeated follow-up. I need the corrected record for an upcoming academic requirement. Kindly review this issue and update the academic record.,Academic
the classroom ceiling has broken fittings. It would be better to repair it before the damage increases. Please inspect the area and take the necessary action.,Maintenance & Facilities
"Could you please look into this: my thesis supervision is showing the wrong course information. Because of this error, I am unable to proceed with the next academic step. I have been trying to get this sorted out, but there has not been a clear resolution yet. Please check the matter before it affects my semester further.",Academic
There seems to be an issue with the final exam result contains an error that is affecting my semester record. Please verify the record and correct it.,Academic
"Can u check this, my fee challan was entered under the wrong category. The delay is creating difficulty with my semester matters. Please process the request and correct the record.",Administrative Offices
"I have a problem, i am having trouble because the thesis progress review is still missing from the student record. I would appreciate verification from the concerned academic office. Please check the matter before it affects my semester further.",Academic
I would like to complain that the department elevator is not providing adequate service. Students are facing this problem every day. The concerned staff are requested to repair this promptly.,Maintenance & Facilities
I would like to complain that the department printer is not syncing with my student account. This is affecting my ability to complete university work. Please investigate the error and update the service.,IT Services
"I need help because the corridor lights is producing a strong smell and needs maintenance. A maintenance complaint was already reported, but the problem remains. I would be grateful if the responsible office could review the details instead of asking me to repeat the same process. Please inspect the area and take the necessary action.",Maintenance & Facilities
Can someone check why the drainage line is overflowing during busy hours. Please arrange repair as soon as possible.,Maintenance & Facilities
the lecture desk needs urgent cleaning and maintenance.,Maintenance & Facilities
pls check why the fee correction application has been delayed beyond the stated processing time. Please verify the record with the accounts or registrar office. I have been trying to get this sorted out but there has not been a clear resolution yet. Kindly check the application and provide an update.,Administrative Offices
"Sir please check, the LMS account keeps disconnecting during use. The issue occurs both in the lab and on my own device. Please resolve the technical problem before the deadline.",IT Services
my fee challan has no status update despite repeated visits. The application was submitted within the announced dates. Please correct the recoard and confirm the updated status.,Administrative Offices
"I need help because the online registration portal is extremely slow during class hours. The issue occurs both in the lab and on my own device. I have been trying to get this sorted out, but there hasnt been a clear resolution yet. I request technical support for this issue.",IT Services
"Can u check this, i am having trouble because the quiz score doesnt include marks for work that I submitted. can the office confirm the correct status?",Academic
"the classroom windows has been left unrepaired since last week. The area is frequently used by students and staff. Because the issue is still unresolved, it is now affecting my normal university work. Kindly send the maintenance team to inspect and fix it.",Maintenance & Facilities
the semester timetable does not include marks for work that I submitted. This issue is causing difficulty with my current semester planning. Please verify the record and correct it.,Academic
my midterm marks was not accepted even though I met the deadline. I have checked the portal more than once and the same problem remains. Kindly investigate the discrepancy and make the required correction.,Academic
Could you please look into this: the hostel security refund was returned without explaining what is missing. The application was submitted within the announced dates. Please resolve the issue without further unnecessary delay.,Administrative Offices
"I need help becase the parking area is damaged and unsafe to use. The condition is affecting normal use of the area. I have been trying to get this sorted out, but there has not been a clear resolution yet. I request urgent maintenance of this issue.",Maintenance & Facilities
"Can u check this, the registrar application needs correction in the administrative record. This matter has remained unresolved for several working days. I request verification and completion of the pending process.",Administrative Offices
"I want to bring this issue to your attention: the exam date sheet is preventing me from completing registration. becase of this error, I am unable to proceed with the next academic step. Kindly investigate the discrepancy and make the required correction.",Academic
"I need help because the biometric attendance machine keeps disconnecting during use. Restarting the device did not solve the issue. I have been trying to get this sorted out, but there has not been a clear resolution yet. The IT team is requested to inspect and correct this.",IT Services
I am having trouble because the student portal has been unavailable since this morning. I have already checked this more than once. Please resolve the technical problem before the deadline.,IT Services
Could you please look into this: the drinking water supply is not available when it is needed. Please check the problem and restore the facility.,Maintenance & Facilities
Can someone check why the scholarship payment was marked incomplete although all listed documents were attached. Please verify the record with the accounts or registrar office. The concerned office is requested to check and complete this matter.,Administrative Offices
"There seems to be an issue with the password reset service keeps disconnecting during use. I already changed the password, but the error remains. Kindly ask IT support to resolve this problem.",IT Services
I need help because the hostel water supply requires inspection by hostel staff. The problem is especially difficult during evening hours. I would be grateful if the responsible office could review the details instead of asking me to repeat the same process. Please resolve this hostel-related problem soon.,Hostel/Provost Office
"I need help because the hosel curfew entry is creating repeated arguments among residents. I informed the hostel staff earlier, but the issue continues. I would be grateful if the responsible office could review the details instead of asking me to repeat the same process. Kindly have the warden or relevant staff check this issue.",Hostel/Provost Office
Can someone check why the LMS course page shows an error whenever I try to submit work. The issue occurs both in the lab and on my own device. Kindly check the network or account configuration.,IT Services
the mess timing is affecting basic hosel facilities. The concerned hostel staff are requested to take action.,Hostel/Provost Office
"Could you please look into this: the hostel security refund is not appearing in the official record. I have kept a copy of the submitted form and payment receipt. I have been trying to get this sorted out, but there has not been a clear resolution yet. Please process the request and correct the record.",Administrative Offices
I would like to complain that the room furniture is creating an uncomfortable living situation. Several residents on the floor are facing the same problem. I would be grateful if the responsible office could review the details instead of asking me to repeat the same process. Kindly have the warden or relevant staff check this issue.,Hostel/Provost Office
the mess food is causing unnecessary difficulty at night.,Hostel/Provost Office
I want to bring this issue to your attention: the hostel curfew entry is causing problems for residents every day. The issue needs attention before it becomes more serious. I would be grateful if the responsible office could review the details instead of asking me to repeat the same process. Please ask the hostel administration to resolve it.,Hostel/Provost Office
my portal login does not recognize my account.,IT Services
"Sir please check, the prerequisite approval was entered under the wrong course code. I already contacted the relevant teacher but the record is unchanged. Please recheck the entry and let me know once it is fixed.",Academic
I would like to complain that the lecture room lights is leaking and making the floor wet. This is especially difficult when the room is full. The concerned staff are requested to repair this promptly.,Maintenance & Facilities
the hostel gate procedure is affecting basic hostel facilities. I would like the matter to be handled according to hostel rules. Please handle the matter according to hostel policy.,Hostel/Provost Office
"Can u check this, i am having trouble because the room furniture needs attention from the provost office. I have already checked this more than once. Please ask the hostel administration to resolve it.",Hostel/Provost Office
"Could you please look into this: the department printer is preventing me from accessing course material. I already changed the password but the error remains. I have been trying to get this sorted out, but there has not been a clear resolution yet. Please check the account or system and fix the issue.",IT Services
"the university server fails before the process is completed. I already changed the password, but the error remains. Kindly ask IT support to resolve this problem.",IT Services
I am having trouble because the parking area is damaged and unsafe to use. The condition is affecting normal use of the area. Please inspect the area and take the necessary action.,Maintenance & Facilities
I am having trouble because my clearance form shows an incorrect amount. Please process the request and correct the record.,Administrative Offices
"I need help because the classroom projector has stopped working after the latest update. Please check whether there is an account or server-side problem. I have been trying to get this sorted out, but there has not been a clear resolution yet. I request technical support for this issue.",IT Services
I would like to complain that the biometric attendance machine is not connected to the campus network. This is affecting my ability to complete university work. pleas investigate the error and update the service.,IT Services
"I want to report that the hostel cleaning schedule is causing unnecessary difficulty at night. I have already submitted a request at the hostel office. I have been trying to get this sorted out, but there hasnt been a clear resolution yet. Kindly inspect the issue and arrange the required solution.",Hostel/Provost Office
I want to bring this issue to your attention: the drainage line has exposed wiring that should be inspected. It would be better to repair it before the damage increases. I would be grateful if the responsible office could review the details instead of asking me to repeat the same process. I request urgent maintenance of this issue.,Maintenance & Facilities
"I have a problem, could you please look into this: the accounts office receipt shows an incorrect amount. The required documents and receipt were submitted. Please correct the record and confirm the updated status.",Administrative Offices
I am having trouble because my studnet card is not appearing in the official record. I request verification and completion of the pending process.,Administrative Offices
my hostel room allocation was reported to the warden but no action has been taken. I would like the matter to be handled according to hostel rules. The concerned hostel staff are requested to take action.,Hostel/Provost Office
I am having trouble because my scholarship application needs correction in the administrative record. I have already checked this more than once. The concerned office is requested to check and complete this matter.,Administrative Offices
There seems to be an issue with the classroom fan is causing difficulty for students during lectures. pleas have this facility repaired or replaced.,Maintenance & Facilities
I need help because the practical marks does not include marks for work that I submitted. The supporting document was submitted at the department office. I would be grateful if the responsible office could review the details instead of asking me to repeat the same process. Could the concerned office please confirm the correct status?,Academic
There is a problem with the university server has not been restored after an earlier complaint. Please investigate the error and update the service.,IT Services
I want to report that my roommate issue was handled differently from the stated hostel rules. I have already checked this more than once. Please resolve this hostel-related problem soon.,Hostel/Provost Office
"Hi, the network connection has been unavailable since this morning. The issue occurs both in the lab and on my own device. Please check the network or account configuration.",IT Services
"I have a problem, i am writing regarding the LMS course page is showing outdated information. I have already checked this more than once. The IT team is requested to inspect and correct this.",IT Services
I am writing regarding the toilet flush has exposed wiring that should be inspected. Students are facing this problem every day. Kindly resolve the maintenance problem at the earliest.,Maintenance & Facilities
"the hostel security refund was submitted before the deadline but still shows pending. The counter staff asked me to check again later, but there is still no progress. The concerned office is requested to check and complete this matter.",Administrative Offices
"Hi, the fee refund request was returned without explaining what is missing.",Administrative Offices
There is a problem with the fee correction application is stuck between two administrative offices. This matter has remained unresolved for several working days. Please correct the record and confirm the updated status.,Administrative Offices
I need help because the hot water facility requires inspection by hosel staff. Please check the hostel record for my earlier complaint. Please take action and update me about the complaint.,Hostel/Provost Office
the room furniture is still unresolved after several days. Please check the hostel record for my earlier complaint. I request the Provost Office to look into this matter.,Hostel/Provost Office
There is a problem with the student portal is not responding at all. Restarting the device did not solve the issue. I would be grateful if the responsible office could review the details instead of asking me to repeat the same process. Please restore access as soon as possible.,IT Services
"This is getting difficult, the accounts office receipt has not been approved even after verification. I would appreciate a clear status instead of being sent between offices. Please process the request and correct the record.",Administrative Offices
"I want to bring this issue to your attention: the practical marks has been pending for several days. I have checked the portal more than once and the same problem remains. I have been trying to get this sorted out, but there hasnt been a clear resolution yet. Please update the record according to the submitted documents.",Academic
"I have a problem, there seems to be an issue with my fee challan has not been approved even after verification. I have already checked this more than once. Please review the documents and process the request.",Administrative Offices
"I have a problem, the scholarship payment hasnt been processed even though the documents were submitted. Please ask the concerned administrative office to resolve this.",Administrative Offices
Can someone check why my student card has been pending without any clear update. I need the document for another university process. The concerned office is requested to check and complete this matter.,Administrative Offices
"Im having trouble because the admission status does not match the payment receipt. I would appreciate a clear status instead of being sent between offices. I have been trying to get this sorted out, but there has not been a clear resolution yet. Please process the request and correct the record.",Administrative Offices
Im having trouble because the registered credit hours is different from what appears on the departmental notice. The supporting document was submitted at the department office. Please recheck the entry and let me know once it is fixed.,Academic
"the registered credit hours is showing the wrong course information. This issue is causing difficulty with my current semester planning. Because the issue is still unresolved, it is now affecting my normal university work. Please recheck the entry and let me know once it is fixed.",Academic
There is a problemm with the room furniture has become worse this week. Several residents on the floor are facing the same problem. Please resolve this hostel-related problem soon.,Hostel/Provost Office
I want to report that the electrical sockets needs urgent cleaning and maintenance. The facility is currently difficult to use safely. Please check the problem and restore the facility.,Maintenance & Facilities
"the air conditioner has loose parts that may cause an accident. Please send someone to inspect the location. Because the issue is still unresolved, it is now affecting my normal university work. I request urgent maintenance of this issue.",Maintenance & Facilities
"Please help, the hostel washroom has been pending with the hostel office. The issue needs attention before it becomes more serious. Please handle the matter according to hostel policy.",Hostel/Provost Office
Im facing an issue because the classroom ceiling is overflowing during busy hours. The area is frequently used by students and staff. Kindly resolve the maintenance problem at the earliest.,Maintenance & Facilities
I am having trouble because the campus network is extremely slow during class hours. I have already checked this more than once. Please resolve the technical problem before the deadline.,IT Services
the student portal doesnt send the verification message.,IT Services
I would like to complain that the washroom plumbing has been out of order for several days. I have already checked this more than once. Kindly send the maintenance team to inspect and fix it.,Maintenance & Facilities
Could you please look into this: my hostel room allocation needs attention from the provost office. Please ask the hostel administration to resolve it.,Hostel/Provost Office
the mess timing is causing problems for residents every day. The problem is especially difficult during evening hours. Please take action and update me about the complaint.,Hostel/Provost Office
There is a problem with the classroom chairs is creating an uncomfortable environment in the room. Students are facing this problem every day. I would be grateful if the responsible office could review the details instead of asking me to repeat the same process. Please inspect the area and take the necessary action.,Maintenance & Facilities
Can someone check why the corridor lights needs urgent cleaning and maintenance. The facility is currently difficult to use safely. Please check the problem and restore the facility.,Maintenance & Facilities
the biometric attendance machine works for a few minutes and then goes offline.,IT Services
"Can u check this, my clearance form was entered under the wrong category.",Administrative Offices
"I am writing regarding the backup generator is blocked and water is collecting around it. The problemm is now affecting more than one class. I have been trying to get this sorted out, but there has not been a clear resolution yet. The concerned staff are requested to repair this promptly.",Maintenance & Facilities
"I have a problem, i need help because the classroom windows is creating an uncomfortable environment in the room. The problem is now affecting more than one class. Please inspect the area and take the necessary action.",Maintenance & Facilities
"Please help, i am facing an issue because the hostel gate procedure is creating repeated arguments among residents. I informed the hostel staff earlier, but the issue continues. I would be grateful if the responsible office could review the details instead of asking me to repeat the same process. The concerned hostel staff are requested to take action.",Hostel/Provost Office
Please check why the final exam result hasnt been shared with students. I have already checked this more than once. I request the deparment to resolve this as soon as possible.,Academic
"I have a problem, there is a problem with the classroom chairs has not been repaired after an earlier complaint. I have already checked this more than once. Please inspect the area and take the necessary action.",Maintenance & Facilities
"the quiz score was entered under the wrong course code. I submitted the required application before the deadline. Because the issue is still unresolved, it is now affecting my normal university work. Could the concerned office please confirm the correct status?",Academic
I want to bring this issue to your attention: the password reset service is rejecting files that meet the stated requirements. I reported this earlier to the IT desk but it is still unresolved. I request technical support for this issue.,IT Services
the admission document does not match the payment receipt. The delay is creating difficulty with my semester matters. I request verification and completion of the pending process.,Administrative Offices
I need help because the migration certificate was marked incomplete although all listed documents were attached. Please verify the record with the accounts or registrar office. I would be grateful if the responsible office could review the details instead of asking me to repeat the same process. Please resolve the issue without further unnecessary delay.,Administrative Offices
"Please help, the electrical sockets is damaged and unsafe to use. Students are facing this problem every day. Because the issue is still unresolved, it is now affecting my normal university work. Please arrange repair as soon as possible.",Maintenance & Facilities
"my midterm marks was not accepted even though I met the deadline. The department office asked me to wait, but there has been no update. Please check the matter before it affects my semester further.",Academic
the email verification link is not detecting the connected device. The IT team is requested to inspect and correct this.,IT Services
There seems to be an issue with the hot water facility is creating repeated arguments among residents. I have already checked this more than once. Kindly have the warden or relevant staff check this issue.,Hostel/Provost Office
the deparment printer is not responding at all. Please check whether there is an account or server-side problem. Kindly ask IT support to resolve this problem.,IT Services
"I have a problem, the backup generator is creating an uncomfortable environment in the room. The concerned staff are requested to repair this promptly.",Maintenance & Facilities
my student card shows an incorrect amount. Please verify the record with the accounts or registrar office. Kindly review the documents and process the request.,Administrative Offices
the LMS account has not been restored after an earlier complaintt. Other university websites are opening normally. Kindly ask IT support to resolve this problem.,IT Services
Could you please look into this: the departmnt printer keeps disconnecting during use. This is affecting my ability to complete university work. I would be grateful if the responsible office could review the details instead of asking me to repeat the same process. The IT team is requested to inspect and correct this.,IT Services
Can someone check why the laboratory ventilation has loose parts that may cause an accident. The condition is affecting normal use of the area. I request urgent maintenance of this issue.,Maintenance & Facilities
"I would like to complain that the email verification link has stopped working after the latest update. I need access before the current submission deadline. I have been trying to get this sorted out, but there has not been a clear resolution yet. I request technical support for this issue.",IT Services
I want to report that the hostel washroom is causing unnecessary difficulty at night. The issue needs attention before it becomes more serious. Please handle the matter according to hostel policy.,Hostel/Provost Office
"This is getting difficult, the department printer shows an error whenever I try to submit work. I reported this earlier to the IT desk but it is still unresolved. Please ask IT support to resolve this problem.",IT Services
Please check why the viva schedule has an incorrect total after the latest update. I have already checked this more than once. Kindly investigate the discrepancy and make the required correction.,Academic
I need help because the hot water facility is creating an uncomfortable living situation. I have already submitted a request at the hostel office. I would be grateful if the responsible office could review the details instead of asking me to repeat the same process. Kindly inspect the issue and arrange the required solution.,Hostel/Provost Office
the laboratory ventilation has exposed wiring that should be inspected. I request urgent maintenance of this issue.,Maintenance & Facilities
the online registration portal shows an error whenever I try to submit work. pleas resolve the technical problem before the deadline.,IT Services
the lecture desk is leaking and making the floor wet. The problem is now affecting more than one class. Please have this facility repaired or replaced.,Maintenance & Facilities
I am having trouble because the washroom plumbing is in poor condition and needs replacement. Please check the problem and restore the facility.,Maintenance & Facilities
the LMS course page is rejecting files that meet the stated requirements. This is affecting my ability to complete university work. Please investigate the error and update the service.,IT Services
"Hi, i want to bring this issue to your attention: the transcript still shows the old information after correction. Other students in the same class can see the correct information. I would be grateful if the responsible office could review the details instead of asking me to repeat the same process. Please investigate the discrepancy and make the required correction.",Academic
"I want to report that the viva schedule still shows the old information after correction. Because of this error, I am unable to proceed with the next academic step. I have been trying to get this sorted out, but there has not been a clear resolution yet. Please verify the record and correct it.",Academic
the air conditioner is causing difficulty for students during lectures. The problem is now affecting more than one class. Kindly send the maintenance team to inspect and fix it.,Maintenance & Facilities
"Can u check this, the registered credit hours is preventing me from completing registration. I need the corrected record for an upcoming academic requirement. pls update the record according to the submitted documents.",Academic
"Please help, i am facing an issue because my degree verification request was supposed to be completed earlier but remains unresolved. I have already checked this more than once. I request verification and completion of the pending process.",Administrative Offices
"Sir please check, i am having trouble because the password reset service is not detecting the connected device. I have already checked this more than once. Please resolve the technical problem before the deadline.",IT Services
the lab computer is not responding at all. This is affecting my ability to complete university work. Kindly check the network or account configuration.,IT Services
the classroom ceiling is causing difficulty for students during lectures.,Maintenance & Facilities
I need help because the corridor lights is causing difficulty for students during lectures. I have already checked this more than once. Please arrange repair as soon as possible.,Maintenance & Facilities
my financial aid application was returned without explaining what is missing. Please correct the record and confirm the updated status.,Administrative Offices
the common room is creating hygiene concerns for residents. I request the Provost Office to look into this matter.,Hostel/Provost Office
I want to report that the password reset service shows a server error repeatedly. I have already checked this more than once. Please check the account or system and fix the issue.,IT Services
the hostel security refund has not been issued yet.,Administrative Offices
the parking area is causing difficulty for students during lectures. Please send someone to inspect the location. Kindly resolve the maintenance problemm at the earliest.,Maintenance & Facilities
There is a problem with the online registration portal does not send the verification message. I reported this earlier to the IT desk but it is still unresolved. I have been trying to get this sorted out but there has not been a clear resolution yet. Please restore access as soon as possible.,IT Services
I need help because the lecture room lights is blocked and water is collecting around it. I have already checked this more than once. Please arrange repair as soon as possible.,Maintenance & Facilities
Can someone check why the admission status was submitted before the deadline but still shows pending. I have already visited the concerned office more than once. I would be grateful if the responsible office could review the details instead of asking me to repeat the same process. Please process the request and correct the record.,Administrative Offices
Can someone check why the hostel washroom needs attention from the provost office. Please ask the hostel administration to resolve it.,Hostel/Provost Office
"Please help, the assignment grade is showing the wrong course information. I would appreciate verification from the concerned academic office. Please investigate the discrepancy and make the required correction.",Academic
I want to bring this issue to your attention: the water cooler keeps stopping and starting. Please send someone to inspect the location. Please arrange repair as soon as possible.,Maintenance & Facilities
the common room is not available at the stated time. Kindly inspect the issue and arrange the required solution.,Hostel/Provost Office
my student card has not been forwarded to the concerned office. The application was submitted within the announced dates. Please ask the concerned administrative office to resolve this.,Administrative Offices
"I want to bring this issue to your attention: the admission status was returned without explaining what is missing. The delay is creating difficulty with my semester matters. I have been trying to get this sorted out, but there has not been a clear resolution yet. Please process the request and correct the record.",Administrative Offices
the room change request requires inspection by hostel staff. This is affecting normal hostel routine. Please ask the hostel administration to resolve it.,Hostel/Provost Office
Can someone check why the classroom fan is damaged and unsafe to use. Kindly send the maintenance team to inspect and fix it.,Maintenance & Facilities
Could you please look into this: the hostel security desk is still unresolved after several days. The issue needs attention before it becomes more serious. I have been trying to get this sorted out but there hasnt been a clear resolution yet. Please handle the matter according to hostel policy.,Hostel/Provost Office
"the hostel corridor lights has not been resolved after repeated reporting. Please check the hostel record for my earlier complaint. Because the issue is still unresolved, it is now affecting my normal university work. Please take action and update me about the complaint.",Hostel/Provost Office
"There is a problem with the course section was not accepted even though I met the deadline. Because of this error, I am unable to proceed with the next academic step. Please check the matter before it affects my semester further.",Academic
"I want to report that the hostel security desk is creating an uncomfortable living situation. I would like the matter to be handled according to hostel rules. I have been trying to get this sorted out, but there has not been a clear resolution yet. I request the Provost Office to look into this matter.",Hostel/Provost Office
the mess food is not working properly. Please take action and update me about the complaint.,Hostel/Provost Office
I want to report that the room change request is not working properly. This is affecting normal hostel routine. I would be grateful if the responsible office could review the details instead of asking me to repeat the same process. Please handle the matter according to hostel policy.,Hostel/Provost Office
"Can u check this, my degree verification request was marked incomplete although all listed documents were attached.",Administrative Offices
"Hi, the scholarship payment does not match the payment receipt. The application was submitted within the announced dates. Please correct the record and confirm the updated status.",Administrative Offices
I am writing regarding the final exam result was not accepted even though I met the deadline. I already contacted the relevant teacher but the record is unchanged. I would be grateful if the responsible office could review the details instead of asking me to repeat the same process. Kindly investigate the discrepancy and make the required correction.,Academic
"Please help, i want to report that the semester timetable does not include marks for work that I submitted. I need the corrected record for an upcoming academic requirement. I request the department to resolve this as soon as possible.",Academic
the room cleanliness is not working properly.,Hostel/Provost Office
I want to bring this issue to your attention: the final exam result has not been approved despite repeated follow-up. I have checked the portal more than once and the same problem remains. I request the department to resolve this as soon as possible.,Academic
"There seems to be an issue with the practical marks was entered under the wrong course code. I would appreciate verification from the concerned academic office. I have been trying to get this sorted out, but there has not been a clear resolution yet. Kindly investigate the discrepancy and make the required correction.",Academic
"plz help, the hostel corridor lights needs attention from the provost office.",Hostel/Provost Office
"I have a problem, i want to report that the registrar application hasnt been forwarded to the concerned office. Please verify the record with the accounts or registrar office. Please correct the record and confirm the updated status.",Administrative Offices
"Sir please check, the classroom ceiling is causing difficulty for students during lectures. Please send someone to inspect the location. Because the issue is still unresolved, it is now affecting my normal university work. The concerned staff are requested to repair this promptly.",Maintenance & Facilities
Could you please look into this: the course section is still missing from the stuent record. I have checked the portal more than once and the same problem remains. Please recheck the entry and let me know once it is fixed.,Academic
the laundry area is causing unnecessary difficulty at night. Please resolve this hostel-related problem soon.,Hostel/Provost Office
I need help because the lab internet connection does not accept my correct login details. Please check whether there is an account or server-side problem. I would be grateful if the responsible office could review the details instead of asking me to repeat the same process. I request technical support for this issue.,IT Services
I would like to complain that the result card is creating a clash with another registered course. I have already checked this more than once. Kindly review this issue and update the academic record.,Academic
I want to bring this issue to your attention: the hostel water supply has not been repaired despite an earlier request. The concerned hostel staff are requested to take action.,Hostel/Provost Office
the duplicate student card request needs correction in the administrative record. I have already visited the concerned office more than once. Please correct the record and confirm the updated status.,Administrative Offices
"the drinking water supply needs urgent cleaning and maintenance. Students are facing this problem every day. Because the issue is still unresolved, it is now affecting my normal university work. Kindly resolve the maintenance problem at the earliest.",Maintenance & Facilities
"Can u check this, the document attestation request contains incorrect student information. I would appreciate a clear status instead of being sent between offices. The concerned office is requested to check and complete this matter.",Administrative Offices
Please check why the admission status was marked incomplete although all listed documents were attached. I have already checked this more than once. Please resolve the issue without further unnecessary delay.,Administrative Offices
I need help because the document attestation request hasnt been issued yet. The required documents and receipt were submtted. Please process the request and correct the record.,Administrative Offices
my midterm marks has not been shared with students. Other students in the same class can see the correct information. Please verify the record and correct it.,Academic
"Please check why the accounts office receipt is causing difficulty with another university process. I would appreciate a clear status instead of being sent between offices. I have been trying to get this sorted out, but there has not been a clear resolution yet. Kindly review the documents and process the request.",Administrative Offices
the lecture desk has been left unrepaired since last week. I request urgent maintenance of this issue.,Maintenance & Facilities
my portal login keeps disconnecting during use. I reported this earlier to the IT desk but it is still unresolved. The IT team is requested to inspect and correct this.,IT Services
I would like to complain that the prerequisite approval has not been shared with students. This issue is causing difficulty with my current semester planning. I would be grateful if the responsible office could review the details instead of asking me to repeat the same process. Could the concerned office please confirm the correct status?,Academic
Could you please look into this: my GPA calculation has not been shared with students. I submitted the required application before the deadline. Kindly investigate the discrepancy and make the required correction.,Academic
the course section shows a value that does not match the marks announced in class. Could the concerned office please confirm the correct status?,Academic
Could you please look into this: the room cleanliness has not been resolved after repeated reporting. I have already checked this more than once. Please resolve this hostel-related problem soon.,Hostel/Provost Office
the hostel cleaning schedule has not been repaired despite an earlier request.,Hostel/Provost Office
the room cleanliness needs attention from the provost office.,Hostel/Provost Office
I am writing regarding the hostel WiFi complaint record has not been updated in the hostel record. The problem is especially difficult during evening hours. I request the Provost Office to look into this matter.,Hostel/Provost Office
"I have a problemm, i am facing an issue because my midterm marks has not been updated even though the instructor confirmed the correction. Other students in the same class can see the correct information. Please review this issue and update the academic record.",Academic
my financial aid application has not been issued yet. This matter has remained unresolved for several working days. I request verification and completion of the pending process.,Administrative Offices
"Hi, could you please look into this: the official certificate request has not been processed even though the documents were submitted. I have already checked this more than once. Please ask the concerned administrative office to resolve this.",Administrative Offices
I am writing regarding my attendance record was changed without any explanation. I have already checked this more than once. Could the concerned office please confirm the correct status?,Academic
Please check why the assignment grade has not been updated even though the instructor confirmed the correction. I would appreciate verification from the concerned academic office. I would be grateful if the responsible office could review the details instead of asking me to repeat the same process. Kindly review this issue and update the academic record.,Academic
I am having trouble because the common room has not been resolved after repeated reporting. I have already checked this more than once. Kindly inspect the issue and arrange the required solution.,Hostel/Provost Office
"Hi, could you please look into this: the drinking water supply is producing a strong smell and needs maintenance. I have already checked this more than once. Please inspect the area and take the necessary action.",Maintenance & Facilities
I want to report that the washroom taps is not available when it is needed. The problem is now affecting more than one class. Please inspect the area and take the necessary action.,Maintenance & Facilities
"Please help, the hostel water supply has been pending with the hostel office. The problem is especially difficult during evening hours. Because the issue is still unresolved, it is now affecting my normal university work. Please resolve this hostel-related problem soon.",Hostel/Provost Office
"the air conditioner is causing difficulty for students during lectures. The area is frequently used by students and staff. Because the issue is still unresolved, it is now affecting my normal university work. Kindly send the maintenance team to inspect and fix it.",Maintenance & Facilities
"I would like to complain that the department elevator has not been repaired after an earlier complaint. A maintenance complaint was already reported, but the problem remains. Please check the problem and restore the facility.",Maintenance & Facilities
I would like to complain that my fee challan has not been processed even though the documents were submitted. I have already checked this more than once. Kindly review the documents and process the request.,Administrative Offices
the computer lab software is not connected to the campus network.,IT Services
the bonafide certificate contains incorrect student information. Please verify the record with the accounts or registrar office. Kindly review the documents and process the request.,Administrative Offices
my CGPA was entered under the wrong course code. I have checked the portal more than once and the same problem remains. Kindly investigate the discrepancy and make the required correction.,Academic
Can someone check why the room ceiling fan is not working properly. Please resolve this hostel-related problem soon.,Hostel/Provost Office
"There is a problem with the makeup exam request does not reflect the form I submitted on time. The supporting document was submitted at the department office. I have been trying to get this sorted out, but there has not been a clear resolution yet. Please recheck the entry and let me know once it is fixed.",Academic
There is a problem with the result card is still missing from the student record. I would appreciate verification from the concerned academic office. Please verify the record and correct it.,Academic
I want to report that the hostel washroom was reported to the warden but no action has been taken. Please check the hostel record for my earlier complaint. Kindly inspect the issue and arrange the required solution.,Hostel/Provost Office
"Hi, could you please look into this: the assignment grade was changed without any explanation. I need the corrected record for an upcoming academic requirement. Please check the matter before it affects my semester further.",Academic
"the air conditioner is in poor condition and needs replacement. The facility is currently difficult to use safely. Because the issue is still unresolved, it is now affecting my normal university work. The concerned staff are requested to repair this promptly.",Maintenance & Facilities
Can someone check why the course section has an incorrect total after the latest update. I have already checked this more than once. Please update the record according to the submitted documents.,Academic
I need help because the quiz score was changed without any explanation. I have already checked this more than once. Kindly investigate the discrepancy and make the required correction.,Academic
Can someone check why the practical marks contains an error that is affecting my semester record. I have already checked this more than once. Kindly investigate the discrepancy and make the required correction.,Academic
I am having trouble because the semester timetable was marked absent although I attended the class. I have already checked this more than once. Kindly review this issue and update the academic record.,Academic
I want to bring this issue to your attention: the lecture desk is blocked and water is collecting around it. I have already checked this more than once. Please have this facility repaired or replaced.,Maintenance & Facilities
"Hi, the laboratory ventilation is producing a strong smell and needs maintenance. The area is frequently used by students and staff. Because the issue is still unresolved, it is now affecting my normal university work. I request urgent maintenance of this issue.",Maintenance & Facilities
Can someone check why the makeup exam request shows a value that does not match the marks announced in class. I would appreciate verification from the concerned academic office. I would be grateful if the responsible office could review the details instead of asking me to repeat the same process. Please recheck the entry and let me know once it is fixed.,Academic
I want to report that the fee correction application has not been forwarded to the concerned office. I have already checked this more than once. I request verification and completion of the pending process.,Administrative Offices
"the building staircase is causing difficulty for students during lectures. The issue becomes worse during afternoon classes. Because the issue is still unresolved, it is now affecting my normal university work. Kindly resolve the maintenance problemm at the earliest.",Maintenance & Facilities
Please check why the backup generator has exposed wiring that should be inspected. This is especially difficult when the room is full. I would be grateful if the responsible office could review the details instead of asking me to repeat the same process. Kindly send the maintenance team to inspect and fix it.,Maintenance & Facilities
"the air conditioner is creating an uncomfortable environment in the room. It would be better to repair it before the damage increases. Because the issue is still unresolved, it is now affecting my normal university work. I request urgent maintenance of this issue.",Maintenance & Facilities
I am having trouble because the hostel cleaning schedule is creating repeated arguments among residents. I have already checked this more than once. Please ask the hostel administration to resolve it.,Hostel/Provost Office
"I have a problem, i am facing an issue because the migration certificate contains incorrect student information. The required documents and receipt were submitted. I have been trying to get this sorted out, but there has not been a clear resolution yet. I request verification and completion of the pending process.",Administrative Offices
I need help because the room cleanliness is making it difficult to stay in the room. This is affecting normal hostel routine. I would be grateful if the responsible office could review the details instead of asking me to repeat the same process. Please ask the hostel administration to resolve it.,Hostel/Provost Office
Could you please look into this: the student portal keeps disconnecting during use. Please resolve the technical problem before the deadline.,IT Services
"Hi, i need help because the hostel corridor lights is creating hygiene concerns for residents. I have already checked this more than once. Please resolve this hostel-related problem soon.",Hostel/Provost Office
the registrar application shows an incorrect amount.,Administrative Offices
"I am facing an issue because the prerequisite approval was marked absent although I attended the class. The supporting document was submitted at the department office. I have been trying to get this sorted out, but there has not been a clear resolution yet. Kindly review this issue and update the academic record.",Academic
There seems to be an issue with my midterm marks was marked absent although I attended the class. I would appreciate verification from the concerned academic office. I would be grateful if the responsible office could review the details instead of asking me to repeat the same process. Please check the matter before it affects my semester further.,Academic
my GPA calculation was entered under the wrong course code.,Academic
I would like to complain that the backup generator is damaged and unsafe to use. I have already checked this more than once. Please check the problem and restore the facility.,Maintenance & Facilities
"Please check why the hostel curfew entry is causing problems for residents every day. The warden was informed, but I have not received any update. Please handle the matter according to hostel policy.",Hostel/Provost Office
"I am writing regarding the hostel WiFi complaint record is not being handled according to the hostel procedure. The problem is especially difficult during evening hours. I have been trying to get this sorted out, but there has not been a clear resolution yet. The concerned hostel staff are requested to take action.",Hostel/Provost Office
Could you please look into this: the classroom chairs is not available when it is needed. The facility is currently difficult to use safely. Kindly send the maintenance team to inspect and fix it.,Maintenance & Facilities
I am having trouble because the electrical sockets is in poor condition and needs replacement. This is especially difficult when the room is full. I would be grateful if the responsible office could review the details instead of asking me to repeat the same process. Please have this facility repaired or replaced.,Maintenance & Facilities
"Can u check this, the student portal fails before the process is completed. Please resolve the technical problem before the deadline.",IT Services
the classroom fan needs urgent cleaning and maintenance. Please send someone to inspect the location. Please inspect the area and take the necessary action.,Maintenance & Facilities
"Sir please check, there seems to be an issue with my thesis supervision has not been approved despite repeated follow-up. I have checked the portal more than once and the same problem remains. Please verify the record and correct it.",Academic
I want to report that the drainage line has exposed wiring that should be inspected. I have already checked this more than once. Kindly resolve the maintenance problem at the earliest.,Maintenance & Facilities
my fee challan has not been issued yet. Please verify the record with the accounts or registrar office. Kindly review the documents and process the request.,Administrative Offices
I am having trouble because the classroom windows has broken fittings. I have already checked this more than once. Please have this facility repaired or replaced.,Maintenance & Facilities
I would like to complain that the viva schedule contains an error that is affecting my semester record. I have checked the portal more than once and the same problem remains. I would be grateful if the responsible office could review the details instead of asking me to repeat the same process. Kindly investigate the discrepancy and make the required correction.,Academic
I want to report that the prerequisite approval hasnt been updated even though the instructor confirmed the correction. I have already checked this more than once. Please verify the record and correct it.,Academic
the student portal is rejecting files that meet the stated requirements. Restarting the device did not solve the issue. Please investigate the error and update the service.,IT Services
I want to report that the hostel washroom was handled differently from the stated hostel rules. I have already submitted a request at the hostel office. Kindly have the warden or relevant staff check this issue.,Hostel/Provost Office
I want to bring this issue to your attention: the fee correction application doesnt match the payment receipt. I have already checked this more than once. Please process the request and correct the record.,Administrative Offices
I am having trouble because the hostel washroom is causing problems for residents every day. I would like the matter to be handled according to hostel rules. Please ask the hostel administration to resolve it.,Hostel/Provost Office
Can someone check why the classroom projector is not loading the required page. I have already checked this more than once. Please investigate the error and update the service.,IT Services
the air conditioner keeps stopping and starting. The facility is currently difficult to use safely. Kindly send the maintenance team to inspect and fix it.,Maintenance & Facilities
"the air conditioner has exposed wiring that should be inspected. The condition is affecting normal use of the area. Because the issue is still unresolved, it is now affecting my normal university work. Please check the problem and restore the facility.",Maintenance & Facilities
"Can someone check why the registered credit hours has been pending for several days. The department office asked me to wait, but there has been no update. Kindly review this issue and update the academic recrod.",Academic
I am writing regarding the campus network works for a few minutes and then goes offline. I need access before the current submission deadline. I would be grateful if the responsible office could review the details instead of asking me to repeat the same process. Kindly ask IT support to resolve this problem.,IT Services
the building staircase is creating an uncomfortable environment in the room. The area is frequently used by students and staff. The concerned staff are requested to repair this promptly.,Maintenance & Facilities
I need help because the electrical sockets keeps stopping and starting. Please check the problem and restore the facility.,Maintenance & Facilities
There seems to be an issue with the laboratory ventilation has been out of order for several days. I have already checked this more than once. I request urgent maintenance of this issue.,Maintenance & Facilities
"I have a problem, my attendance record shows a value that does not match the marks announced in class. The department office asked me to wait, but there has been no update. can the office confirm the correct status?",Academic
There is a problem with the LMS course page has not been restored after an earlier complaint. The issue occurs both in the lab and on my own device. I request technical support for this issue.,IT Services
There seems to be an issue with the lecture desk has been left unrepaired since last week. I have already checked this more than once. Please inspect the area and take the necessary action.,Maintenance & Facilities
"I have a problem, the online registration portal is not loading the required page. Please investigate the error and update the service.",IT Services
"the registered credit hours has not been approved despite repeated follow-up. The department offce asked me to wait, but there has been no update. Kindly investigate the discrepancy and make the required correction.",Academic
"I am having trouble because the laboratory ventilation has broken fittings. A maintenance complaint was already reported, but the problem remains. Kindly resolve the maintenance problem at the earliest.",Maintenance & Facilities
the mess timing has not been repaired despite an earlier request. Please check the hostel record for my earlier complaint. Please handle the matter according to hostel policy.,Hostel/Provost Office
Could you pls look into this: my degree verification request was entered under the wrong category. I need the document for another university process. I request verification and completion of the pending process.,Administrative Offices
the admission fee record has been delayed beyond the stated processing time. I request verification and completion of the pending process.,Administrative Offices
I would like to complain that the duplicate student card request has not been issued yet. I have already checked this more than once. I request verification and completion of the pending process.,Administrative Offices
the student portal has not been restored after an earlier complaint. Please restore access as soon as possible.,IT Services
There seems to be an issue with the hot water facility is not working properly. I have already checked this more than once. Please handle the matter according to hostel policy.,Hostel/Provost Office
"I am facing an issue because the LMS course page is rejecting files that meet the stated requirements. The problem started recently and has continued since then. I have been trying to get this sorted out, but there has not been a clear resolution yet. The IT team is requested to inspect and correct this.",IT Services
I am having trouble because the official certificate request has not been processed even though the documents were submitted. The required documents and receipt were submitted. I would be grateful if the responsible office could review the details instead of asking me to repeat the same process. I request verification and completion of the pending process.,Administrative Offices
"I am writing regarding the migration certificate has not been processed even though the documents were submitted. The delay is creating difficulty with my semester matters. I have been trying to get this sorted out, but there has not been a clear resolution yet. Please correct the record and confirm the updated status.",Administrative Offices
There seems to be an issue with my midterm marks has not been approved despite repeated follow-up. I have already checked this more than once. Please check the matter before it affects my semester further.,Academic
"the projector connection is not detecting the connected device. I reported this earlier to the IT desk but it is still unresolved. Because the issue is still unresolved, it is now affecting my normal university work. Please investigate the error and update the service.",IT Services
"I want to report that my thesis supervision has not been shared with students. The department office asked me to wait, but there has been no update. Kindly investigate the discrepancy and make the required correction.",Academic
There is a problem with my hostel room allocation needs attention from the provost office. I have already checked this more than once. Please ask the hostel administration to resolve it.,Hostel/Provost Office
"This is getting difficult, the hostel curfew entry has not been resolved after repeated reporting. I would like the matter to be handled according to hostel rules. Please inspect the issue and arrange the required solution.",Hostel/Provost Office
"the result card is preventing me from completing registration. The department office asked me to wait, but there has been no update. Please verify the record and correct it.",Academic
the course section has not been approved despite repeated follow-up.,Academic
I am writing regarding the LMS account does not send the verification message. The issue occurs both in the lab and on my own device. I have been trying to get this sorted out but there has not been a clear resolution yet. Please restore access as soon as possible.,IT Services
"I am having trouble because the hot water facility is affecting basic hostel facilities. The issue needs attention before it becomes more serious. I have been trying to get this sorted out, but there has not been a clear resolution yet. Please handle the matter according to hostel policy.",Hostel/Provost Office
"There is a problem with the thesis progress review does not reflect the form I submitted on time. Other students in the same class can see the correct information. I have been trying to get this sorted out, but there has not been a clear resolution yet. I request the department to resolve this as soon as possible.",Academic
I am writing regarding my midterm marks was changed without any explanation. I already contacted the relevant teacher but the recrod is unchanged. Please verify the record and correct it.,Academic
There seems to be an issue with the drainage line has loose parts that may cause an accident. The area is frequently used by students and staff. I request urgent maintenance of this issue.,Maintenance & Facilities
"Sir please check, the university server shows a server error repeatedly. I tried from more than one device and the problm is the same. Please ask IT support to resolve this problem.",IT Services
I am having trouble because the online registration portal shows an error whenever I try to submit work. I have already checked this more than once. Please resolve the technical problem before the deadline.,IT Services
the hostel security refund is not appearing in the official record. I would appreciate a clear status instead of being sent between offices. Kindly check the application and provide an update.,Administrative Offices
I would like to complain that the admission document is not appearing in the official record. Please verify the record with the accounts or registrar office. I would be grateful if the responsible office could review the details instead of asking me to repeat the same process. Please resolve the issue without further unnecessary delay.,Administrative Offices
"I have a problem, the mess food requires inspection by hostel staff. The problem is especially difficult during evening hours. Please resolve this hostel-related problem soon.",Hostel/Provost Office
the migration certificate has been delayed beyond the stated processing time. The required documents and receipt were submitted. Please ask the concerned administrative office to resolve this.,Administrative Offices
the hostel corridor lights is causing unnecessary difficulty at night. I have already submitted a request at the hostel office. Please resolve this hostel-related problm soon.,Hostel/Provost Office
There is a problem with the lecture desk is producing a strong smell and needs maintenance. Students are facing this problem every day. Kindly send the maintenance team to inspect and fix it.,Maintenance & Facilities
the admission document needs correction in the administrative record. This matter has remained unresolved for several working days. Please ask the concerned administrative office to resolve this.,Administrative Offices
"I need help because the fee refund request was marked incomplete although all listed documents were attached. I have already visited the concerned office more than once. I have been trying to get this sorted out, but there has not been a clear resolution yet. Kindly review the documents and process the request.",Administrative Offices
I want to bring this issue to your attention: the official certificate request was entered under the wrong category. The application was submitted within the announced dates. I would be grateful if the responsible office could review the details instead of asking me to repeat the same process. Kindly review the documents and process the request.,Administrative Offices
I want to bring this issue to your attention: the hostel cleaning schedule is creating an uncomfortable living situation. Kindly inspect the issue and arrange the required solution.,Hostel/Provost Office
I am having trouble because the building staircase has broken fittings. I have already checked this more than once. Please arrange repair as soon as possible.,Maintenance & Facilities
the classroom chairs has loose parts that may cause an accident.,Maintenance & Facilities
I am having trouble because the room furniture is affecting basic hostel facilities. Several residents on the floor are facing the same problem. Kindly inspect the issue and arrange the required solution.,Hostel/Provost Office
"Could you please look into this: the hostel curfew entry requires inspection by hostel staff. The warden was informed, but I have not received any update. Please ask the hostel administration to resolve it.",Hostel/Provost Office
"Please help, the fee correction application was supposed to be completed earlier but remains unresolved.",Administrative Offices
I would like to complain that the parking area is damaged and unsafe to use. I have already checked this more than once. I request urgent maintenance of this issue.,Maintenance & Facilities
Can someone check why my fee challan was entered under the wrong category. This matter has remained unresolved for several working days. The concerned office is requested to check and complete this matter.,Administrative Offices
"Can someone check why my degree verification request was returned without explaining what is missing. This matter has remained unresolved for several working days. I have been trying to get this sorted out, but there has not been a clear resolution yet. Kindly check the application and provide an update.",Administrative Offices
I need help because the common room is creating hygiene concerns for residents. The problem is especially difficult during evening hours. Please take action and update me about the complaint.,Hostel/Provost Office
There is a problem with my degree verification request has not been processed even though the documents were submtted. I request verification and completion of the pending process.,Administrative Offices
"Please help, the course section is preventing me from completing registration. I would appreciate verification from the concerned academic office. Because the issue is still unresolved, it is now affecting my normal university work. Please update the record according to the submitted documents.",Academic
"Sir please check, i want to report that my financial aid application was entered under the wrong category. I need the document for another university process. Please review the documents and process the request.",Administrative Offices
"Hi, my GPA calculation has an incorrect total after the latest update. pleas recheck the entry and let me know once it is fixed.",Academic
"I have a problem, the backup generator has been out of order for several days. The condition is affecting normal use of the area. Please send the maintenance team to inspect and fix it.",Maintenance & Facilities
my CGPA is still missing from the student record. I already contacted the relevant teacher but the record is unchanged. Please check the matter before it affects my semester further.,Academic
"Please help, there is a problem with the mess food was handled differently from the stated hostel rules. I would like the matter to be handled according to hostel rules. I have been trying to get this sorted out, but there has not been a clear resolution yet. Please inspect the issue and arrange the required solution.",Hostel/Provost Office
I would like to complain that the biometric attendance machine is not detecting the connected device. The issue occurs both in the lab and on my own device. I request technical support for this issue.,IT Services
"the drainage line has not been repaired after an earlier complaint. A maintenance complaint was already reported, but the problem remains. Kindly resolve the maintenance problem at the earliest.",Maintenance & Facilities
"the semester timetable has been pending for several days. I have checked the portal more than once and the same problem remains. Because the issue is still unresolved, it is now affecting my normal university work. Kindly review this issue and update the academic record.",Academic
I want to report that the email verification link works for a few minutes and then goes offline. This is affecting my ability to complete university work. I would be grateful if the responsible office could review the details instead of asking me to repeat the same process. I request technical support for this issue.,IT Services
There seems to be an issue with my university email is extremely slow during class hours. This is affecting my ability to complete university work. I have been trying to get this sorted out but there has not been a clear resolution yet. The IT team is requested to inspect and correct this.,IT Services
I am having trouble because the room ceiling fan is affecting basic hostel facilities. I request the Provost Office to look into this matter.,Hostel/Provost Office
I am facing an issue becase the official certificate request was returned without explaining what is missing. I have already checked this more than once. Please resolve the issue without further unnecessary delay.,Administrative Offices
I am writing regarding the admission status was returned without explaining what is missing. This matter has remained unresolved for several working days. I would be grateful if the responsible office could review the details instead of asking me to repeat the same process. Please process the request and correct the record.,Administrative Offices
I want to report that my fee challan was marked incomplete although all listed documents were attached. I have already checked this more than once. Please ask the concerned administrative office to resolve this.,Administrative Offices
the classroom projector does not send the verification message.,IT Services
the official certificate request needs correction in the administrative record.,Administrative Offices
Can someone check why my CGPA is showing the wrong course information. I have checked the portal more than once and the same problem remains. I would be grateful if the responsible office could review the details instead of asking me to repeat the same process. Kindly review this issue and update the academic record.,Academic
There seems to be an issue with my roommate issue is still unresolved after several days. I have already checked this more than once. Please ask the hostel administration to resolve it.,Hostel/Provost Office
the hostel washroom is creating an uncomfortable living situation. I would like the matter to be handled according to hostel rules. Kindly inspect the issue and arrange the required solution.,Hostel/Provost Office
There is a problem with the department elevator keeps stopping and starting. plz inspect the area and take the necessary action.,Maintenance & Facilities
my financial aid application has been pending without any clear update.,Administrative Offices
I need help because the hostel security desk has been pending with the hostel office. I have already checked this more than once. Please take action and update me about the complaint.,Hostel/Provost Office
"I am facing an issue because the room change request has been pending with the hostel office. I informed the hostel staff earlier, but the issue continues. I have been trying to get this sorted out, but there has not been a clear resolution yet. Please resolve this hostel-related problem soon.",Hostel/Provost Office
I want to report that the university WiFi shows a server error repeatedly. Please check the account or system and fix the issue.,IT Services
"I have a problem, the makeup exam request was marked absent although I attended the class. I would appreciate verification from the concerned academic office. Please recheck the entry and let me know once it is fixed.",Academic
"Hi, i am having trouble because the quiz score hasnt been shared with students. I would appreciate verification from the concerned academic office. I would be grateful if the responsible office could review the details instead of asking me to repeat the same process. Please check the matter before it affects my semester further.",Academic
I am writing regarding the department printer fails before the process is completed. Restarting the device did not solve the issue. Please restore access as soon as possible.,IT Services
I would like to complain that my university email doesnt send the verification message. I have already checked this more than once. Please resolve the technical problem before the deadline.,IT Services
the thesis progress review shows a value that does not match the marks announced in class. Please verify the record and correct it.,Academic
the document attestation request needs correction in the administrative record. This matter has remained unresolved for several working days. Please ask the concerned administrative office to resolve this.,Administrative Offices
"the hostel room lock requires inspection by hostel staff. The warden was informed, but I have not received any update. Because the issue is still unresolved, it is now affecting my normal university work. Please handle the matter according to hostel policy.",Hostel/Provost Office
I want to report that the hostle WiFi complaint record has not been resolved after repeated reporting. Several residents on the floor are facing the same problem. Please take action and update me about the complaint.,Hostel/Provost Office
There is a problem with the official certificate request is being delayed because the counter staff keep asking me to return later. Please verify the record with the accounts or registrar office. Kindly review the documents and process the request.,Administrative Offices
I want to report that the hot water facility requires inspection by hostel staff. The condition has been causing inconvenience for several days. I request the Provost Office to look into this matter.,Hostel/Provost Office
I need help because my clearance form was supposed to be completed earlier but remains unresolved. I have already visited the concerned office more than once. Kindly check the application and provide an update.,Administrative Offices
Could you please look into this: the fee refund request is not appearing in the official record. I have already checked this more than once. Please resolve the issue without further unnecessary delay.,Administrative Offices
I am writing regarding the hostel room lock is not available at the stated time. I have already checked this more than once. The concerned hostel staff are requested to take action.,Hostel/Provost Office
"This is getting difficult, i want to bring this issue to your attention: the network connection is preventing me from accessing course material. I have already checked this more than once. Please check the network or account configuration.",IT Services
There is a problem with the exam date sheet doesnt include marks for work that I submited. I already contacted the relevant teacher but the record is unchanged. Please verify the record and correct it.,Academic
my university email is not responding at all. pls investigate the error and update the service.,IT Services
"Please help, i am facing an issue because the student portal has stopped working after the latest update. I need access before the current submission deadline. Please check the account or system and fix the issue.",IT Services
I would like to complain that the hot water facility is creating an uncomfortable living situation. I would like the matter to be handled according to hostel rules. Please take action and update me about the complaint.,Hostel/Provost Office
"my scholarship application has not been forwarded to the concerned office. The counter staff asked me to check again later, but there is still no progress. Please ask the concerned administrative office to resolve this.",Administrative Offices
"I would like to complain that the viva schedule is still missing from the student record. I already contacted the relevant teacher but the record is unchanged. I have been trying to get this sorted out, but there has not been a clear resolution yet. Please recheck the entry and let me know once it is fixed.",Academic
Can someone check why the quiz score has not been shared with students. The supporting document was submitted at the department office. I would be grateful if the responsible office could review the details instead of asking me to repeat the same process. I request the department to resolve this as soon as possible.,Academic
I would like to complain that the hostel security desk has become worse this week. I would like the matter to be handled according to hostel rules. Please take action and update me about the complaint.,Hostel/Provost Office
the hostel room lock has not been resolved after repeated reporting. I would like the matter to be handled according to hostel rules. Please ask the hostel administration to resolve it.,Hostel/Provost Office
"Sir please check, i want to bring this issue to your attention: the department elevator is damaged and unsafe to use. This is especially difficult when the room is full. I would be grateful if the responsible office could review the details instead of asking me to repeat the same process. The concerned staff are requested to repair this promptly.",Maintenance & Facilities
the hostel gate procedure is still unresolved after several days. I request the Provost Office to look into this matter.,Hostel/Provost Office
I need help because the room ceiling fan has not been repaired despite an earlier request. I would like the matter to be handled according to hostel rules. Kindly have the warden or relevant staff check this issue.,Hostel/Provost Office
"the parking area is not working properly during class hours. The problem is now affecting more than one class. Because the issue is still unresolved, it is now affecting my normal university work. Kindly send the maintenance team to inspect and fix it.",Maintenance & Facilities
Please check why the room change request is creating repeated arguments among residents. The problem is especially difficult during evening hours. I would be grateful if the responsible office could review the details instead of asking me to repeat the same process. Kindly inspect the issue and arrange the required solution.,Hostel/Provost Office
"Sir please check, i am writing regarding the drainage line has broken fittings. I have already checked this more than once. Please check the problem and restore the facility.",Maintenance & Facilities
"Hi, my thesis supervision has not been approved despite repeated follow-up. Other students in the same class can see the correct information. can the office confirm the correct status?",Academic
"There seems to be an issue with course registration still shows the old information after correction. This issue is causing difficulty with my current semester planning. I have been trying to get this sorted out, but there has not been a clear resolution yet. Kindly investigate the discrepancy and make the required correction.",Academic
"Hi, there seems to be an issue with my hostle room allocation is creating repeated arguments among residents. I have already checked this more than once. The concerned hostel staff are requested to take action.",Hostel/Provost Office
"I have a problem, the quiz score has not been shared with students. Please review this issue and update the academic record.",Academic
I am having trouble because the hostle curfew entry has not been repaired despite an earlier request. I have already checked this more than once. The concerned hostel staff are requested to take action.,Hostel/Provost Office
the laboratory ventilation is creating an uncomfortable environment in the room. The issue becomes worse during afternoon classes. Kindly send the maintenance team to inspect and fix it.,Maintenance & Facilities
the prerequisite approval contains an error that is affecting my semester record. I request the department to resolve this as soon as possible.,Academic
I am having trouble because my financial aid application is stuck between two administrative offices. This matter has remained unresolved for several working days. I would be grateful if the responsible office could review the details instead of asking me to repeat the same process. I request verification and completion of the pending process.,Administrative Offices
"This is getting difficult, the laundry area has become worse this week. The concerned hostel staff are requested to take action.",Hostel/Provost Office
"the fee refund request is causing difficulty with another university process. The delay is creating difficulty with my semester matters. Because the issue is still unresolved, it is now affecting my normal university work. Kindly check the application and provide an update.",Administrative Offices
"This is getting difficult, the online registration portal does not recognize my account. I tried from more than one device and the problem is the same. Because the issue is still unresolved, it is now affecting my normal university work. The IT team is requested to inspect and correct this.",IT Services
pls check why the LMS course page shows an error whenever I try to submit work. Please check whether there is an account or server-side problem. Please check the account or system and fix the issue.,IT Services
Can someone check why the mess timing has not been resolved after repeated reporting. Please check the hostel record for my earlier complaint. Kindly have the warden or relevant staff check this issue.,Hostel/Provost Office
I am facing an issue because the course section does not reflect the form I submitted on time. I request the department to resolve this as soon as possible.,Academic
"Sir please check, there is a problem with the room cleanliness is making it difficult to stay in the room. I would like the matter to be handled according to hostel rules. I would be grateful if the responsible office could review the details instead of asking me to repeat the same process. Please take action and update me about the complaint.",Hostel/Provost Office
"the common room is causing problems for residents every day. I would like the matter to be handled according to hostel rules. Because the issue is still unresolved, it is now affecting my normal university work. The concerned hostel staff are requested to take action.",Hostel/Provost Office
I am writing regarding my scholarship application needs correction in the administrative record. I have already checked this more than once. I request verification and completion of the pending process.,Administrative Offices
"the university server is extremely slow during class hours. Please check whether there is an account or server-side problem. Because the issue is still unresolved, it is now affecting my normal university work. I request technical support for this issue.",IT Services
I am having trouble because the laundry area has been pending with the hostel office. I have already checked this more than once. Please ask the hostel administration to resolve it.,Hostel/Provost Office
the mess timing was handled differently from the stated hostel rules. This is affecting normal hostel routine. Kindly have the warden or relevant staff check this issue.,Hostel/Provost Office
"I am having trouble because my midterm markss was not accepted even though I met the deadline. I already contacted the relevant teacher but the record is unchanged. I have been trying to get this sorted out, but there has not been a clear resolution yet. I request the department to resolve this as soon as possible.",Academic
I want to report that the online registration portal is showing outdated information. I have already checked this more than once. Please resolve the technical problem before the deadline.,IT Services
the admission status is being delayed because the counter staff keep asking me to return later. Please process the request and correct the recoard.,Administrative Offices
I want to report that my protal login is extremely slow during class hours. Restarting the device did not solve the issue. Please investigate the error and update the service.,IT Services
I am facing an issue because my hostel room allocation has not been resolved after repeated reporting. I have already checked this more than once. Please handle the matter according to hostel policy.,Hostel/Provost Office
I need help because the migration certificate is not appearing in the official record. I would appreciate a clear status instead of being sent between offices. pls ask the concerned administrative office to resolve this.,Administrative Offices
There seems to be an issue with the fee refund request is being delayed becuase the counter staff keep asking me to return later. I have already checked this more than once. Kindly check the application and provide an update.,Administrative Offices
I am having trouble because the campus network is extremely slow during class hours. Restarting the device did not solve the issue. I would be grateful if the responsible office could review the details instead of asking me to repeat the same process. Please resolve the technical problem before the deadline.,IT Services
the hostel cleaning schedule has not been repaired despite an earlier request. The concerned hostel staff are requested to take action.,Hostel/Provost Office
the toilet flush is producing a strong smell and needs maintenance. Students are facing this problem every day. Kindly send the maintenance team to inspect and fix it.,Maintenance & Facilities
the lab internet connection fails before the process is completed. Please restore access as soon as possible.,IT Services
There seems to be an issue with the hostel water supply is affecting basic hostel facilities. I would like the matter to be handled according to hostel rules. I would be grateful if the responsible office could review the details instead of asking me to repeat the same process. Kindly inspect the issue and arrange the required solution.,Hostel/Provost Office
I am facing an issue because the admission fee record has not been processed even though the documents were submitted. I have already checked this more than once. Kindly review the documents and process the request.,Administrative Offices
"There seems to be an issue with the corridor lights is damaged and unsafe to use. Please send someone to inspect the location. I have been trying to get this sorted out, but there hasnt been a clear resolution yet. Kindly resolve the maintenance problem at the earliest.",Maintenance & Facilities
Can someone check why the mess food hasnt been updated in the hostel record. The condition has been causing inconvenience for several days. I would be grateful if the responsible office could review the details instead of asking me to repeat the same process. I request the Provost Office to look into this matter.,Hostel/Provost Office
Can someone check why the common room is not being handled according to the hostel procedure. I have already checked this more than once. Please ask the hostel administration to resolve it.,Hostel/Provost Office
Can someone check why the washroom taps is producing a strong smell and needs maintenance. I have already checked this more than once. The concerned staff are requested to repair this promptly.,Maintenance & Facilities
"the admission document has been delayed beyond the stated processing time. The required documents and receipt were submitted. Because the issue is still unresolved, it is now affecting my normal university work. Please process the request and correct the record.",Administrative Offices
Could you please look into this: the transcript is still missing from the student record. I have already checked this more than once. Please update the record according to the submitted documents.,Academic
"the room ceiling fan was handled differently from the stated hostel rules. I informed the hostel staff earlier, but the issue continues. Please take action and update me about the complaint.",Hostel/Provost Office
There seems to be an issue with the lab computer fails before the process is completed. I need access before the current submission deadline. I would be grateful if the responsible office could review the details instead of asking me to repeat the same process. I request technical support for this issue.,IT Services
"Can someone check why the classroom chairs is creating an uncomfortable environment in the room. This is especially difficult when the room is full. I have been trying to get this sorted out, but there has not been a clear resolution yet. Please check the problem and restore the facility.",Maintenance & Facilities
I am having trouble because the accounts office receipt has been delayed beyond the stated processing time. I have kept a copy of the submitted form and payment receipt. Please resolve the issue without further unnecessary delay.,Administrative Offices
"the hostel room lock is still unresolved after several days. This is affecting normal hostel routine. Because the issue is still unresolved, it is now affecting my normal university work. The concerned hostel staff are requested to take action.",Hostel/Provost Office
Could you please look into this: the drainage line has been out of order for several days. I have already checked this more than once. Please arrange repair as soon as possible.,Maintenance & Facilities
I need help because the thesis progress review was marked absent although I attended the class. I have already checked this more than once. Please check the matter before it affects my semester further.,Academic
Can someone check why the hostel WiFi complaint record has not been updated in the hostel record. I would like the matter to be handled according to hostel rules. The concerned hostel staff are requested to take action.,Hostel/Provost Office
Can someone check why my clearance form is being delayed because the counter staff keep asking me to return later. I have kept a copy of the submitted form and payment receipt. Please ask the concerned administrative office to resolve this.,Administrative Offices
my university email is not detecting the connected device.,IT Services
the migration certificate was submitted before the deadline but still shows pending. Please ask the concerned administrative office to resolve this.,Administrative Offices
"the viva schedule is still missing from the student record. I already contacted the relevant teacher but the record is unchanged. Because the issue is still unresolved, it is now affecting my normal university work. Please check the matter before it affects my semester further.",Academic
"my CGPA has not been shared with students. I have checked the portal more than once and the same problem remains. Because the issue is still unresolved, it is now affecting my normal university work. I request the department to resolve this as soon as possible.",Academic
the semester timetable is different from what appears on the departmental notice.,Academic
"Could you please look into this: the mess timing has been pending with the hostel offce. I informed the hostel staff earlier, but the issue continues. I would be grateful if the responsible office could review the details instead of asking me to repeat the same process. Kindly inspect the issue and arrange the required solution.",Hostel/Provost Office
"Please help, i would like to complain that the drinking water supply is damaged and unsafe to use. The area is frequently used by students and staff. I have been trying to get this sorted out, but there has not been a clear resolution yet. Please send the maintenance team to inspect and fix it.",Maintenance & Facilities
"the hostel WiFi complaint record has not been repaired despite an earlier request. The condition has been causing inconvenience for several days. Because the issue is still unresolved, it is now affecting my normal university work. Please handle the matter according to hostel policy.",Hostel/Provost Office
the classroom fan has loose parts that may cause an accident.,Maintenance & Facilities
"the parking area is leaking and making the floor wet. A maintenance complaint was already reported, but the problem remains. Because the issue is still unresolved, it is now affecting my normal university work. Please inspect the area and take the necessary action.",Maintenance & Facilities
"Sir please check, i am facing an issue because the room change request is still unresolved after several days. This is affecting normal hostel routine. I would be grateful if the responsible office could review the details instead of asking me to repeat the same process. Please ask the hostel administration to resolve it.",Hostel/Provost Office
I am having trouble because the department printer works for a few minutes and then goes offline. I tried from more than one device and the problem is the same. I would be grateful if the responsible office could review the details instead of asking me to repeat the same process. The IT team is requested to inspect and correct this.,IT Services
"Hi, the hostel security refund was returned without explaining what is missing. The application was submitted within the announced dates. Please correct the record and confirm the updated status.",Administrative Offices
I want to report that the room ceiling fan was reported to the warden but no action has been taken. I have already checked this more than once. Please take action and update me about the complaint.,Hostel/Provost Office
I want to report that the projector connection is rejecting files that meet the stated requirements. Please resolve the technical problem before the deadline.,IT Services
the accounts office receipt is causing difficulty with another university process. I have kept a copy of the submitted form and payment receipt. Kindly check the application and provide an update.,Administrative Offices
"I am having trouble because the prerequisite approval was uploaded late and now I cannot complete the next process. The department office asked me to wait, but there has been no update. I have been trying to get this sorted out, but there has not been a clear resolution yet. Please verify the record and correct it.",Academic
I want to report that the hostel WiFi complaint record was reported to the warden but no action has been taken. I have already submitted a request at the hostel office. I would be grateful if the responsible office could review the details instead of asking me to repeat the same process. Kindly inspect the issue and arrange the required solution.,Hostel/Provost Office
the water cooler is not available when it is needed. Please check the problem and restore the facility.,Maintenance & Facilities
Can someone check why the hostel cleaning schedule is not available at the stated time. I have already checked this more than once. I request the Provost Office to look into this matter.,Hostel/Provost Office
"the hostel WiFi complaint record was handled differently from the stated hostel rules. The problem is especially difficult during evening hours. Because the issue is still unresolved, it is now affecting my normal university work. Kindly have the warden or relevant staff check this issue.",Hostel/Provost Office
the admission status is causing difficulty with another university process. The delay is creating difficulty with my semester matters. Please process the request and correct the record.,Administrative Offices
I want to report that the semester timetable was changed without any explanation. I have already checked this more than once. Could the concerned office please confirm the correct status?,Academic
"This is getting difficult, i would like to complain that my midterm marks has been pending for several days. I would appreciate verification from the concerned academic office. Please update the record according to the submitted documents.",Academic
the official certificate request has not been approved even after verification. This matter has remained unresolved for several working days. Please resolve the issue without further unnecessary delay.,Administrative Offices
the registered credit hours was changed without any explanation. I submitted the required application before the deadline. Kindly review this issue and update the academic recoard.,Academic
There is a problem with the hot water facility is making it difficult to stay in the room. I have already checked this more than once. Please resolve this hostel-related problem soon.,Hostel/Provost Office
I am writing regarding the email verification link shows a server error repeatedly. I have already checked this more than once. Kindly ask IT support to resolve this problem.,IT Services
Please check why my student card has not been forwarded to the concerned office. I request verification and completion of the pending process.,Administrative Offices
my financial aid application is not appearing in the official record.,Administrative Offices
"Please help, i am having trouble because the fee correction applicaton is causing difficulty with another university process. I have already checked this more than once. Please correct the record and confirm the updated status.",Administrative Offices
Please check why the room cleanliness is still unresolved after several days. Please take action and update me about the complaint.,Hostel/Provost Office
the lab computer is preventing me from accessing course material. I tried from more than one device and the problem is the same. I request technical support for this issue.,IT Services
I want to bring this issue to your attention: the transcript has not been updtaed even though the instructor confirmed the correction. I have already checked this more than once. I request the department to resolve this as soon as possible.,Academic
I want to bring this issue to your attention: my clearance form is causing difficulty with another university process. I have already checked this more than once. I request verification and completion of the pending process.,Administrative Offices
"the department elevator has been left unrepaired since last week. It would be better to repair it before the damage increases. Because the issue is still unresolved, it is now affecting my normal university work. Kindly resolve the maintenance problem at the earliest.",Maintenance & Facilities
I am facing an issue because the department printer does not recognize my account. I tried from more than one device and the problem is the same. I would be grateful if the responsible office could review the details instead of asking me to repeat the same process. I request technical support for this issue.,IT Services
"Hi, i want to bring this issue to your attention: the password reset service has been unavailable since this morning. I need access before the current submission deadline. I have been trying to get this sorted out, but there has not been a clear resolution yet. Please check the network or account configuration.",IT Services
"the lecture desk needs urgent cleaning and maintenance. The facility is currently difficult to use safely. Because the issue is still unresolved, it is now affecting my normal university work. I request urgent maintenance of this issue.",Maintenance & Facilities
"the course section is still missing from the student record. Because of this error, I am unable to proceed with the next academic step. Please update the record according to the submitted documents.",Academic
I am facing an issue because my student card is being delayed because the counter staff keep asking me to return later. Kindly review the documents and process the request.,Administrative Offices
"the classroom projector is extremely slow during class hours. Other university websites are opening normally. Because the issue is still unresolved, it is now affecting my normal university work. Please investigate the error and update the service.",IT Services
"This is getting difficult, the makeup exam request is still missing from the student record.",Academic
the classroom ceiling needs urgent cleaning and maintenance. Kindly resolve the maintenance problem at the earliest.,Maintenance & Facilities
"I am facing an issue because the admission fee record is being delayed because the counter staff keep asking me to return later. Please verify the record with the accounts or registrar office. I have been trying to get this sorted out, but there has not been a clear resolution yet. Please correct the record and confirm the updated status.",Administrative Offices
the hostel cleaning schedule is not available at the stated time.,Hostel/Provost Office
I am having trouble because the classroom projector keeps disconnecting during use. I have already checked this more than once. I request technical support for this issue.,IT Services
"the prerequisite approval was uploaded late and now I cannot complete the next process. I need the corrected record for an upcoming academic requirement. Because the issue is still unresolved, it is now affecting my normal university work. Please verify the record and correct it.",Academic
the migration certificate needs correction in the administrative recrod. The delay is creating difficulty with my semester matters. Please resolve the issue without further unnecessary delay.,Administrative Offices
Please check why my financial aid application has not been approved even after verification. I have already checked this more than once. Please process the request and correct the record.,Administrative Offices
Please check why the LMS course page works for a few minutes and then goes offline. The IT team is requested to inspect and correct this.,IT Services
"I have a problem, there is a problem with the projector connection is showing outdated information. Other university websites are opening normally. I have been trying to get this sorted out, but there has not been a clear resolution yet. Please check the network or account configuration.",IT Services
"the assignment grade has not been shared with students. I already contacted the relevant teacher but the record is unchanged. Because the issue is still unresolved, it is now affecting my normal university work. I request the department to resolve this as soon as possible.",Academic
I am writing regarding the assignment grade was uploaded late and now I cannot complete the next process. I have already checked this more than once. Kindly review this issue and update the academic recoard.,Academic
"the registered credit hours is different from what appears on the departmental notice. Other students in the same class can see the correct information. Because the issue is still unresolved, it is now affecting my normal university work. Please recheck the entry and let me know once it is fixed.",Academic
I would like to complain that the hostel water supply requires inspection by hostel staff. Several residents on the floor are facing the same problem. Kindly have the warden or relevant staff check this issue.,Hostel/Provost Office
"Could you please look into this: the quiz score has an incorrect total after the latest update. becase of this error, Im unable to proceed with the next academic step. Kindly investigate the discrepancy and make the required correction.",Academic
I want to bring this issue to your attention: the classroom fan has not been repaired after an earlier complaint. I have already checked this more than once. Please inspect the area and take the necessary action.,Maintenance & Facilities
I am having trouble because my university email is extremely slow during class hours. I reported this earlier to the IT desk but it is still unresolved. Please resolve the technical problem before the deadline.,IT Services
"I would like to complain that the room ceiling fan was reported to the warden but no action has been taken. The issue needs attention before it becomes more serious. I have been trying to get this sorted out, but there has not been a clear resolution yet. Kindly inspect the issue and arrange the required solution.",Hostel/Provost Office
"plz help, the quiz score still shows the old information after correction.",Academic
I would like to complain that the classroom ceiling keeps stopping and starting. Students are facing this problem every day. I would be grateful if the responsible office could review the details instead of asking me to repeat the same process. The concerned staff are requested to repair this promptly.,Maintenance & Facilities
"I am facing an issue because the laundry area needs attention from the provost office. This is affecting normal hostel routine. I have been trying to get this sorted out, but there has not been a clear resolution yet. The concerned hostel staff are requested to take action.",Hostel/Provost Office
the viva schedule was marked absent although I attended the class. Please check the matter before it affects my semester further.,Academic
"I have a problem, the building staircase is not providing adequate service.",Maintenance & Facilities
"Please check why the corridor lights has exposed wiring that should be inspected. The issue becomes worse during afternoon classes. I have been trying to get this sorted out, but there has not been a clear resolution yet. I request urgent maintenance of this issue.",Maintenance & Facilities
There seems to be an issue with the LMS course page keeps disconnecting during use. I have already checked this more than once. Please restore access as soon as possible.,IT Services
I am facing an issue because the semester timetable was marked absent although I attended the class. I already contacted the relevant teacher but the record is unchanged. pleas verify the record and correct it.,Academic
I would like to complain that the duplicate stuent card request is not appearing in the official record. I have already checked this more than once. Kindly review the documents and process the request.,Administrative Offices
I would like to complain that my attendance record is still missing from the student record. I have already checked this more than once. Please verify the record and correct it.,Academic
"my fee challan needs correction in the administrative record. The counter staff asked me to check again later, but there is still no progress. Because the issue is still unresolved, it is now affecting my normal university work. Please correct the record and confirm the updated status.",Administrative Offices
course registration has been pending for several days.,Academic
"Sir please check, i want to bring this issue to your attention: the official certificate request is stuck between two administrative offices. I have already checked this more than once. Please check the application and provide an update.",Administrative Offices
"Please help, the lecture room lights is leaking and making the floor wet. The problem is now affecting more than one class. Please check the problem and restore the facility.",Maintenance & Facilities
"Can someone check why my CGPA was entered under the wrong course code. This issue is causing difficulty with my current semester planning. I have been trying to get this sorted out, but there has not been a clear resolution yet. Could the concerned office please confirm the correct status?",Academic
"This is getting difficult, i want to report that the washroom plumbing is producing a strong smell and needs maintenance. I have already checked this more than once. Please check the problem and restore the facility.",Maintenance & Facilities
the student portal is rejecting files that meet the stated requirements. Other university websites are opening normally. The IT team is requested to inspect and correct this.,IT Services
"I have a problem, i am having trouble because the fee refund request contains incorrect student information. The counter staff asked me to check again later, but there is still no progress. Please correct the record and confirm the updated status.",Administrative Offices
the hostel water supply needs attention from the provost office. I have already submitted a request at the hostel office. Please take action and update me about the complaint.,Hostel/Provost Office
"I have a problemm, the fee refund request was supposed to be completed earlier but remains unresolved. The delay is creating difficulty with my semester matters. The concerned office is requested to check and complete this matter.",Administrative Offices
"the LMS account is preventing me from accessing course material. This is affecting my ability to complete university work. Because the issue is still unresolved, it is now affecting my normal university work. Kindly ask IT support to resolve this problem.",IT Services
I am having trouble because the hostel security refund was submitted before the deadline but still shows pending. I need the document for another university process. I request verification and completion of the pending process.,Administrative Offices
"the building staircase is not providing adequate service. The facility is currently difficult to use safely. Because the issue is still unresolved, it is now affecting my normal university work. Please have this facility repaired or replaced.",Maintenance & Facilities
Please check why the hostel curfew entry is creating repeated arguments among residents. Please check the hostel record for my earlier complaint. I would be grateful if the responsible ofice could review the details instead of asking me to repeat the same process. Kindly have the warden or relevant staff check this issue.,Hostel/Provost Office
"Can u check this, i am writing regarding the thesis progress review does not include marks for work that I submitted. I have already checked this more than once. Please recheck the entry and let me know once it is fixed.",Academic
the fee correction application has been delayed beyond the stated processing time.,Administrative Offices
the university server shows an error whenever I try to submit work.,IT Services
the official certificate request has no status update despite repeated visits.,Administrative Offices
the lecture desk needs urgent cleaning and maintenance. I request urgent maintenance of this issue.,Maintenance & Facilities
"the fee correction application has no status update despite repeated visits. The counter staff asked me to check again later, but there is still no progress. Please resolve the issue without further unnecessary delay.",Administrative Offices
"Could you please look into this: the hostel washroom is creating repeated arguments among residents. The warden was informed but I have not received any update. I have been trying to get this sorted out, but there has not been a clear resolution yet. I request the Provost Office to look into this matter.",Hostel/Provost Office
Could you please look into this: the toilet flush has not been repaired after an earlier complaint. I have already checked this more than once. Kindly send the maintenance team to inspect and fix it.,Maintenance & Facilities
I want to bring this issue to your attention: my clearance form is stuck between two administrative offices. Please verify the record with the accounts or registrar ofice. Please ask the concerned administrative office to resolve this.,Administrative Offices
the duplicate student card request was supposed to be completed earlier but remains unresolved.,Administrative Offices
I want to report that my university email keeps disconnecting during use. I have already checked this more than once. The IT team is requested to inspect and correct this.,IT Services
I need help because the hostel security desk is affecting basic hostel facilities. Please take action and update me about the complaint.,Hostel/Provost Office
the common room is creating hygiene concerns for residents.,Hostel/Provost Office
my portal login has not been restored after an earlier complaint. Other university websites are opening normally. I request technical support for this issue.,IT Services
the classroom ceiling has been left unrepaired since last week.,Maintenance & Facilities
the makeup exam request was entered under the wrong course code. Other students in the same class can see the correct information. Please recheck the entry and let me know once it is fixed.,Academic
"Can u check this, my student card has not been approved even after verification. The delay is creating difficulty with my semester matters. Please check the application and provide an update.",Administrative Offices
the hostel security desk is not being handled according to the hostel procedure.,Hostel/Provost Office
the semester timetable was changed without any explanation.,Academic
Could you please look into this: the semester timetable was marked absent although I attended the class. The supporting document was submitted at the department office. I would be grateful if the responsible office could review the details instead of asking me to repeat the same process. Please check the matter before it affects my semester further.,Academic
my universty email doesnt accept my correct login details. Kindly check the network or account configuration.,IT Services
There seems to be an issue with the official certificate request was returned without explaining what is missing. I have already visited the concerned office more than once. I would be grateful if the responsible office could review the details instead of asking me to repeat the same process. I request verification and completion of the pending process.,Administrative Offices
I want to bring this issue to your attention: the room ceiling fan is creating an uncomfortable living situation. I have already checked this more than once. Please handle the matter according to hostel policy.,Hostel/Provost Office
"the hostel cleaning schedule is not being handled according to the hostel procedure. I informed the hostel staff earlier, but the issue continues. Because the issue is still unresolved, it is now affecting my normal university work. Please resolve this hostel-related problem soon.",Hostel/Provost Office
I am writing regarding the classroom fan has been left unrepaired since last week. Please send someone to inspect the location. Please inspect the area and take the necessary action.,Maintenance & Facilities
I am facing an issue because the admission document is causing difficulty with another university process. The application was submitted within the announced dates. Please process the request and correct the record.,Administrative Offices
Can someone check why the final exam result was marked absent although I attended the class. The supporting document was submitted at the department office. Kindly review this issue and update the academic record.,Academic
Could you pls look into this: my financial aid application shows an incorrect amount. Please process the request and correct the record.,Administrative Offices
the common room has become worse this week. Please ask the hostel administration to resolve it.,Hostel/Provost Office
"Hi, the exam date sheet is preventing me from completing registration. Other students in the same class can see the correct information. Please update the record according to the submitted documents.",Academic
my student card does not match the payment receipt. Please resolve the issue without further unnecessary delay.,Administrative Offices
I am writing regarding the hostel cleaning schedule has become worse this week. I have already checked this more than once. plz ask the hostel administration to resolve it.,Hostel/Provost Office
I would like to complain that the building staircase needs urgent cleaning and maintenance. Students are facing this problem every day. I would be grateful if the responsible office could review the details instead of asking me to repeat the same process. The concerned staff are requested to repair this promptly.,Maintenance & Facilities
Please check why the building staircase has been left unrepaired since last week. I have already checked this more than once. Kindly resolve the maintenance problemm at the earliest.,Maintenance & Facilities
I need help because my GPA calculation is different from what appears on the departmental notice. This issue is causing difficulty with my current semester planning. Please check the matter before it affects my semester further.,Academic
"Can u check this, i want to bring this issue to your attention: the student portal does not accept my correct login details. Please ask IT support to resolve this problem.",IT Services
the hostle washroom is creating an uncomfortable living situation. The condition has been causing inconvenience for several days. Kindly have the warden or relevant staff check this issue.,Hostel/Provost Office
"This is getting difficult, my financial aid application is stuck between two administrative offices. Please process the request and correct the record.",Administrative Offices
the viva schedule was marked absent although I attended the class. I would appreciate verification from the concerned academic office. Kindly review this issue and update the academic record.,Academic
the final exam result was entered under the wrong course code. Please verify the recrod and correct it.,Academic
"the washroom plumbing needs urgent cleaning and maintenance. The condition is affecting normal use of the area. Because the issue is still unresolved, it is now affecting my normal university work. pleas check the problem and restore the facility.",Maintenance & Facilities
I want to bring this issue to your attention: the registered credit hours contains an error that is affecting my semester record. Please check the matter before it affects my semester further.,Academic
"Im having trouble because the quiz score was entered under the wrong course code. Because of this error, I am unable to proceed with the next academic step. I have been trying to get this sorted out but there has not been a clear resolution yet. Kindly review this issue and update the academic record.",Academic
"the backup generator is causing difficulty for students during lectures. The issue becomes worse during afternoon classes. Because the issue is still unresolved, it is now affecting my normal university work. Please inspect the area and take the necessary action.",Maintenance & Facilities
Im having trouble because my university email is rejecting files that meet the stated requirements. I have already checked this more than once. pls check the account or system and fix the issue.,IT Services
the duplicate student card request is being delayed because the counter staff keep asking me to return later.,Administrative Offices
"the assignment grade was marked absent although I attended the class. Because of this error, I am unable to proceed with the next academic step. Could the concerned office please confirm the correct status?",Academic
"Can u check this, i need help because the LMS account works for a few minutes and then goes offline. This is affecting my ability to complete university work. I would be grateful if the responsible office could review the details instead of asking me to repeat the same process. Please restore access as soon as possible.",IT Services
"Hi, i am writing regarding my GPA calculation is creating a clash with another registered course. I have already checked this more than once. Please verify the record and correct it.",Academic
"This is getting difficult, can someone check why the air conditioner is not available when it is needed. I have already checked this more than once. Please check the problem and restore the facility.",Maintenance & Facilities
"the university server is showing outdated information. I already changed the password but the error remains. Because the issue is still unresolved, it is now affecting my normal university work. Kindly check the network or account configuration.",IT Services
"the hostel washroom has not been resolved after repeated reporting. I informed the hostel staff earlier, but the issue continues. Because the issue is still unresolved, it is now affecting my normal university work. Please resolve this hostel-related problem soon.",Hostel/Provost Office
I am having trouble because the lecture room lights has broken fittings. Please arrange repair as soon as possible.,Maintenance & Facilities
the hostel WiFi complaint record needs attention from the provost office. The problem is especially difficult during evening hours. Please resolve this hostel-related problem soon.,Hostel/Provost Office
"Sir please check, my portal login is preventing me from accessing course material. I already changed the password, but the error remains. Because the issue is still unresolved, it is now affecting my normal university work. Please resolve the technical problem before the deadline.",IT Services
Im writing regarding the hostel security desk was reported to the warden but no action has been taken. I would like the matter to be handled according to hostel rules. Kindly inspect the issue and arrange the required solution.,Hostel/Provost Office
"Please help, i am having trouble because my roommate issue has been pending with the hostel office. I informed the hostel staff earlier, but the issue continues. I have been trying to get this sorted out, but there has not been a clear resolution yet. The concerned hostel staff are requested to take action.",Hostel/Provost Office
I want to bring this issue to your attention: the washroom taps has been left unrepaired since last week. The concerned staff are requested to repair this promptly.,Maintenance & Facilities
I need help because the registered credit hours does not include marks for work that I submitted. I would appreciate verification from the concerned academic office. I would be grateful if the responsible office could review the details instead of asking me to repeat the same process. Could the concerned office please confirm the correct status?,Academic
I would like to complain that the washroom taps is causing difficulty for students during lectures. The problem is now affecting more than one class. I would be grateful if the responsible office could review the details instead of asking me to repeat the same process. Kindly send the maintenance team to inspect and fix it.,Maintenance & Facilities
the department printer has been unavailable since this morning. Other university websites are opening normally. Please investigate the error and update the service.,IT Services
There is a problem with the hosel security desk is creating repeated arguments among residents. I have already checked this more than once. Please take action and update me about the complaint.,Hostel/Provost Office
"the bonafide certificate does not match the payment receipt. I need the document for another university process. Because the issue is still unresolved, it is now affecting my normal university work. Please correct the record and confirm the updated status.",Administrative Offices
"I want to bring this issue to your attention: the official certificate request has not been approved even after verification. I need the document for another university process. I have been trying to get this sorted out, but there has not been a clear resolution yet. Please correct the record and confirm the updated status.",Administrative Offices
Please check why my financial aid applicaton has no status update despite repeated visits. I have already checked this more than once. Kindly review the documents and process the request.,Administrative Offices
"the washroom taps is creating an uncomfortable environment in the room. The area is frequently used by students and staff. Because the issue is still unresolved, it is now affecting my normal university work. Kindly send the maintenance team to inspect and fix it.",Maintenance & Facilities
I am having trouble because the LMS course page shows an error whenever I try to submit work. Please check whether there is an account or server-side problem. I would be grateful if the responsible office could review the details instead of asking me to repeat the same process. Please investigate the error and update the service.,IT Services
I want to report that the department printer is not connected to the campus network. Please check the account or system and fix the issue.,IT Services
I am writing regarding the duplicate student card request is not appearing in the official record. I would appreciate a clear status instead of being sent between offices. Please process the request and correct the record.,Administrative Offices
"the drinking water supply is damaged and unsafe to use. Students are facing this problemm every day. Because the issue is still unresolved, it is now affecting my normal university work. Please have this facility repaired or replaced.",Maintenance & Facilities
the student portal is not loading the required page. Kindly check the network or account configuration.,IT Services
"Could you please look into this: my scholarship application was supposed to be completed earlier but remains unresolved. The counter staff asked me to check again later, but there is still no progress. I have been trying to get this sorted out, but there has not been a clear resolution yet. Please process the request and correct the record.",Administrative Offices
pls check why the university WiFi has not been restored after an earlier complaint. I have already checked this more than once. Please restore access as soon as possible.,IT Services
"Can u check this, i am having trouble because the university server is rejecting files that meet the stated requirements. I have already checked this more than once. The IT team is requested to inspect and correct this.",IT Services
the document attestation request hasnt been issued yet. I have kept a copy of the submitted form and payment receipt. Please ask the concerned administrative office to resolve this.,Administrative Offices
I am facing an issue because the water cooler needs urgent cleaning and maintenance. I have already checked this more than once. Kindly send the maintenance team to inspect and fix it.,Maintenance & Facilities
the washroom plumbing is blocked and water is collecting around it. Kindly send the maintenance team to inspect and fix it.,Maintenance & Facilities
"Please help, there is a problem with the hostle washroom is creating an uncomfortable living situation. The warden was informed, but I have not received any update. Please take action and update me about the complaint.",Hostel/Provost Office
"the migration certificate contains incorrect student information. The delay is creating difficulty with my semester matters. Because the issue is still unresolved, it is now affecting my normal university work. Please process the request and correct the record.",Administrative Offices
the university WiFi shows an error whenever I try to submit work. I reported this earlier to the IT desk but it is still unresolved. The IT team is requested to inspect and correct this.,IT Services
the classroom windows has loose parts that may cause an accident.,Maintenance & Facilities
I am facing an issue because the migration certificate has not been forwarded to the concerned office. I have already visited the concerned office more than once. Kindly check the application and provide an update.,Administrative Offices
the classroom chairs is overflowing during busy hours.,Maintenance & Facilities
"my scholarship application has no status update despite repeated visits. The delay is creating difficulty with my semester matters. Because the issue is still unresolved, it is now affecting my normal university work. The concerned office is requested to check and complete this matter.",Administrative Offices
Could you please look into this: the registered credit hours is showing the wrong course information. I have already checked this more than once. Please verify the record and correct it.,Academic
my student card was returned without explaining what is missing.,Administrative Offices
"Hi, the washroom plumbing has been left unrepaired since last week.",Maintenance & Facilities
There seems to be an issue with the mess timing is not being handled according to the hostel procedure. This is affecting normal hostel routine. Kindly have the warden or relevant staff check this issue.,Hostel/Provost Office
There is a problem with my clearance form is being delayed because the counter staff keep asking me to return later. I have already visited the concerned office more than once. Please correct the record and confirm the updated status.,Administrative Offices
"Hi, i need help because the fee correction application was supposed to be completed earlier but remains unresolved. The counter staff asked me to check again later, but there is still no progress. I would be grateful if the responsible office could review the details instead of asking me to repeat the same process. Please resolve the issue without further unnecessary delay.",Administrative Offices
the electrical sockets is creating an uncomfortable environment in the room. The problem is now affecting more than one class. Please arrange repair as soon as possible.,Maintenance & Facilities
"Can u check this, i want to bring this issue to your attention: the hot water facility has not been updated in the hostel record. Please have the warden or relevant staff check this issue.",Hostel/Provost Office
the LMS account has been unavailable since this morning. I need access before the current submission deadline. Please resolve the technical problem before the deadline.,IT Services
the assignment grade has not been approved despite repeated follow-up. Please check the matter before it affects my semester further.,Academic
I am writing regarding the building staircase is damaged and unsafe to use. Students are facing this problem every day. I would be grateful if the responsible office could review the details instead of asking me to repeat the same process. Kindly resolve the maintenance problem at the earliest.,Maintenance & Facilities
"the result card has not been approved despite repeated follow-up. I already contacted the relevant teacher but the record is unchanged. Because the issue is still unresolved, it is now affecting my normal university work. Please update the record according to the submitted documents.",Academic
"Hi, the wter cooler is damaged and unsafe to use. The concerned staff are requested to repair this promptly.",Maintenance & Facilities
"This is getting difficult, the lecture room lights is causing difficulty for students during lectures.",Maintenance & Facilities
"Please help, i am writing regarding my degree verification request was supposed to be completed earlier but remains unresolved. I have kept a copy of the submitted form and payment receipt. I would be grateful if the responsible office could review the details instead of asking me to repeat the same process. Please process the request and correct the record.",Administrative Offices
"Im having trouble because the hostel room lock was reported to the warden but no action has been taken. Please check the hostel record for my earlier complaint. I have been trying to get this sorted out, but there has not been a clear resolution yet. Kindly have the warden or relevant staff check this issue.",Hostel/Provost Office
"Hi, the washroom taps has been out of order for several days. Please send someone to inspect the location. The concerned staff are requested to repair this promptly.",Maintenance & Facilities
I am having trouble because my student card is causing difficulty with another university process. I would appreciate a clear status instead of being sent between offices. I would be grateful if the responsible office could review the details instead of asking me to repeat the same process. Please process the request and correct the record.,Administrative Offices
I want to report that the makeup exam request does not include marks for work that I submitted. I have already checked this more than once. Could the concerned office please confirm the correct status?,Academic
"This is getting difficult, i want to bring this issue to your attention: the final exam result still shows the old information after correction. The supporting document was submitted at the department office. I would be grateful if the responsible office could review the details instead of asking me to repeat the same process. Please update the record according to the submitted documents.",Academic
the result card contains an error that is affecting my semester record. I submitted the required application before the deadline. I request the department to resolve this as soon as possible.,Academic
There is a problm with the hostel curfew entry has not been updated in the hostel record. The issue needs attention before it becomes more serious. Please handle the matter according to hostel policy.,Hostel/Provost Office
the admission fee record has not been processed even though the documents were submitted. This matter has remained unresolved for several wroking days. Please correct the record and confirm the updated status.,Administrative Offices
"the lab internet connection does not accept my correct login details. The issue occurs both in the lab and on my own device. Because the issue is still unresolved, it is now affecting my normal university work. Please restore access as soon as possible.",IT Services
"the mess timing has not been updated in the hostel record. The warden was informed, but I have not received any update. I request the Provost Office to look into this matter.",Hostel/Provost Office
There seems to be an issue with the final exam result was uploaded late and now I cannot complete the next process. I submitted the required aplication before the deadline. I request the department to resolve this as soon as possible.,Academic
the university WiFi is rejecting files that meet the stated requirements. Kindly ask IT support to resolve this problem.,IT Services
the thesis progress review is still missing from the student record. I submitted the required application before the deadline. Could the concerned office please confirm the correct status?,Academic
I want to report that my university email is showing outdated information. I have already checked this more than once. Please check the account or system and fix the issue.,IT Services
"Can u check this, the hostel curfew entry has not been resolved after repeated reporting. The warden was informed, but I have not received any update. The concerned hostel staff are requested to take action.",Hostel/Provost Office
"Sir please check, i am writing regarding the washroom plumbing has broken fittings. I have already checked this more than once. Please check the problem and restore the facility.",Maintenance & Facilities
"I have a problem, i am facing an issue because the room ceiling fan was handled differently from the stated hostel rules. The issue needs attention before it becomes more serious. The concerned hostel staff are requested to take action.",Hostel/Provost Office
the laundry area is causing problems for residents every day.,Hostel/Provost Office
Please check why the LMS account keeps disconnecting during use. Please check whether there is an account or server-side problem. Please check the account or system and fix the issue.,IT Services
the official certificate request needs correction in the administrative record. The concerned office is requested to check and complete this matter.,Administrative Offices
"the university server is preventing me from accessing course material. Please check whether there is an account or server-side problem. Because the issue is still unresolved, it is now affecting my normal university work. Kindly ask IT support to resolve this problem.",IT Services
"This is getting difficult, the result card was marked absent although I attended the class. Because of this error, Im unable to proceed with the next academic step. Please investigate the discrepancy and make the required correction.",Academic
I am writing regarding the makeup exam request has an incorrect total after the latest update. I submitted the required application before the deadline. Could the concerned office please confirm the correct status?,Academic
the viva schedule is still missing from the student record. I would appreciate verification from the concerned academic office. I request the department to resolve this as soon as possible.,Academic
There seems to be an issue with the hostel washroom is causing unnecessary difficulty at night. Please check the hostel record for my earlier complaint. Please take action and update me about the complaint.,Hostel/Provost Office
I would like to complain that the drinking water supply keeps stopping and starting. I have already checked this more than once. The concerned staff are requested to repair this promptly.,Maintenance & Facilities
I want to bring this issue to your attention: the scholarship payment needs correction in the administrative record. Kindly check the application and provide an update.,Administrative Offices
I want to report that the washroom plumbing has exposed wiring that should be inspected. The problem is now affecting more than one class. Please arrange repair as soon as possible.,Maintenance & Facilities
"Can someone check why the hostle washroom is causing problems for residents every day. I informed the hostel staff earlier, but the issue continues. I have been trying to get this sorted out, but there has not been a clear resolution yet. Please resolve this hostel-related problem soon.",Hostel/Provost Office
"Sir plz check, there seems to be an issue with the water cooler has broken fittings. Students are facing this problem every day. Please have this facility repaired or replaced.",Maintenance & Facilities
the official certificate request was supposed to be completed earlier but remains unresolved. The concerned office is requested to check and complete this matter.,Administrative Offices
my fee challan has no status update despite repeated visits. The application was submitted within the announced dates. The concerned office is requested to check and complete this matter.,Administrative Offices
Please check why the LMS course page is rejecting files that meet the stated requirements. The issue occurs both in the lab and on my own device. I request technical support for this issue.,IT Services
"This is getting difficult, the computer lab software keeps disconnecting during use.",IT Services
Could you please look into this: the air conditioner is not available when it is needed. It would be better to repair it before the damage increases. I would be grateful if the responsible office could review the details instead of asking me to repeat the same process. Kindly send the maintenance team to inspect and fix it.,Maintenance & Facilities
I am facing an issue because the drinking water supply is in poor condition and needs replacement. The issue becomes worse during afternoon classes. I would be grateful if the responsible office could review the details instead of asking me to repeat the same process. Please inspect the area and take the necessary action.,Maintenance & Facilities
I am writing regarding the hot water facility is not being handled according to the hostel procedure. I have already checked this more than once. The concerned hostel staff are requested to take action.,Hostel/Provost Office
I want to report that the washroom plumbing has broken fittings. Students are facing this problem every day. pls have this facility repaired or replaced.,Maintenance & Facilities
Can someone check why the computer lab software has not been restored after an earlier complant. I have already checked this more than once. I request technical support for this issue.,IT Services
the classroom projector is not detecting the connected device. The IT team is requested to inspect and correct this.,IT Services
"the parking area is not available when it is needed. The problem is now affecting more than one class. becase the issue is still unresolved, it is now affecting my normal university work. Please inspect the area and take the necessary action.",Maintenance & Facilities
I would like to complain that the hostel WiFi complaint record was reported to the warden but no action has been taken. The warden was informed but I have not received any update. I would be grateful if the responsible office could review the details instead of asking me to repeat the same process. Kindly inspect the issue and arrange the required solution.,Hostel/Provost Office
the student portal shows an error whenever I try to submit work. I request technical support for this issue.,IT Services
Please check why my CGPA was changed without any explanation. I have already checked this more than once. Please verify the record and correct it.,Academic
the migration certificate has been pending without any clear update. Please verify the record with the accounts or registrar office. Please correct the record and confirm the updated status.,Administrative Offices
Could you please look into this: the prerequisite approval is still missing from the student record. The supporting document was submitted at the department office. Please check the matter before it affects my semester further.,Academic
Im writing regarding the biometric attendence machine does not recognize my account. I have already checked this more than once. Kindly ask IT support to resolve this problem.,IT Services
I would like to complain that my fee challan has no status update despite repeated visits. I have already visited the concerned offce more than once. The concerned office is requested to check and complete this matter.,Administrative Offices
"Can u check this, i need help because the hostel water supply has been pending with the hostel office. Several residents on the floor are facing the same problem. The concerned hostel staff are requested to take action.",Hostel/Provost Office
"Hi, please check why the scholarship payment has no status update despite repeated visits. Please verify the record with the accounts or registrar office. I would be grateful if the responsible office could review the details instead of asking me to repeat the same process. Please check the application and provide an update.",Administrative Offices
course registration was marked absent although I attended the class.,Academic
my CGPA shows a value that does not match the marks announced in class. I submitted the required application before the deadline. Please recheck the entry and let me know once it is fixed.,Academic
"This is getting difficult, there seems to be an issue with the hostel room lock has become worse this week. This is affecting normal hostel routine. Please resolve this hostel-related problem soon.",Hostel/Provost Office
I need help because the semester timetable has been pending for several days. I have already checked this more than once. Could the concerned office please confirm the correct status?,Academic
I am having trouble because the accounts office receipt contains incorrect student information. I have already checked this more than once. I request verification and completion of the pending process.,Administrative Offices
the assignment grade was not accepted even though I met the deadline. Kindly investigate the discrepancy and make the required correction.,Academic
I need help because the thesis progress review was not accepted even though I met the deadline. I have already checked this more than once. Please update the record according to the submitted documents.,Academic
"Can u check this, the lecture desk is creating an uncomfortable environment in the room.",Maintenance & Facilities
the biometric attendance machine has stopped working after the latest update.,IT Services
I am having trouble because the building staircase has not been repaired after an earlier complaint. The issue becomes worse during afternoon classes. Kindly resolve the maintenance problem at the earliest.,Maintenance & Facilities
I would like to complain that the quiz score has an incorrect total after the latest update. I already contacted the relevant teacher but the record is unchanged. I request the department to resolve this as soon as possible.,Academic
I want to bring this issue to your attention: the assignment grade shows a value that does not match the marks announced in class. I have already checked this more than once. Could the concerned office please confirm the correct status?,Academic
Please check why the network connection shows an error whenever I try to submit work. I have already checked this more than once. Please restore access as soon as possible.,IT Services
"This is getting difficult, could you please look into this: the viva schedule still shows the old information after correction. Because of this error, I am unable to proceed with the next academic step. I have been trying to get this sorted out, but there has not been a clear resolution yet. Please review this issue and update the academic record.",Academic
I want to bring this issue to your attention: the room ceiling fan has become worse this week. Please ask the hostel administration to resolve it.,Hostel/Provost Office
the mess food is not available at the stated time. The concerned hostel staff are requested to take action.,Hostel/Provost Office
the water cooler is not providing adequate service. It would be better to repair it before the damage increases. Kindly resolve the maintenance problem at the earliest.,Maintenance & Facilities
"There is a problem with the course section is different from what appears on the departmental notice. The deparment office asked me to wait, but there has been no update. I have been trying to get this sorted out, but there has not been a clear resolution yet. Please update the record according to the submitted documents.",Academic
"the classroom ceiling has exposed wiring that should be inspected. The issue becomes worse during afternoon classes. Because the issue is still unresolved, it is now affecting my normal university work. Kindly resolve the maintenance problem at the earliest.",Maintenance & Facilities
"Can someone check why the department elevator is not providing adequate service. The area is frequently used by students and staff. I have been trying to get this sorted out, but there hasnt been a clear resolution yet. Please check the problem and restore the facility.",Maintenance & Facilities
"I want to report that my university email works for a few minutes and then goes offline. This is affecting my ability to complete university work. I have been trying to get this sorted out, but there hasnt been a clear resolution yet. I request technical support for this issue.",IT Services
the scholarship payment has not been forwarded to the concerned ofice. I request verification and completion of the pending process.,Administrative Offices
my roommate issue is creating hygiene concerns for residents. The problem is especially difficult during evening hours. Please ask the hostel administration to resolve it.,Hostel/Provost Office
"the scholarship payment has been pending without any clear update. Please verify the record with the accounts or registrar office. Because the issue is still unresolved, it is now affecting my normal university work. Kindly check the application and provide an update.",Administrative Offices
I am writing regarding the bonafide certificate needs correction in the administrative record. I would appreciate a clear status instead of being sent between offices. Kindly review the documents and process the request.,Administrative Offices
the universirty server fails before the process is completed. Restarting the device did not solve the issue. Please resolve the technical problem before the deadline.,IT Services
"Please help, there is a problem with the laboratory ventilation has broken fittings. It would be better to repair it before the damage increases. I have been trying to get this sorted out, but there has not been a clear resolution yet. Please check the problem and restore the facility.",Maintenance & Facilities
"Can u check this, i am facing an issue because the air conditioner is not providing adequate service. The facility is currently difficult to use safely. I have been trying to get this sorted out, but there has not been a clear resolution yet. Please resolve the maintenance problem at the earliest.",Maintenance & Facilities
"Hi, the email verification link is not detecting the connected device. The problem started recently and has continued since then. Please resolve the technical problem before the deadline.",IT Services
"the university WiFi works for a few minutes and then goes offline. The problem started recently and has continued since then. Because the issue is still unresolved, it is now affecting my normal university work. pleas resolve the technical problem before the deadline.",IT Services
"Please help, the network connection has been unavailable since this morning.",IT Services
Can someone check why the result card has not been approved despite repeated follow-up. I have already checked this more than once. Please verify the recoard and correct it.,Academic
"I am facing an issue becuase the drinking water supply keeps stopping and starting. A maintenance complaint was already reported, but the problem remains. I request urgent maintenance of this issue.",Maintenance & Facilities
the email verification link has not been restored after an earlier complaint. Please resolve the technical problem before the deadline.,IT Services
Please check why the lecture desk is not providing adequate service. I have already checked this more than once. Please have this facility repaired or replaced.,Maintenance & Facilities
"I am writing regarding my clearance form was supposed to be completed earlier but remains unresolved. The counter staff asked me to check again later but there is still no progress. I have been trying to get this sorted out, but there has not been a clear resolution yet. pls resolve the issue without further unnecessary delay.",Administrative Offices
"Hi, i am writing regarding the semester timetable is still missing from the student recrod. I submitted the required application before the deadline. Please check the matter before it affects my semester further.",Academic
Could you please look into this: the lecture room lights is creating an uncomfortable environment in the room. I have already checked this more than once. The concerned staff are requested to repair this promptly.,Maintenance & Facilities
"Hi, there seems to be an issue with the university WiFi keeps disconnecting during use. Other university websites are opening normally. The IT team is requested to inspect and correct this.",IT Services
the department printer shows a server error repeatedly.,IT Services
the toilet flush is blocked and water is collecting around it.,Maintenance & Facilities
Please check why the migration certificate was submitted before the deadline but still shows pending. The required documents and receipt were submitted. I would be grateful if the responsible office could review the details instead of asking me to repeat the same process. Kindly review the documents and process the request.,Administrative Offices
the building staircase has been left unrepaired since last week. The facility is currently difficult to use safely. Kindly resolve the maintenance problm at the earliest.,Maintenance & Facilities
the common room is creating repeated arguments among residents.,Hostel/Provost Office
the assignment grade does not reflect the form I submitted on time. I submitted the required application before the deadline. I request the department to resolve this as soon as possible.,Academic
"Can u check this, i need help because the classroom ceiling has loose parts that may cause an accident. The area is frequently used by students and staff. Please inspect the area and take the necessary action.",Maintenance & Facilities
the room ceiling fan has not been repaired despite an earlier request. I informed the hostel staff earlier but the issue continues. Please ask the hostel administration to resolve it.,Hostel/Provost Office
"I would like to complain that the washroom taps is creating an uncomfortable environment in the room. The area is frequently used by students and staff. I have been trying to get this sorted out, but there has not been a clear resolution yet. Please check the problem and restore the facility.",Maintenance & Facilities
"Could you please look into this: the university server works for a few minutes and then goes offline. Restarting the device did not solve the issue. I have been trying to get this sorted out, but there has not been a clear resolution yet. Please restore access as soon as possible.",IT Services
course registration has been pending for several days. I need the corrected record for an upcoming academic requirement. I request the department to resolve this as soon as possible.,Academic
the university WiFi keeps disconnecting during use. Please resolve the technical problem before the deadline.,IT Services
I would like to complain that the lecture desk is damaged and unsafe to use. The problem is now affecting more than one class. Kindly resolve the maintenance problem at the earliest.,Maintenance & Facilities
"my clearance form contains incorrect student information. The counter staff asked me to check again later, but there is still no progress. Kindly review the documents and process the request.",Administrative Offices
the department printer has not been restored after an earlier complaint. Please check the account or system and fix the issue.,IT Services
I would like to complain that my CGPA was entered under the wrong course code. I have already checked this more than once. Kindly investigate the discrepancy and make the required correction.,Academic
I want to report that the parking area is causing difficulty for students during lectures. Kindly resolve the maintenance problem at the earliest.,Maintenance & Facilities
"Can someone check why the air conditioner is not providing adequate service. A maintenance complaint was already reported, but the problem remains. I would be grateful if the responsible office could review the details instead of asking me to repeat the same process. Kindly send the maintenance team to inspect and fix it.",Maintenance & Facilities
the hostel water supply is still unresolved after several days. Several residents on the floor are facing the same problem. Kindly have the warden or relevant staff check this issue.,Hostel/Provost Office
"Hi, i want to report that the final exam result has an incorrect total after the latest update. This issue is causing difficulty with my current semester planning. I would be grateful if the responsible office could review the details instead of asking me to repeat the same process. Please investigate the discrepancy and make the required correction.",Academic
"Sir please check, i would like to complain that course registration has not been updated even though the instructor confirmed the correction. I have already checked this more than once. Please investigate the discrepancy and make the required correction.",Academic
my degree verification request was supposed to be completed earlier but remains unresolved. I have already visited the concerned office more than once. Please resolve the issue without further unnecessary delay.,Administrative Offices
"Please help, the hostel WiFi complaint record is still unresolved after several days. The problem is especially difficult during evening hours. Because the issue is still unresolved, it is now affecting my normal university work. Please ask the hostel administration to resolve it.",Hostel/Provost Office
Can someone check why the admission document was supposed to be completed earlier but remains unresolved. I need the document for another university process. Kindly review the documents and process the request.,Administrative Offices
"This is getting difficult, my student card was marked incomplete although all listed documents were attached. The delay is creating difficulty with my semester matters. becuase the issue is still unresolved, it is now affecting my normal university work. Please review the documents and process the request.",Administrative Offices
Please check why the hostel gate procedure requires inspection by hostel staff. The issue needs attention before it becomes more serious. Please handle the matter according to hostel policy.,Hostel/Provost Office
"Please help, my GPA calculation is creating a clash with another registered course. I submitted the required application before the deadline. Please recheck the entry and let me know once it is fixed.",Academic
"I would like to complain that the classroom projector is rejecting files that meet the stated requirements. The issue occurs both in the lab and on my own device. I have been trying to get this sorted out, but there hasnt been a clear resolution yet. The IT team is requested to inspect and correct this.",IT Services
Can someone check why the network connection has been unavailable since this morning. Other university websites are opening normally. Please resolve the technical problm before the deadline.,IT Services
the network connection shows a server error repeatedly.,IT Services
"Can u check this, my CGPA has an incorrect total after the latest update. Please recheck the entry and let me know once it is fixed.",Academic
Please check why the hostel water supply is making it difficult to stay in the room. I have already checked this more than once. Please take action and update me about the complaint.,Hostel/Provost Office
"I am facing an issue because my financial aid applicaton was marked incomplete although all listed documents were attached. I have already visited the concerned office more than once. I have been trying to get this sorted out, but there hasnt been a clear resolution yet. I request verification and completion of the pending process.",Administrative Offices
I would like to complain that my roommate issue is creating an uncomfortable living situation. This is affecting normal hostel routine. I would be grateful if the responsible ofice could review the details instead of asking me to repeat the same process. Kindly inspect the issue and arrange the required solution.,Hostel/Provost Office
the final exam result is different from what appears on the departmental notice. I need the corrected record for an upcoming academic requirement. Please verify the record and correct it.,Academic
"Hi, the thesis progress review has an incorrect total after the latest update. I already contacted the relevant teacher but the record is unchanged. Because the issue is still unresolved, it is now affecting my normal university work. Please review this issue and update the academic record.",Academic
Can someone check why the lab internet connection is not connected to the campus network. I have already checked this more than once. Please restore access as soon as possible.,IT Services
the accounts office receipt is causing difficulty with another university process. This matter has remained unresolved for several working days. Please correct the record and confirm the updated status.,Administrative Offices
the hostel security refund was returned without explaining what is missing. This matter has remained unresolved for several working days. The concerned office is requested to check and complete this matter.,Administrative Offices
"There is a problem with the final exam result has not been approved despite repeated follow-up. The department ofice asked me to wait, but there has been no update. I have been trying to get this sorted out, but there has not been a clear resolution yet. Kindly investigate the discrepancy and make the required correction.",Academic
the projector connection is extremely slow during class hours.,IT Services
"the room change request requires inspection by hostel staff. Please check the hostel record for my earlier complaint. Because the issue is still unresolved, it is now affecting my normal university work. Kindly inspect the issue and arrange the required solution.",Hostel/Provost Office
the laundry area is not available at the stated time.,Hostel/Provost Office
I need help becuase the LMS account fails before the process is completed. The IT team is requested to inspect and correct this.,IT Services
"Can u check this, i am having trouble because the exam date sheet was entered under the wrong course code. The department office asked me to wait, but there has been no update. can the office confirm the correct status?",Academic
Could you please look into this: the bonafide certificate was marked incomplete although all listed documents were attached. I have already checked this more than once. I request verification and completion of the pending process.,Administrative Offices
"This is getting difficult, the lab internet connection works for a few minutes and then goes offline.",IT Services
"the quiz score is different from what appears on the departmental notice. I need the corrected record for an upcoming academic requirement. Because the issue is still unresolved, it is now affecting my normal university work. I request the department to resolve this as soon as possible.",Academic
the classroom chairs is causing difficulty for students during lectures. Please check the problem and restore the facility.,Maintenance & Facilities
"Could you please look into this: my portal login is not responding at all. This is affecting my ability to complete university work. I have been trying to get this sorted out, but there has not been a clear resolution yet. I request technical support for this issue.",IT Services
I am having trouble because the room change request requires inspection by hostel staff. I have already checked this more than once. The concerned hostel staff are requested to take action.,Hostel/Provost Office
There seems to be an issue with my attendance record is still missing from the student record. I have already checked this more than once. Kindly investigate the discrepancy and make the required correction.,Academic
"I want to bring this issue to your attention: the hostel WiFi complaint record needs attention from the provost office. The condition has been causing inconvenience for several days. I have been trying to get this sorted out, but there has not been a clear resolution yet. Kindly have the warden or relevant staff check this issue.",Hostel/Provost Office
"Please help, i need help because the password reset service shows a server error repeatedly. Please check the account or system and fix the issue.",IT Services
"This is getting difficult, i am facing an issue because the hostel corridor lights has been pending with the hostel office. The issue needs attention before it becomes more serious. Please ask the hostel administration to resolve it.",Hostel/Provost Office
I am having trouble because the corridor lights is causing difficulty for students during lectures. I have already checked this more than once. Kindly resolve the maintenance problem at the earliest.,Maintenance & Facilities
"Please help, i am having trouble because the department printer is not connected to the campus network. I have already checked this more than once. Please restore access as soon as possible.",IT Services
my degree verification request has been delayed beyond the stated processing time.,Administrative Offices
my attendance record has not been approved despite repeated follow-up. This issue is causing difficulty with my current semester planning. Kindly review this issue and update the academic record.,Academic
the laundry area has not been resolved after repeated reporting. Please resolve this hostel-related problem soon.,Hostel/Provost Office
Could you please look into this: my university email is not detecting the connected device. I tried from more than one device and the problem is the same. Please investigate the error and update the service.,IT Services
"Hi, could you please look into this: the mess food hasnt been resolved after repeated reporting. Please take action and update me about the complaint.",Hostel/Provost Office
I am facing an issue because the washroom taps is not working properly during class hours. The condition is affecting normal use of the area. Kindly send the maintenance team to inspect and fix it.,Maintenance & Facilities
"I am facing an issue because the lab internet connection is not detecting the connected device. Please check whether there is an account or server-side problem. I have been trying to get this sorted out, but there has not been a clear resolution yet. Kindly check the network or account configuration.",IT Services
I am writing regarding my GPA calculation was marked absent although I attended the class. Please update the record according to the submitted documents.,Academic
the washroom taps needs urgent cleaning and maintenance. The condition is affecting normal use of the area. The concerned staff are requested to repair this promptly.,Maintenance & Facilities
"the university server is not responding at all. Restarting the device did not solve the issue. Because the issue is still unresolved, it is now affecting my normal university work. Please investigate the error and update the service.",IT Services
the registered credit hours has an incorrect total after the latest update. This issue is causing difficulty with my current semester planning. Could the concerned office please confirm the correct status?,Academic
"Sir please check, there is a problemm with my fee challan has been delayed beyond the stated processing time. The counter staff asked me to check again later, but there is still no progress. Please ask the concerned administrative office to resolve this.",Administrative Offices
I need help because the fee correction application has not been approved even after verification. The application was submitted within the announced dates. Please ask the concerned administrative office to resolve this.,Administrative Offices
"Hi, the hosel cleaning schedule is creating an uncomfortable living situation. I informed the hostel staff earlier but the issue continues. Please handle the matter according to hostel policy.",Hostel/Provost Office
the common room is making it difficult to stay in the room.,Hostel/Provost Office
I would like to complain that the parking area has broken fittings. I have already checked this more than once. Kindly send the maintenance team to inspect and fix it.,Maintenance & Facilities
the admission document is causing difficulty with another university process. The application was submitted within the announced dates. Please ask the concerned administrative office to resolve this.,Administrative Offices
I need help becase the email verification link is not responding at all. Kindly check the network or account configuration.,IT Services
"Can u check this, the biometric attendance machine has not been restored after an earlier complaint.",IT Services
the course section has been pending for several days. Other students in the same class can see the correct information. Kindly investigate the discrepancy and make the required correction.,Academic
"I want to bring this issue to your attention: the registrar application has been delayed beyond the stated processing time. The counter staff asked me to check again later, but there is still no progress. Kindly review the documents and process the request.",Administrative Offices
"Hi, the hostel security desk has been pending with the hostel office. Several residents on the floor are facing the same problem. The concerned hostel staff are requested to take action.",Hostel/Provost Office
I want to report that the course section hasnt been approved despite repeated follow-up. I have already checked this more than once. Please update the record according to the submitted documents.,Academic
There is a problm with the lab computer is not connected to the campus network. I need access before the current submission deadline. Kindly ask IT support to resolve this problem.,IT Services
Could you please look into this: the course section has not been approved despite repeated follow-up. This issue is causing difficulty with my current semester planning. Please recheck the entry and let me know once it is fixed.,Academic
I want to bring this issue to your attention: my degree verification request was submitted before the deadline but still shows pending. I have already checked this more than once. Kindly review the documents and process the request.,Administrative Offices
"Please help, there seems to be an issue with the drinking wter supply has been out of order for several days. I have already checked this more than once. I request urgent maintenance of this issue.",Maintenance & Facilities
I need help because the admission document was entered under the wrong category. I have already visited the concerned office more than once. Please process the request and correct the record.,Administrative Offices
"Hi, the hostel security desk is causing unnecessary difficulty at night. The issue needs attention before it becomes more serious. Please handle the matter according to hostel policy.",Hostel/Provost Office
the fee refund request has not been approved even after verification. The delay is creating difficulty with my semester matters. I request verification and completion of the pending process.,Administrative Offices
the hostel washroom is affecting basic hostel facilities. Several residents on the floor are facing the same problem. I request the Provost Office to look into this matter.,Hostel/Provost Office
I need help because the exam date sheet shows a value that does not match the marks announced in class. I need the corrected record for an upcoming academic requirement. Please recheck the entry and let me know once it is fixed.,Academic
"Sir please check, the quiz score is different from what appears on the departmental notice. I submitted the required application before the deadline. Please recheck the entry and let me know once it is fixed.",Academic
"Please help, i want to bring this issue to your attention: the electrical sockets is leaking and making the floor wet. I have already checked this more than once. Please have this facility repaired or replaced.",Maintenance & Facilities
Can someone check why the LMS account keeps disconnecting during use. I need access before the current submission deadline. Kindly check the network or account configuration.,IT Services
"Could you please look into this: the university server is not syncing with my student account. The problem started recently and has continued since then. I have been trying to get this sorted out, but there has not been a clear resolution yet. Kindly check the network or account configuration.",IT Services
the toilet flush is producing a strong smell and needs maintenance.,Maintenance & Facilities
"Hi, i am writing regarding the university server does not recognize my account. I have already checked this more than once. Please check the network or account configuration.",IT Services
"the building staircase has loose parts that may cause an accident. A maintenance complaint was already reported, but the problem remains. Because the issue is still unresolved, it is now affecting my normal university work. Please arrange repair as soon as possible.",Maintenance & Facilities
Im facing an issue because my university email is not responding at all. I have already checked this more than once. Please restore access as soon as possible.,IT Services
"the room cleanliness is creating repeated arguments among residents. The warden was informed, but I have not received any update. Because the issue is still unresolved, it is now affecting my normal university work. The concerned hostel staff are requested to take action.",Hostel/Provost Office
I need help because the hostel WiFi complaint record is making it difficult to stay in the room. I have already checked this more than once. Kindly inspect the issue and arrange the required solution.,Hostel/Provost Office
Can someone check why my midterm marks has been pending for several days. I already contacted the relevant teacher but the record is unchanged. Please update the record according to the submitted documents.,Academic
"the hostel WiFi complaint record has been pending with the hostel office. The issue needs attention before it becomes more serious. Because the issue is still unresolved, it is now affecting my normal university work. Kindly inspect the issue and arrange the required solution.",Hostel/Provost Office
"plz check why the admission document contains incorrect student information. Please verify the record with the accounts or registrar office. I have been trying to get this sorted out, but there has not been a clear resolution yet. Please correct the record and confirm the updated status.",Administrative Offices
"my hostle room allocation needs attention from the provost office. Please check the hostel record for my earlier complaint. Because the issue is still unresolved, it is now affecting my normal university work. Please take action and update me about the complaint.",Hostel/Provost Office
"I want to bring this issue to your attention: the hostel curfew entry was handled differently from the stated hostel rules. I would like the matter to be handled according to hostel rules. I have been trying to get this sorted out, but there has not been a clear resolution yet. Please handle the matter according to hostel policy.",Hostel/Provost Office
"the lab internet connection is rejecting files that meet the stated requirements. I reported this earlier to the IT desk but it is still unresolved. Because the issue is still unresolved, it is now affecting my normal university work. The IT team is requested to inspect and correct this.",IT Services
There seems to be an issue with the document attestation request needs correction in the administrative record. I have already checked this more than once. Please process the request and correct the record.,Administrative Offices
the building staircase is not working properly during class hours. Kindly resolve the maintenance problem at the earliest.,Maintenance & Facilities
I want to bring this issue to your attention: my scholarship application is stuck between two administrative offices. The delay is creating difficulty with my semester matters. I request verification and completion of the pending process.,Administrative Offices
"the common room is not being handled according to the hostel procedure. The warden was informed, but I have not received any update. Please ask the hostel administration to resolve it.",Hostel/Provost Office
There is a problem with the university WiFi has stopped working after the latest update. The IT team is requested to inspect and correct this.,IT Services
the hostel cleaning schedule is creating hygiene concerns for residents. Several residents on the floor are facing the same problem. Please take action and update me about the complaint.,Hostel/Provost Office
the hostel room lock has become worse this week.,Hostel/Provost Office
"Please check why the classroom projector has been unavailable since this morning. I already changed the password, but the error remains. Kindly check the network or account configuration.",IT Services
"I am facing an issue because the email verification link is extremely slow during class hours. I already changed the password but the error remains. I have been trying to get this sorted out, but there has not been a clear resolution yet. Please restore access as soon as possible.",IT Services
I am facing an issue because the common room has not been repaired despite an earlier request. The problem is especially difficult during evening hours. Kindly inspect the issue and arrange the required solution.,Hostel/Provost Office
I am writing regarding the classroom ceiling keeps stopping and starting. Please send someone to inspect the location. I would be grateful if the responsible office could review the details instead of asking me to repeat the same process. Please inspect the area and take the necessary action.,Maintenance & Facilities
"Please check why the washroom plumbing has been left unrepaired since last week. This is especially difficult when the room is full. I have been trying to get this sorted out, but there has not been a clear resolution yet. Please have this facility repaired or replaced.",Maintenance & Facilities
"Hi, the bonafide certificate is causing difficulty with another university process. Please correct the record and confirm the updated status.",Administrative Offices
"Can u check this, please check why the lab internet connection is not loading the required page. Please check the network or account configuration.",IT Services
the parking area needs urgent cleaning and maintenance.,Maintenance & Facilities
I want to bring this issue to your attention: the classroom ceiling is blocked and water is collecting around it. The problem is now affecting more than one class. I would be grateful if the responsible office could review the details instead of asking me to repeat the same process. Kindly send the maintenance team to inspect and fix it.,Maintenance & Facilities
the university server is not connected to the campus network. Kindly ask IT support to resolve this problemm.,IT Services
Can someone check why the semester timetable still shows the old information after correction. I have already checked this more than once. Kindly investigate the discrepancy and make the required correction.,Academic
"There is a problem with the corridor lights is in poor condition and needs replacement. The condition is affecting normal use of the area. I have been trying to get this sorted out, but there has not been a clear resolution yet. Please have this facility repaired or replaced.",Maintenance & Facilities
I am having trouble because the lecture desk is not working properly during class hours. I have already checked this more than once. Please inspect the area and take the necessary action.,Maintenance & Facilities
Could you please look into this: my hostel room allocation is creating hygiene concerns for residents. Please ask the hostel administration to resolve it.,Hostel/Provost Office
"Please help, the department elevator keeps stopping and starting.",Maintenance & Facilities
the quiz score is showing the wrong course information. I already contacted the relevant teacher but the record is unchanged. Please check the matter before it affects my semester further.,Academic
the bonafide certificate has no status update despite repeated visits. Kindly check the application and provide an update.,Administrative Offices
"the practical mraks is preventing me from completing registration. The department office asked me to wait, but there has been no update. Kindly investigate the discrepancy and make the required correction.",Academic
I am writing regarding the fee correction application is not appearing in the official record. Please verify the record with the accounts or registrar office. Kindly check the application and provide an update.,Administrative Offices
There is a problem with the washroom taps needs urgent cleaning and maintenance. I have already checked this more than once. Please inspect the area and take the necessary action.,Maintenance & Facilities
"pls help, the network connection shows an error whenever I try to submit work.",IT Services
I am writing regarding the lab internet connection has been unavailable since this morning. The issue occurs both in the lab and on my own device. Kindly ask IT support to resolve this problem.,IT Services
I am having trouble because the LMS account is preventing me from accessing course material. I have already checked this more than once. Please resolve the technical problem before the deadline.,IT Services
the fee correction application contains incorrect student information.,Administrative Offices
"I am having trouble because the LMS course page keeps disconnecting during use. I already changed the password, but the error remains. Please restore access as soon as possible.",IT Services
Can someone check why the official certificate request has not been forwarded to the concerned ofice. I have already visited the concerned office more than once. Kindly review the documents and process the request.,Administrative Offices
I am having trouble becase the email verification link has stopped working after the latest update. This is affecting my ability to complete university work. Please check the account or system and fix the issue.,IT Services
the email verification link is showing outdated information. The issue occurs both in the lab and on my own device. I request technical support for this issue.,IT Services
my portal login doesnt send the verification message. I need access before the current submission deadline. Please check the account or system and fix the issue.,IT Services
I am facing an issue because the campus network does not send the verification message. I need access before the current submission deadline. I would be grateful if the responsible office could review the details instead of asking me to repeat the same process. Kindly ask IT support to resolve this problem.,IT Services
the lecture room lights has loose parts that may cause an accident.,Maintenance & Facilities
"the biometric attendance machine does not accept my correct login details. Please check whether there is an account or server-side problem. Because the issue is still unresolved, it is now affecting my normal university work. Please restore access as soon as possible.",IT Services
the drainage line keeps stopping and starting. The issue becomes worse during afternoon classes. I request urgent maintenance of this issue.,Maintenance & Facilities
the semester timetable is preventing me from completing registration. Other students in the same class can see the correct information. Kindly review this issue and update the academic record.,Academic
"This is getting difficult, i would like to complain that the classroom projector does not send the verification message. I need access before the current submission deadline. I have been trying to get this sorted out, but there has not been a clear resolution yet. Please check the account or system and fix the issue.",IT Services
my university email is showing outdated information.,IT Services
"Can u check this, the backup generator is not providing adequate service. This is especially difficult when the room is full. Please arrange repair as soon as possible.",Maintenance & Facilities
Im writing regarding the room change request has not been updated in the hostel record. Kindly inspect the issue and arrange the required solution.,Hostel/Provost Office
the viva schedule does not reflect the form I submitted on time.,Academic
"There is a problm with the university WiFi keeps disconnecting during use. Other university websites are opening normally. I have been trying to get this sorted out, but there has not been a clear resolution yet. Kindly check the network or account configuration.",IT Services
I want to bring this issue to your attention: the network connection is not responding at all. I have already checked this more than once. Please check the account or system and fix the issue.,IT Services
I need help because the admission document shows an incorrect amount. I have already checked this more than once. Kindly review the documents and process the request.,Administrative Offices
"Hi, can someone check why the biometric attendance machine is extremely slow during class hours. I have already checked this more than once. Please investigate the error and update the service.",IT Services
"my university email works for a few minutes and then goes offline. I tried from more than one device and the problem is the same. Because the issue is still unresolved, it is now affecting my normal university work. Please resolve the technical problem before the deadline.",IT Services
the lecture desk is producing a strong smell and needs maintenance. Please inspect the area and take the necessary action.,Maintenance & Facilities
"Can u check this, could you please look into this: the electrical sockets has been out of order for several days. This is especially difficult when the room is full. Please have this facility repaired or replaced.",Maintenance & Facilities
There is a problem with the printing system does not recognize my account. I have already checked this more than once. Please restore access as soon as possible.,IT Services
the computer lab software has not been restored after an earlier complaint. I reported this earlier to the IT desk but it is still unresolved. Kindly ask IT support to resolve this problem.,IT Services
the mess food is creating hygiene concerns for residents. Please take action and update me about the complaint.,Hostel/Provost Office
the semester timetable is still missing from the student record.,Academic
the exam date sheet is creating a clash with another registered course. I have checked the portal more than once and the same problem remains. Please check the matter before it affects my semester further.,Academic
Could you please look into this: the common room is making it difficult to stay in the room. I have already checked this more than once. Kindly inspect the issue and arrange the required solution.,Hostel/Provost Office
I would like to complain that the thesis progress review was not accepted even though I met the deadline. I already contacted the relevant teacher but the record is unchanged. pls recheck the entry and let me know once it is fixed.,Academic
"I have a problem, i would like to complain that the lecture room lights is creating an uncomfortable environment in the room. The area is frequently used by students and staff. I would be grateful if the responsible office could review the details instead of asking me to repeat the same process. The concerned staff are requested to repair this promptly.",Maintenance & Facilities
"I have a problem, i would like to complain that the hostel gate procedure is causing unnecessary difficulty at night. I have already submitted a request at the hostel office. Please handle the matter according to hostel policy.",Hostel/Provost Office
"I am writing regarding the lab computer has been unavailable since this morning. I already changed the password, but the error remains. I request technical support for this issue.",IT Services
the hostel washroom has not been repaired despite an earlier request. This is affecting normal hostel routine. Please handle the matter according to hostel policy.,Hostel/Provost Office
"the lab internet connection is not loading the required page. Restarting the device did not solve the issue. Because the issue is still unresolved, it is now affecting my normal university work. Please check the account or system and fix the issue.",IT Services
the department elevator needs urgent cleaning and maintenance. The concerned staff are requested to repair this promptly.,Maintenance & Facilities
"There is a problem with my midterm marks is showing the wrong course information. The department office asked me to wait, but there has been no update. I would be grateful if the responsible office could review the details instead of asking me to repeat the same process. Kindly review this issue and update the academic record.",Academic
"I need help because the parking area has broken fittings. The problem is now affecting more than one class. I have been trying to get this sorted out, but there has not been a clear resolution yet. Please arrange repair as soon as possible.",Maintenance & Facilities
"Can u check this, i am writing regarding my midterm marks shows a value that does not match the marks announced in class. Please check the matter before it affects my semester further.",Academic
I am having trouble because the campus network is preventing me from accessing course material. I have already checked this more than once. Please check the account or system and fix the issue.,IT Services
"my financial aid application has not been forwarded to the concerned office. I would appreciate a clear status instead of being sent between offices. Because the issue is still unresolved, it is now affecting my normal universirty work. Please resolve the issue without further unnecessary delay.",Administrative Offices
the biometric attandance machine does not send the verification message. Kindly check the network or account configuration.,IT Services
"Hi, i would like to complain that the hostel gate procedure is not available at the stated time. Please resolve this hostel-related problem soon.",Hostel/Provost Office
Please check why the scholarship payment needs correction in the administrative record. Kindly review the documents and process the request.,Administrative Offices
the hostel water supply is making it difficult to stay in the room. This is affecting normal hostel routine. Please ask the hostel administration to resolve it.,Hostel/Provost Office
"I would like to complain that the lecture room lights has not been repaired after an earlier complaint. Students are facing this problem every day. I have been trying to get this sorted out, but there has not been a clear resolution yet. Kindly resolve the maintenance problem at the earliest.",Maintenance & Facilities
the laundry area was reported to the warden but no action has been taken. Several residents on the floor are facing the same problem. Kindly inspect the issue and arrange the required solution.,Hostel/Provost Office
"the washroom plumbing has loose parts that may cause an accident. A maintenance complaint was already reported, but the problm remains. Kindly resolve the maintenance problem at the earliest.",Maintenance & Facilities
I want to bring this issue to your attention: my fee challan has not been approved even after verification. Please resolve the issue without further unnecessary delay.,Administrative Offices
"Hi, i want to bring this issue to your attention: the university WiFi does not recognize my account. I tried from more than one device and the problem is the same. I would be grateful if the responsible office could review the details instead of asking me to repeat the same process. Please ask IT support to resolve this problem.",IT Services
"There seems to be an issue with the exam date sheet contains an error that is affecting my semester record. The department office asked me to wait, but there has been no update. Please update the record according to the submitted documents.",Academic
I want to report that the department elevator is not working properly during class hours. I have already checked this more than once. The concerned staff are requested to repair this promptly.,Maintenance & Facilities
"the fee correction application was submitted before the deadline but still shows pending. The delay is creating difficulty with my semester matters. Because the issue is still unresolved, it is now affecting my normal university work. Please resolve the issue without further unnecessary delay.",Administrative Offices
I am having trouble because the semester timetable was not accepted even though I met the deadline. Please check the matter before it affects my semester further.,Academic
the lecture room lights is leaking and making the floor wet. Please check the problem and restore the facility.,Maintenance & Facilities
Please check why the room cleanliness has not been resolved after repeated reporting. I have already submitted a request at the hostel office. Kindly inspect the issue and arrange the required solution.,Hostel/Provost Office
the hostel corridor lights was handled differently from the stated hostel rules.,Hostel/Provost Office
the department elevator is producing a strong smell and needs maintenance. Students are facing this problem every day. Please inspect the area and take the necessary action.,Maintenance & Facilities
"Hi, my GPA calculation was changed without any explanation. Please verify the record and correct it.",Academic
There seems to be an issue with my hostel room allocation has not been resolved after repeated reporting. I have already checked this more than once. Please resolve this hostel-related problem soon.,Hostel/Provost Office
There seems to be an issue with the biometric attendance machine is rejecting files that meet the stated requirements. I need access before the current submission deadline. I request technical support for this issue.,IT Services
"I have a problemm, the washroom taps is causing difficulty for students during lectures. Please send the maintenance team to inspect and fix it.",Maintenance & Facilities
I would like to complain that the hostel curfew entry is not working properly. Kindly have the warden or relevant staff check this issue.,Hostel/Provost Office
"the toilet flush is not available when it is needed. This is especially difficult when the room is full. Because the issue is still unresolved, it is now affecting my normal university work. The concerned staff are requested to repair this promptly.",Maintenance & Facilities
I am writing regarding the hostel corridor lights has not been repaired despite an earlier request. Several residents on the floor are facing the same problem. I would be grateful if the responsible office could review the details instead of asking me to repeat the same process. Kindly inspect the issue and arrange the required solution.,Hostel/Provost Office
"I need help because the fee correction application is causing difficulty with another university process. The delay is creating difficulty with my semester matters. I have been trying to get this sorted out, but there has not been a clear resolution yet. Kindly review the documents and process the request.",Administrative Offices
"I have a problem, please check why the room cleanliness is affecting basic hostel facilities. The warden was informed, but I have not received any update. I would be grateful if the responsible office could review the details instead of asking me to repeat the same process. I request the Provost Office to look into this matter.",Hostel/Provost Office
the lab computer is not connected to the campus network. Please check whether there is an account or server-side problem. Kindly ask IT support to resolve this problem.,IT Services
I want to bring this issue to your attention: the water cooler has exposed wiring that should be inspected. Kindly send the maintenance team to inspect and fix it.,Maintenance & Facilities
I am having trouble because the university WiFi is not syncing with my student account. The problem started recently and has continued since then. I would be grateful if the responsible office could review the details instead of asking me to repeat the same process. Please restore access as soon as possible.,IT Services
"This is getting difficult, i want to bring this issue to your attention: the lecture desk is damaged and unsafe to use. Please arrange repair as soon as possible.",Maintenance & Facilities
"Can u check this, the registrar application has not been issued yet. Please ask the concerned administrative office to resolve this.",Administrative Offices
I want to bring this issue to your attention: the accounts office receipt has been delayed beyond the stated processing time. Please correct the record and confirm the updated status.,Administrative Offices
the hostel corridor lights is not being handled according to the hostel procedure. The issue needs attention before it becomes more serious. Please handle the matter according to hostel policy.,Hostel/Provost Office
"my scholarship application needs correction in the administrative record. I need the document for another university process. Because the issue is still unresolved, it is now affecting my normal university work. Please correct the record and confirm the updated status.",Administrative Offices
"I am writing regarding the corridor lights is producing a strong smell and needs maintenance. A maintenance complaint was already reported, but the problem remains. I have been trying to get this sorted out, but there has not been a clear resolution yet. Please inspect the area and take the necessary action.",Maintenance & Facilities
the water cooler is overflowing during busy hours.,Maintenance & Facilities
the laundry area requires inspection by hostel staff. The problem is especially difficult during evening hours. I request the Provost Office to look into this matter.,Hostel/Provost Office
"Hi, the air conditioner is blocked and water is collecting around it. This is especially difficult when the room is full. Because the issue is still unresolved, it is now affecting my normal university work. Please have this facility repaired or replaced.",Maintenance & Facilities
"the lecture room lights is not wroking properly during class hours. The condition is affecting normal use of the area. Because the issue is still unresolved, it is now affecting my normal university work. I request urgent maintenance of this issue.",Maintenance & Facilities
There seems to be an issue with the viva schedule is still missing from the student record. Please check the matter before it affects my semester further.,Academic
the hostel WiFi complaint record is not availble at the stated time.,Hostel/Provost Office
I am writing regarding the hostel curfew entry is not working properly. The problem is especially difficult during evening hours. The concerned hostel staff are requested to take action.,Hostel/Provost Office
plz check why the computer lab software is not detecting the connected device. The problem started recently and has continued since then. I would be grateful if the responsible office could review the details instead of asking me to repeat the same process. The IT team is requested to inspect and correct this.,IT Services
Could you pls look into this: the room change request is causing problems for residents every day. Please handle the matter according to hostel policy.,Hostel/Provost Office
Can someone check why the corridor lights is producing a strong smell and needs maintenance. I have already checked this more than once. Please have this facility repaired or replaced.,Maintenance & Facilities
the hot water facility is causing unnecessary difficulty at night. Kindly inspect the issue and arrange the required solution.,Hostel/Provost Office
"the university server shows an error whenever I try to submit work. Restarting the device did not solve the issue. Because the issue is still unresolved, it is now affecting my normal university work. Please investigate the error and update the service.",IT Services
"I am having trouble because the prerequisite approval was changed without any explanation. I already contacted the relevant teacher but the record is unchanged. I have been trying to get this sorted out, but there has not been a clear resolution yet. Kindly review this issue and update the academic record.",Academic
I am writing regarding the room change request has not been repaired despite an earlier request. I would like the matter to be handled according to hostel rules. Kindly inspect the issue and arrange the required solution.,Hostel/Provost Office
There is a problem with the building staircase is producing a strong smell and needs maintenance. I request urgent maintenance of this issue.,Maintenance & Facilities
"the transcript does not reflect the form I submitted on time. I already contacted the relevant teacher but the record is unchanged. Because the issue is still unresolved, it is now affecting my normal university work. Please update the record according to the submitted documents.",Academic
Im writing regarding the reslt card has an incorrect total after the latest update. This issue is causing difficulty with my current semester planning. I would be grateful if the responsible office could review the details instead of asking me to repeat the same process. Please verify the record and correct it.,Academic
Can someone check why the university WiFi has been unavailable since this morning. I have already checked this more than once. Please investigate the error and update the service.,IT Services
"This is getting difficult, i am writing regarding the prerequisite approval was uploaded late and now I cannot complete the next process. Because of this error, I am unable to proceed with the next academic step. Please update the record according to the submitted documents.",Academic
Could you please look into this: my CGPA shows a value that does not match the marks announced in class. Other students in the same class can see the correct information. Kindly investigate the discrepancy and make the required correction.,Academic
"There is a problem with the hostel corridor lights is causing unnecessary difficulty at night. Please check the hostel record for my earlier complaintt. I have been trying to get this sorted out, but there has not been a clear resolution yet. Please resolve this hostel-related problem soon.",Hostel/Provost Office
the projector connection does not send the verification message. This is affecting my ability to complete universty work. Kindly check the network or account configuration.,IT Services
"the viva schedule contains an error that is affecting my semester record. Because of this error, I am unable to proceed with the next academic step. Please update the record according to the submitted documents.",Academic
"Can u check this, the lab computer is rejecting files that meet the stated requirements. I request technical support for this issue.",IT Services
"the course section has an incorrect total after the latest update. This issue is causing difficulty with my current semester planning. Because the issue is still unresolved, it is now affecting my normal university work. Kindly investigate the discrepancy and make the required correction.",Academic
There seems to be an issue with the laundry area is creating an uncomfortable living situation. The condition has been causing inconvenience for several days. I have been trying to get this sorted out but there has not been a clear resolution yet. Kindly have the warden or relevant staff check this issue.,Hostel/Provost Office
"Sir please check, there is a problem with the air conditioner has broken fittings. The issue becomes worse during afternoon classes. Please send the maintenance team to inspect and fix it.",Maintenance & Facilities
"the hostel cleaning schedule requires inspection by hostel staff. This is affecting normal hostel routine. Because the issue is still unresolved, it is now affecting my normal university work. Kindly have the warden or relevant staff check this issue.",Hostel/Provost Office
"This is getting difficult, the washroom plumbing is blocked and water is collecting around it. This is especially difficult when the room is full. Please arrange repair as soon as possible.",Maintenance & Facilities
my clearance form has no status update despite repeated visits.,Administrative Offices
"Please help, i need help because the washroom plumbing is damaged and unsafe to use. This is especially difficult when the room is full. I request urgent maintenance of this issue.",Maintenance & Facilities
There seems to be an issue with the room ceiling fan has not been updated in the hostel record. I informed the hostel staff earlier but the issue continues. Please ask the hostel administration to resolve it.,Hostel/Provost Office
the hostel WiFi complaint record was handled differently from the stated hostel rules.,Hostel/Provost Office
Please check why the hot water facility is creating repeated arguments among residents. I have already checked this more than once. Please resolve this hostel-related problem soon.,Hostel/Provost Office
I need help because the quiz score was changed without any explanation. Please verify the record and correct it.,Academic
"I am writing regarding the washroom taps is leaking and making the floor wet. Students are facing this problem every day. I have been trying to get this sorted out, but there has not been a clear resolution yet. Kindly resolve the maintenance problem at the earliest.",Maintenance & Facilities
Can someone check why the bonafide certificate does not match the payment receipt. Please verify the record with the accounts or registrar office. Please ask the concerned administrative office to resolve this.,Administrative Offices
the thesis progress review was changed without any explanation. Please verify the record and correct it.,Academic
the classroom fan has been out of order for several days.,Maintenance & Facilities
"Sir please check, i am having trouble because the viva schedule was entered under the wrong course code. Please check the matter before it affects my semester further.",Academic
Please check why the classroom projector is preventing me from accessing course material. I have already checked this more than once. Kindly check the network or account configuration.,IT Services
I want to report that the hostel corridor lights is making it difficult to stay in the room. The condition has been causing inconvenience for several days. I would be grateful if the responsible office could review the details instead of asking me to repeat the same process. The concerned hostel staff are requested to take action.,Hostel/Provost Office
I need help because my degree verification request contains incorrect student information. Kindly review the documents and process the request.,Administrative Offices
I am writing regarding the student portal is extremely slow during class hours. The issue occurs both in the lab and on my own device. Please check the account or system and fix the issue.,IT Services
"the drinking water supply has loose parts that may cause an accident. Please send someone to inspect the location. Because the issue is still unresolved, it is now affecting my normal university work. Please have this facility repaired or replaced.",Maintenance & Facilities
I am writing regarding the electrical sockets is not available when it is needed. pls have this facility repaired or replaced.,Maintenance & Facilities
the hostel corridor lights is not available at the stated time. The issue needs attention before it becomes more serious. Please resolve this hostel-related problem soon.,Hostel/Provost Office
"the fee refund request is being delayed becase the counter staff keep asking me to return later. I would appreciate a clear status instead of being sent between offices. Because the issue is still unresolved, it is now affecting my normal university work. The concerned office is requested to check and complete this matter.",Administrative Offices
the air conditioner is creating an uncomfortable environment in the room. The issue becomes worse during afternoon classes. Kindly resolve the maintenance problem at the earliest.,Maintenance & Facilities
"Sir please check, there is a problem with the university WiFi does not recognize my account. The problem started recently and has continued since then. The IT team is requested to inspect and correct this.",IT Services
"Hi, the thesis progress review has an incorrect total after the latest update. This issue is causing difficulty with my current semester planning. Because the issue is still unresolved, it is now affecting my normal university work. Please recheck the entry and let me know once it is fixed.",Academic
Can someone check why my portal login is rejecting files that meet the stated requirements. I have already checked this more than once. Please restore access as soon as possible.,IT Services
I am writing regarding my university email shows an error whenever I try to submit work. I have already checked this more than once. Please check the account or system and fix the issue.,IT Services
I would like to complain that the building staircase is not wroking properly during class hours. I have already checked this more than once. Please have this facility repaired or replaced.,Maintenance & Facilities
I am writing regarding the classroom chairs is causing difficulty for students during lectures. I have already checked this more than once. Please check the problem and restore the facility.,Maintenance & Facilities
the drainage line is damaged and unsafe to use.,Maintenance & Facilities
I am having trouble because the course section contains an error that is affecting my semester record. I would appreciate verification from the concerned academic office. Please check the matter before it affects my semester further.,Academic
"Hi, my degree verification request was submitted before the deadline but still shows pending. Please ask the concerned administrative office to resolve this.",Administrative Offices
There seems to be an issue with the classroom windows is in poor condition and needs replacement. The problem is now affecting more than one class. I would be grateful if the responsible office could review the details instead of asking me to repeat the same process. I request urgent maintenance of this issue.,Maintenance & Facilities
the quiz score has not been shared with students.,Academic
I am writing regarding the hostel security refund is being delayed because the counter staff keep asking me to return later. I have already checked this more than once. Kindly check the application and provide an update.,Administrative Offices
There is a problem with the hot water facility is creating hygiene concerns for residents. The warden was informed but I have not received any update. I would be grateful if the responsible office could review the details instead of asking me to repeat the same process. I request the Provost Office to look into this matter.,Hostel/Provost Office
Could you please look into this: the hostel security refund was entered under the wrong category. The required documents and receipt were submitted. I would be grateful if the responsible offce could review the details instead of asking me to repeat the same process. Kindly check the application and provide an update.,Administrative Offices
I would like to complain that the classroom windows is not working properly during class hours. I have already checked this more than once. Please inspect the area and take the necessary action.,Maintenance & Facilities
I am having trouble because the backup generator has broken fittings. Please send someone to inspect the location. The concerned staff are requested to repair this promptly.,Maintenance & Facilities
"the admission status was entered under the wrong category. This matter has remained unresolved for several working days. Because the issue is still unresolved, it is now affecting my normal university work. I request verification and completion of the pending process.",Administrative Offices
"the corridor lights is leaking and making the floor wet. The condition is affecting normal use of the area. Because the issue is still unresolved, it is now affecting my normal university work. The concerned staff are requested to repair this promptly.",Maintenance & Facilities
"the university server keeps disconnecting during use. Please check whether there is an account or server-side problem. Because the issue is still unresolved, it is now affecting my normal university work. The IT team is requested to inspect and correct this.",IT Services
"Can u check this, i am facing an issue because the result card has not been approved despite repeated follow-up. I have already checked this more than once. Please review this issue and update the academic record.",Academic
"This is getting difficult, the admission document was marked incomplete although all listed documents were attached. I request verification and completion of the pending process.",Administrative Offices
I am facing an issue because the room cleanliness is not working properly. Please check the hostel record for my earlier complaint. I would be grateful if the responsible office could review the details instead of asking me to repeat the same process. The concerned hostel staff are requested to take action.,Hostel/Provost Office
"Please help, i am having trouble because the classroom chairs is producing a strong smell and needs maintenance. A maintenance complaint was already reported, but the problem remains. I would be grateful if the responsible office could review the details instead of asking me to repeat the same process. Please have this facility repaired or replaced.",Maintenance & Facilities
the laboratory ventilation is leaking and making the floor wet. It would be better to repair it before the damage increases. Kindly send the maintenance team to inspect and fix it.,Maintenance & Facilities
I want to report that my student card was submitted before the deadline but still shows pending. The concerned office is requested to check and complete this matter.,Administrative Offices
"There seems to be an issue with the semester timetable was marked absent although I attended the class. The department office asked me to wait, but there has been no update. Kindly investigate the discrepancy and make the required correction.",Academic
the classroom windows is leaking and making the floor wet. Kindly send the maintenance team to inspect and fix it.,Maintenance & Facilities
my fee challan does not match the payment receipt. The concerned office is requested to check and complete this matter.,Administrative Offices
"the final exam result was uploaded late and now I cannot complete the next process. Because of this error, Im unable to proceed with the next academic step. Please check the matter before it affects my semester further.",Academic
Please check why the semester timetable is preventing me from completing registration. The supporting document was submitted at the department office. I would be grateful if the responsible office could review the details instead of asking me to repeat the same process. I request the department to resolve this as soon as possible.,Academic
I would like to complain that the mess timing has been pending with the hostel office. I have already checked this more than once. Kindly have the warden or relevant staff check this issue.,Hostel/Provost Office
the campus network is extremely slow during class hours. I need access before the current submission deadline. Kindly check the network or account configuration.,IT Services
I want to report that the admission status is not appearing in the official record. The concerned office is requested to check and complete this matter.,Administrative Offices
"the hot water facility was handled differently from the stated hostel rules. Several residents on the floor are facing the same problem. Because the issue is still unresolved, it is now affecting my normal university work. I request the Provost offce to look into this matter.",Hostel/Provost Office
the classroom fan has exposed wiring that should be inspected.,Maintenance & Facilities
the room ceiling fan needs attention from the provost office. The concerned hostle staff are requested to take action.,Hostel/Provost Office
I would like to complain that the hostel curfew entry is causing problems for residents every day. The issue needs attention before it becomes more serious. I would be grateful if the responsible office could review the details instead of asking me to repeat the same process. The concerned hostel staff are requested to take action.,Hostel/Provost Office
the classroom projector has stopped working after the latest update. The problem started recently and has continued since then. Please check the account or system and fix the issue.,IT Services
"my fee challan has been pending without any clear update. I need the document for another university process. Because the issue is still unresolved, it is now affecting my normal university work. Please ask the concerned administrative office to resolve this.",Administrative Offices
the migration certificate contains incorrect student information. I have already visited the concerned ofice more than once. Please ask the concerned administrative office to resolve this.,Administrative Offices
the building staircase is not working properly during class hours. The issue becomes worse during afternoon classes. The concerned staff are requested to repair this promptly.,Maintenance & Facilities
There is a problem with the air conditioner has been out of order for several days. The condition is affecting normal use of the area. I request urgent maintenance of this issue.,Maintenance & Facilities
I am having trouble because my hostel room allocation needs attention from the provost office. I have already checked this more than once. I request the Provost Office to look into this matter.,Hostel/Provost Office
"I have a problem, i want to report that my university email does not send the verification message. I have already checked this more than once. Please check the network or account configuration.",IT Services
the quiz score was changed without any explanation.,Academic
the result card has not been shared with students. Kindly investigate the discrepancy and make the required correction.,Academic
There seems to be an issue with the official certificate request has been delayed beyond the stated processing time. I have already checked this more than once. Kindly check the application and provide an update.,Administrative Offices
Can someone check why the migration certificate is being delayed because the counter staff keep asking me to return later. The required documents and receipt were submitted. Please correct the record and confirm the updated status.,Administrative Offices
"I need help because the building staircase has been left unrepaired since last week. It would be better to repair it before the damage increases. I have been trying to get this sorted out, but there has not been a clear resolution yet. Please arrange repair as soon as possible.",Maintenance & Facilities
I am facing an issue because my scholarship application shows an incorrect amount. I have already checked this more than once. Please ask the concerned administrative office to resolve this.,Administrative Offices
the department elevator is blocked and water is collecting around it.,Maintenance & Facilities
"the practical marks is showing the wrong course information. Because of this error, I am unable to proceed with the next academic step. Because the issue is still unresolved, it is now affecting my normal university work. Could the concerned office please confirm the correct status?",Academic
the lecture room lights is making a loud noise throughout lectures. The area is frequently used by students and staff. Please arrange repair as soon as possible.,Maintenance & Facilities
I need help because the building staircase needs urgent cleaning and maintenance. I have already checked this more than once. I request urgent maintenance of this issue.,Maintenance & Facilities
the course section has not been shared with students. Other students in the same class can see the correct information. I request the department to resolve this as soon as possible.,Academic
"Can u check this, i want to bring this issue to your attention: the registered credit hours does not include marks for work that I submitted. I would appreciate verification from the concerned academic office. I would be grateful if the responsible office could review the details instead of asking me to repeat the same process. Please investigate the discrepancy and make the required correction.",Academic
the laboratory ventilation needs urgent cleaning and maintenance. The area is frequently used by students and staff. Kindly send the maintenance team to inspect and fix it.,Maintenance & Facilities
"my hostel room allocation is not being handled according to the hostel procedure. This is affecting normal hostel routine. Because the issue is still unresolved, it is now affecting my normal university work. The concerned hostel staff are requested to take action.",Hostel/Provost Office
I want to report that the LMS course page is not syncing with my student account. I request technical support for this issue.,IT Services
I am having trouble because the network connection works for a few minutes and then goes offline. Other university websites are opening normally. I would be grateful if the responsible office could review the details instead of asking me to repeat the same process. Kindly ask IT support to resolve this problem.,IT Services
"the electrical sockets is damaged and unsafe to use. A maintenance complaint was already reported, but the problemm remains. Please have this facility repaired or replaced.",Maintenance & Facilities
the email verification link is not detecting the connected device. Please resolve the technical problem before the deadline.,IT Services
the quiz score doesnt reflect the form I submitted on time. Other students in the same class can see the correct information. Kindly review this issue and update the academic record.,Academic
the LMS course page has been unavailable since this morning. I reported this earlier to the IT desk but it is still unresolved. The IT team is requested to inspect and correct this.,IT Services
"Hi, i am writing regarding the registered credit hours is different from what appears on the departmental notice. I request the department to resolve this as soon as possible.",Academic
I am facing an issue because the fee refund request is stuck between two administrative offices. The application was submitted within the announced dates. Please correct the record and confirm the updated status.,Administrative Offices
"I am having trouble because the biometric attandance machine is not detecting the connected device. I already changed the password, but the error remains. I would be grateful if the responsible office could review the details instead of asking me to repeat the same process. I request technical support for this issue.",IT Services
"the network connection has stopped working after the latest update. I already changed the password, but the error remains. becuase the issue is still unresolved, it is now affecting my normal university work. Kindly ask IT support to resolve this problem.",IT Services
"This is getting difficult, the hosel room lock is still unresolved after several days.",Hostel/Provost Office
There is a problem with the drainage line has been left unrepaired since last week. It would be better to repair it before the damage increases. I would be grateful if the responsible office could review the details instead of asking me to repeat the same process. Please have this facility repaired or replaced.,Maintenance & Facilities
Please check why the document attestation request has not been forwarded to the concerned office. Kindly review the documents and process the request.,Administrative Offices
There seems to be an issue with the hostel washroom needs attention from the provost office. This is affecting normal hostel routine. Please resolve this hostel-related problem soon.,Hostel/Provost Office
Can someone check why the online registration portal doesnt send the verification message. I have already checked this more than once. The IT team is requested to inspect and correct this.,IT Services
the duplicate student card request has been pending without any clear update. Please ask the concerned administrative office to resolve this.,Administrative Offices
"the lecture desk is creating an uncomfortable environment in the room. The issue becomes worse during afternoon classes. Because the issue is still unresolved, it is now affecting my normal university work. The concerned staff are requested to repair this promptly.",Maintenance & Facilities
the lab computer is not syncing with my student account.,IT Services
I want to bring this issue to your attention: the assignment grade does not reflect the form I submited on time. I request the department to resolve this as soon as possible.,Academic
my GPA calculation was not accepted even though I met the deadline. I submitted the required application before the deadline. I request the department to resolve this as soon as possible.,Academic
"This is getting difficult, please check why the admission document is not appearing in the official record. I have kept a copy of the submitted form and payment receipt. I have been trying to get this sorted out, but there hasnt been a clear resolution yet. Please ask the concerned administrative office to resolve this.",Administrative Offices
the air conditioner is blocked and water is collecting around it. The concerned staff are requested to repair this promptly.,Maintenance & Facilities
"I want to report that the prerequisite approval was uploaded late and now I cannot complete the next process. Other students in the same class can see the correct information. I have been trying to get this sorted out, but there has not been a clear resolution yet. Could the concerned office please confirm the correct status?",Academic
I want to report that the makeup exam request does not reflect the form I submitted on time. I already contacted the relevant teacher but the record is unchanged. Could the concerned office please confirm the correct status?,Academic
"I want to bring this issue to your attention: my CGPA is still missing from the student record. The department office asked me to wait, but there has been no update. I have been trying to get this sorted out, but there has not been a clear resolution yet. Please recheck the entry and let me know once it is fixed.",Academic
the assignment grade was entered under the wrong course code. Could the concerned office please confirm the correct status?,Academic
I am having trouble because the accounts office receipt shows an incorrect amount. I have already checked this more than once. Please process the request and correct the record.,Administrative Offices
I need help because the washroom plumbing is overflowing during busy hours. It would be better to repair it before the damage increases. Please check the problem and restore the facility.,Maintenance & Facilities
Please check why the LMS course page is not syncing with my student account. Please investigate the error and update the service.,IT Services
"the fee refund request is causing difficulty with another university process. The delay is creating difficulty with my semester matters. Because the issue is still unresolved, it is now affecting my normal university work. Kindly review the documents and process the request.",Administrative Offices
the campus network is not responding at all. I request technical support for this issue.,IT Services
"This is getting difficult, please check why the student portal has not been restored after an earlier complaint. The issue occurs both in the lab and on my own device. I would be grateful if the responsible ofice could review the details instead of asking me to repeat the same process. Please check the account or system and fix the issue.",IT Services
the projector connection is not syncing with my student account. The problem started recently and has continued since then. Please restore access as soon as possible.,IT Services
the password reset service is rejecting files that meet the stated requirements. I need access before the current submission deadline. Please restore access as soon as possible.,IT Services
"my clearance form is being delayed because the counter staff keep asking me to return later. I would appreciate a clear status instead of being sent between offices. Because the issue is still unresolved, it is now affecting my normal university work. Please resolve the issue without further unnecessary delay.",Administrative Offices
the course section has not been shared with students. I request the department to resolve this as soon as possible.,Academic
I want to report that the hostel cleaning schedule has become worse this week. Several residents on the floor are facing the same problem. I would be grateful if the responsible office could review the details instead of asking me to repeat the same process. Please resolve this hostel-related problem soon.,Hostel/Provost Office
"I have a problem, the thesis progress review is still missing from the student record.",Academic
"I am facing an issue because the mess food needs attention from the provost office. The warden was informed, but I have not received any update. I would be grateful if the responsible office could review the details instead of asking me to repeat the same process. Kindly inspect the issue and arrange the required solution.",Hostel/Provost Office
"the hostel gate procedure has not been repaired despite an earlier request. I informed the hostel staff earlier, but the issue continues. Kindly inspect the issue and arrange the required solution.",Hostel/Provost Office
the LMS course page does not send the verification message. Please investigate the error and update the service.,IT Services
my scholarship application is being delayed because the counter staff keep asking me to return later. Please resolve the issue without further unnecessary delay.,Administrative Offices
"This is getting difficult, the campus network has not been restored after an earlier complaint. Please check whether there is an account or server-side problem. I request technical support for this issue.",IT Services
"the LMS account keeps disconnecting during use. I already changed the password, but the error remains. Because the issue is still unresolved, it is now affecting my normal university work. Please resolve the technical problem before the deadline.",IT Services
There is a problem with the lecture room lights has broken fittings. I have already checked this more than once. Please have this facility repaired or replaced.,Maintenance & Facilities
pls check why the hostel washroom has been pending with the hostel office. I would like the matter to be handled according to hostel rules. Kindly have the warden or relevant staff check this issue.,Hostel/Provost Office
"This is getting difficult, the document attestation request needs correction in the administrative record. The required documents and receipt were submitted. Because the issue is still unresolved, it is now affecting my normal university work. The concerned office is requested to check and complete this matter.",Administrative Offices
"Hi, the network connection is not connected to the campus network.",IT Services
"Sir please check, the online registration portal shows an error whenever I try to submit work. The IT team is requested to inspect and correct this.",IT Services
the admission status has not been issued yet. This matter has remained unresolved for several working days. I request verification and completion of the pending process.,Administrative Offices
"the lecture desk has not been repaired after an earlier complaint. The problem is now affecting more than one class. Because the issue is still unresolved, it is now affecting my normal university work. Please arrange repair as soon as possible.",Maintenance & Facilities
I am facing an issue because the common room has not been updated in the hostel record. The issue needs attention before it becomes more serious. Please resolve this hostel-related problem soon.,Hostel/Provost Office
I want to bring this issue to your attention: the lab interent connection shows a server error repeatedly. Please restore access as soon as possible.,IT Services
"Please check why the campus network does not accept my correct login details. Other university websites are opening normally. I have been trying to get this sorted out, but there has not been a clear resolution yet. The IT team is requested to inspect and correct this.",IT Services
There is a problem with the result card was marked absent although I attended the class. I have checked the portal more than once and the same problem remains. I would be grateful if the responsible office could review the details instead of asking me to repeat the same process. Please check the matter before it affects my semester further.,Academic
the laboratory ventilation has broken fittings. pleas send someone to inspect the location. Please have this facility repaired or replaced.,Maintenance & Facilities
Please check why my midterm marks was not accepted even though I met the deadline. I need the corrected record for an upcoming academic requirement. Kindly review this issue and update the academic record.,Academic
"the mess food is creating repeated arguments among residents. Please check the hostel record for my earlier complaint. Because the issue is still unresolved, it is now affecting my normal university work. Please ask the hostel administration to resolve it.",Hostel/Provost Office
the network connection works for a few minutes and then goes offline. Other university websites are opening normally. The IT team is requested to inspect and correct this.,IT Services
the hot water facility is creating repeated arguments among residents. Please handle the matter according to hostel policy.,Hostel/Provost Office
"Can someone check why the biometric attendance machine has not been restored after an earlier complaint. The issue occurs both in the lab and on my own device. I have been trying to get this sorted out, but there has not been a clear resolution yet. Kindly check the network or account configuration.",IT Services
the building staircase has broken fittings. The condition is affecting normal use of the area. Kindly resolve the maintenance problem at the earliest.,Maintenance & Facilities
"the classroom windows is not available when it is needed. This is especially difficult when the room is full. Because the issue is still unresolved, it is now affecting my normal university work. pls have this facility repaired or replaced.",Maintenance & Facilities
my degree verification request has not been issued yet. I need the document for another university process. Please resolve the issue without further unnecessary delay.,Administrative Offices
the official certificate request shows an incorrect amount.,Administrative Offices
Im having trouble becase the semester timetable was entered under the wrong course code. I have already checked this more than once. Please recheck the entry and let me know once it is fixed.,Academic
"the hostel corridor lights is causing problems for residents every day. This is affecting normal hostel routine. Because the issue is still unresolved, it is now affecting my normal university work. Please take action and update me about the complaint.",Hostel/Provost Office
I am writing regarding my clearance form has been delayed beyond the stated processing time. I need the document for another university process. Kindly review the documents and process the request.,Administrative Offices
I am having trouble because the online registration portal is not detecting the connected device. This is affecting my ability to complete university work. Please restore access as soon as possible.,IT Services
I am having trouble because the washroom taps is overflowing during busy hours. This is especially difficult when the room is full. I have been trying to get this sorted out but there has not been a clear resolution yet. Please have this facility repaired or replaced.,Maintenance & Facilities
"Sir please check, the hot water facility is not working properly. This is affecting normal hostel routine. I request the Provost Office to look into this matter.",Hostel/Provost Office
There is a problem with the online registration portal is showing outdated information. I already changed the password but the error remains. Please restore access as soon as possible.,IT Services
my portal login does not recognize my account. Other university websites are opening normally. Please resolve the technical problem before the deadline.,IT Services
the migration certificate is being delayed because the counter staff keep asking me to return later. Please process the request and correct the record.,Administrative Offices
I would like to complain that the admission fee record has not been processed even though the documents were submitted. I have already checked this more than once. Please correct the record and confirm the updated status.,Administrative Offices
"I have a problem, i want to bring this issue to your attention: the air conditioner is not working properly during class hours. I have already checked this more than once. I request urgent maintenance of this issue.",Maintenance & Facilities
"I have a problem, i want to bring this issue to your attention: the room furniture has become worse this week. This is affecting normal hostel routine. I request the Provost Office to look into this matter.",Hostel/Provost Office
I want to report that the network connection shows a server error repeatedly. I have already checked this more than once. The IT team is requested to inspect and correct this.,IT Services
Could you please look into this: my student card is causing difficulty with another university process. This matter has remained unresolved for several working days. The concerned office is requested to check and complete this matter.,Administrative Offices
I would like to complain that the fee correction application was marked incomplete although all listed documents were attached. I have already checked this more than once. I request verification and completion of the pending process.,Administrative Offices
"the hostel curfew entry was handled differently from the stated hostel rules. The warden was informed, but I have not received any update. Please ask the hostel administration to resolve it.",Hostel/Provost Office
"Sir please check, the admission fee record is not appearing in the official record. The application was submitted within the announced dates. Please ask the concerned administrative office to resolve this.",Administrative Offices
I need help becase the hostel security desk hasnt been updated in the hostel record. The warden was informed but I have not received any update. I would be grateful if the responsible office could review the details instead of asking me to repeat the same process. I request the Provost Office to look into this matter.,Hostel/Provost Office
Please check why my student card was marked incomplete although all listed documents were attached. Please ask the concerned administrative office to resolve this.,Administrative Offices
I am writing regarding the classroom projector is not loading the required page. I have already checked this more than once. Kindly check the network or account configuration.,IT Services
I want to bring this issue to your attention: the admission fee record has no status update despite repeated visits. Please ask the concerned administrative office to resolve this.,Administrative Offices
Please check why the hostel room lock is causing problems for residents every day. I would like the matter to be handled according to hostel rules. Please ask the hostel administration to resolve it.,Hostel/Provost Office
I need help because the university server is not connected to the campus network. Kindly check the network or account configuration.,IT Services
I am facing an issue because the hostel room lock has been pending with the hostel office. The warden was informed but I have not received any update. Please handle the matter according to hostel policy.,Hostel/Provost Office
There seems to be an issue with the exam date sheet does not include marks for work that I submitted. I already contacted the relevant teacher but the record is unchanged. Kindly investigate the discrepancy and make the required correction.,Academic
"Could you please look into this: the final exam result shows a value that does not match the marks announced in class. The supporting document was submitted at the department office. I have been trying to get this sorted out, but there has not been a clear resolution yet. Please update the record according to the submitted documents.",Academic
Can someone check why the email verification link is not responding at all. I have already checked this more than once. Kindly check the network or account configuration.,IT Services
I want to bring this issue to your attention: the computer lab software is rejecting files that meet the stated requirements. This is affecting my ability to complete university work. Kindly ask IT support to resolve this problem.,IT Services
the washroom plumbing has loose parts that may cause an accident. Kindly send the maintenance team to inspect and fix it.,Maintenance & Facilities
I am writing regarding my portal login is rejecting files that meet the stated requirements. I need access before the current submission deadline. I would be grateful if the responsible office could review the details instead of asking me to repeat the same process. Please check the account or system and fix the issue.,IT Services
Please check why the hostel washroom has been pending with the hostel office. The issue needs attention before it becomes more serious. Please take action and update me about the complaint.,Hostel/Provost Office
I am facing an issue becase the admission document shows an incorrect amount. The delay is creating difficulty with my semester matters. I request verification and completion of the pending process.,Administrative Offices
"I want to bring this issue to your attention: the classroom fan is overflowing during busy hours. The condition is affecting normal use of the area. I have been trying to get this sorted out, but there has not been a clear resolution yet. Kindly send the maintenance team to inspect and fix it.",Maintenance & Facilities
There seems to be an issue with the department printer has not been restored after an earlier complaint. I have already checked this more than once. Please investigate the error and update the service.,IT Services
"Could you please look into this: the migration certificate has not been forwarded to the concerned office. I need the document for another university process. I have been trying to get this sorted out, but there has not been a clear resolution yet. Please ask the concerned administrative office to resolve this.",Administrative Offices
the online registration portal has been unavailable since this morning. I tried from more than one device and the problem is the same. Please investigate the error and update the service.,IT Services
"Im writing regarding the accounts office receipt has been pending without any clear update. The required documents and receipt were submitted. I have been trying to get this sorted out, but there hasnt been a clear resolution yet. I request verification and completion of the pending process.",Administrative Offices
"I am writing regarding my CGPA still shows the old information after correction. Because of this error, I am unable to proceed with the next academic step. I request the department to resolve this as soon as possible.",Academic
my portal login is not connected to the campus network. The problem started recently and has continued since then. The IT team is requested to inspect and correct this.,IT Services
the scholarship payment has not been issued yet. The concerned office is requested to check and complete this matter.,Administrative Offices
Please check why the washroom plumbing is causing difficulty for students during lectures. I have already checked this more than once. I request urgent maintenance of this issue.,Maintenance & Facilities
the laboratory ventilation is making a loud noise throughout lectures. It would be better to repair it before the damage increases. Please have this facility repaired or replaced.,Maintenance & Facilities
I am having trouble because the mess food has become worse this week. The condition has been causing inconvenience for several days. Please handle the matter according to hostel policy.,Hostel/Provost Office
"I am writing regarding the final exam result is creating a clash with another registered course. I have checked the portal more than once and the same problem remains. I have been trying to get this sorted out, but there has not been a clear resolution yet. Could the concerned office please confirm the correct status?",Academic
Could you please look into this: the building staircase has exposed wiring that should be inspected. The issue becomes worse during afternoon classes. The concerned staff are requested to repair this promptly.,Maintenance & Facilities
I am writing regarding the quiz score shows a value that does not match the marks announced in class. I have already checked this more than once. Please update the record according to the submitted documents.,Academic
I need help because the registered credit hours contains an error that is affecting my semester record. I have checked the portal more than once and the same problem remains. I would be grateful if the responsible office could review the details instead of asking me to repeat the same process. Could the concerned office please confirm the correct status?,Academic
I would like to complain that my financial aid application has not been processed even though the documents were submitted. I have already checked this more than once. Please resolve the issue without further unnecessary delay.,Administrative Offices
the classroom chairs hasnt been repaired after an earlier complaint. The area is frequently used by students and staff. The concerned staff are requested to repair this promptly.,Maintenance & Facilities
the final exam result has an incorrect total after the latest update. I have checked the portal more than once and the same problem remains. Please check the matter before it affects my semester further.,Academic
I would like to complain that my fee challan has not been forwarded to the concerned office. Please ask the concerned administrative office to resolve this.,Administrative Offices
"the hostel room lock needs attention from the provost office. Several residents on the floor are facing the same problem. Because the issue is still unresolved, it is now affecting my normal university work. Please take action and update me about the complaint.",Hostel/Provost Office
"the registered credit hours was changed without any explanation. Other students in the same class can see the correct information. Because the issue is still unresolved, it is now affecting my normal university work. Please check the matter before it affects my semester further.",Academic
the admission document has not been approved even after verification. I need the document for another university process. I request verification and completion of the pending process.,Administrative Offices
"Can u check this, my roommate issue has become worse this week. I have already submitted a request at the hostel office. Because the issue is still unresolved, it is now affecting my normal university work. Please resolve this hostel-related problem soon.",Hostel/Provost Office
There is a problem with the drainage line is making a loud noise throughout lectures. Please inspect the area and take the necessary action.,Maintenance & Facilities
"Can someone check why my student card has not been approved even after verification. I have already visited the concerned office more than once. I have been trying to get this sorted out, but there has not been a clear resolution yet. Please correct the record and confirm the updated status.",Administrative Offices
the electrical sockets is not working properly during class hours. Please check the problem and restore the facility.,Maintenance & Facilities
the electrical sockets has not been repaired after an earlier complaint. It would be better to repair it before the damage increases. pls inspect the area and take the necessary action.,Maintenance & Facilities
the printing system does not accept my correct login details. Other university websites are opening normally. I request technical support for this issue.,IT Services
I would like to complain that the computer lab software is not loading the required page. Other university websites are opening normally. I would be grateful if the responsible office could review the details instead of asking me to repeat the same process. Please check the account or system and fix the issue.,IT Services
There is a problem with the practical marks has an incorrect total after the latest update. I have already checked this more than once. Please recheck the entry and let me know once it is fixed.,Academic
"the viva schedule is still missing from the student record. I submitted the required application before the deadline. Because the issue is still unresolved, it is now affecting my normal university work. Could the concerned office please confirm the correct status?",Academic
"Please help, the lab computer is showing outdated information. Please investigate the error and update the service.",IT Services
I am having trouble because the course section has an incorrect total after the latest update. I have checked the portal more than once and the same problem remains. Kindly review this issue and update the academic record.,Academic
"Please help, i want to bring this issue to your attention: my degree verification request contains incorrect student information. I have already checked this more than once. I request verification and completion of the pending process.",Administrative Offices
I want to report that the admission fee record is not appearing in the official record. The application was submitted within the announced dates. I would be grateful if the responsible office could review the details instead of asking me to repeat the same process. Please ask the concerned administrative office to resolve this.,Administrative Offices
the hostel security desk is affecting basic hostel facilities.,Hostel/Provost Office
I want to bring this issue to your attention: the washroom plumbing has been out of order for several days. Please check the problem and restore the facility.,Maintenance & Facilities
the migration certificate is being delayed becase the counter staff keep asking me to return later. This matter has remained unresolved for several working days. Kindly check the application and provide an update.,Administrative Offices
I want to report that my scholarship application has been delayed beyond the stated processing time. Please correct the record and confirm the updated status.,Administrative Offices
"Please help, i want to report that the classroom ceiling is producing a strong smell and needs maintenance. It would be better to repair it before the damage increases. Please arrange repair as soon as possible.",Maintenance & Facilities
"the scholarship payment is causing difficulty with another university process. The application was submitted within the announced dates. Because the issue is still unresolved, it is now affecting my normal university work. Please resolve the issue without further unnecessary delay.",Administrative Offices
Im having trouble because the accounts office receipt has no status update despite repeated visits. pls verify the record with the accounts or registrar office. I would be grateful if the responsible office could review the details instead of asking me to repeat the same process. Please ask the concerned administrative office to resolve this.,Administrative Offices
I am writing regarding the printing system does not recognize my account. The IT team is requested to inspect and correct this.,IT Services
Im writing regarding the hostel gate procedure has become worse this week. I would like the matter to be handled according to hostel rules. Please take action and update me about the complaint.,Hostel/Provost Office
"Please help, i would like to complain that the drainage line is leaking and making the floor wet. The condition is affecting normal use of the area. Please resolve the maintenance problem at the earliest.",Maintenance & Facilities
the drainage line has been left unrepaired since last week. It would be better to repair it before the damage increases. Please arrange repair as soon as possible.,Maintenance & Facilities
"Please help, i want to report that the registrar application does not match the payment receipt. I have already visited the concerned office more than once. I have been trying to get this sorted out, but there has not been a clear resolution yet. Please ask the concerned administrative office to resolve this.",Administrative Offices
the email verification link is not responding at all. Please check whether there is an account or server-side problem. Please investigate the error and update the service.,IT Services
the fee refund request was entered under the wrong category.,Administrative Offices
the mess food hasnt been updated in the hostel record. I informed the hostel staff earlier but the issue continues. Kindly have the warden or relevant staff check this issue.,Hostel/Provost Office
"This is getting difficult, please check why the makeup exam request shows a value that does not match the marks announced in class. I have already checked this more than once. Please check the matter before it affects my semester further.",Academic
I want to bring this issue to your attention: the university WiFi does not recognize my account. The issue occurs both in the lab and on my own device. Please resolve the technical problem before the deadline.,IT Services
"the migration certificate is being delayed because the counter staff keep asking me to return later. I have already visited the concerned office more than once. Because the issue is still unresolved, it is now affecting my normal university work. Kindly check the application and provide an update.",Administrative Offices
the hostel water supply is not working properly. The issue needs attention before it becomes more serious. Kindly inspect the issue and arrange the required solution.,Hostel/Provost Office
"I have a problem, i need help because the duplicate stuent card request is causing difficulty with another university process. I have kept a copy of the submitted form and payment receipt. Please check the application and provide an update.",Administrative Offices
the semester timetable was changed without any explanation. I request the department to resolve this as soon as possible.,Academic
"my clearance form is not appearing in the official record. I have kept a copy of the submitted form and payment receipt. Because the issue is still unresolved, it is now affecting my normal university work. The concerned office is requested to check and complete this matter.",Administrative Offices
the corridor lights is making a loud noise throughout lectures. This is especially difficult when the room is full. Please arrange repair as soon as possible.,Maintenance & Facilities
I would like to complain that the hostel watre supply is creating repeated arguments among residents. I have already checked this more than once. Please handle the matter according to hostel policy.,Hostel/Provost Office
There is a problem with the course section was changed without any explanation. I have already checked this more than once. Could the concerned offce please confirm the correct status?,Academic
"Please check why the final exam result hasnt been updated even though the instructor confirmed the correction. I need the corrected record for an upcoming academic requirement. I have been trying to get this sorted out, but there has not been a clear resolution yet. I request the department to resolve this as soon as possible.",Academic
the mess food requires inspection by hostel staff. The problem is especially difficult during evening hours. Please ask the hostel administration to resolve it.,Hostel/Provost Office
There seems to be an issue with my portal login is rejecting files that meet the stated requirements. I have already checked this more than once. pls check the account or system and fix the issue.,IT Services
I would like to complain that the lab computer is not syncing with my student account. Please investigate the error and update the service.,IT Services
"the classroom windows has broken fittings. Please send someone to inspect the location. becuase the issue is still unresolved, it is now affecting my normal university work. Please check the problem and restore the facility.",Maintenance & Facilities
"This is getting difficult, i would like to complain that the drinking water supply has not been repaired after an earlier complaint. I have already checked this more than once. The concerned staff are requested to repair this promptly.",Maintenance & Facilities
I would like to complain that the hostel water supply has not been updated in the hostel record. The warden was informed but I have not received any update. Please resolve this hostel-related problem soon.,Hostel/Provost Office
I want to bring this issue to your attention: the classroom chairs is not working properly during class hours. The facility is currently difficult to use safely. Please have this facility repaired or replaced.,Maintenance & Facilities
Can someone check why the classroom ceiling is damaged and unsafe to use. Please inspect the area and take the necessary action.,Maintenance & Facilities
"the room ceiling fan needs attention from the provost office. The problem is especially difficult during evening hours. Because the issue is still unresolved, it is now affecting my normal university work. I request the Provost Office to look into this matter.",Hostel/Provost Office
the scholarship payment was marked incomplete although all listed documents were attached. I need the document for another university process. Kindly check the application and provide an update.,Administrative Offices
"Hi, could you please look into this: the assignment grade is different from what appears on the departmental notice. I already contacted the relevant teacher but the record is unchanged. Please update the record according to the submitted documents.",Academic
the university WiFi is not connected to the campus network. The issue occurs both in the lab and on my own device. Please resolve the technical problem before the deadline.,IT Services
the computer lab software does not accept my correct login details.,IT Services
I am having trouble because the hostel curfew entry is not working properly. I have already checked this more than once. The concerned hostel staff are requested to take action.,Hostel/Provost Office
the registered credit hours has not been shared with students. Please recheck the entry and let me know once it is fixed.,Academic
