text,department
"the classroom chairs is overflowing during busy hours. It would be better to repair it before the damage increases. Because the issue is still unresolved, it is now affecting my normal university work. I request urgent maintenance of this issue.",Maintenance & Facilities
"Please help, i would like to complain that the registered credit hours does not include marks for work that I submitted. Please check the matter before it affects my semester further.",Academic
"I am having trouble because the backup generator keeps stopping and starting. This is especially difficult when the room is full. I have been trying to get this sorted out, but there hasnt been a clear resolution yet. The concerned staff are requested to repair this promptly.",Maintenance & Facilities
"This is getting difficult, the exam date sheet is still missing from the stuent record. I have checked the portal more than once and the same problem remains. Because the issue is still unresolved, it is now affecting my normal university work. Please recheck the entry and let me know once it is fixed.",Academic
the air conditioner is blocked and water is collecting around it.,Maintenance & Facilities
Please check why my CGPA was changed without any explanation. Please update the record according to the submitted documents.,Academic
the hot water facility is still unresolved after several days. Please take action and update me about the complaint.,Hostel/Provost Office
Can someone check why the washroom taps is not available when it is needed. I have already checked this more than once. Please have this facility repaired or replaced.,Maintenance & Facilities
the admission status has not been processed even though the documents were submitted.,Administrative Offices
I need help becase the air conditioner hasnt been repaired after an earlier complaint. I have already checked this more than once. Kindly send the maintenance team to inspect and fix it.,Maintenance & Facilities
the washroom plumbing has broken fittings. Please inspect the area and take the necessary action.,Maintenance & Facilities
I need help because the university WiFi is not connected to the campus network. I reported this earlier to the IT desk but it is still unresolved. Please restore access as soon as possible.,IT Services
the hostel water supply is not available at the stated time. Please resolve this hostel-related problem soon.,Hostel/Provost Office
I am facing an issue because the migration certificate was submitted before the deadline but still shows pending. I have already checked this more than once. Kindly check the application and provide an update.,Administrative Offices
"Hi, could you please look into this: the semester timetable still shows the old information after correction. Please check the matter before it affects my semester further.",Academic
"the laundry area has become worse this week. Please check the hostel record for my earlier complaint. Because the issue is still unresolved, it is now affecting my normal university work. I request the Provost Office to look into this matter.",Hostel/Provost Office
the student portal is showing outdated information. Please investigate the error and update the service.,IT Services
the admission document was entered under the wrong category. The application was submitted within the announced dates. The concerned office is requested to check and complete this matter.,Administrative Offices
Can someone check why the electrical sockets is blocked and water is collecting around it. Please have this facility repaired or replaced.,Maintenance & Facilities
"Can someone check why the air conditioner is leaking and making the floor wet. The issue becomes worse during afternoon classes. I have been trying to get this sorted out, but there has not been a clear resolution yet. The concerned staff are requested to repair this promptly.",Maintenance & Facilities
the hostel washroom is making it difficult to stay in the room. Several residents on the floor are facing the same problem. I request the Provost Office to look into this matter.,Hostel/Provost Office
"Hi, my attendance record does not reflect the form I submitted on time. Please verify the record and correct it.",Academic
the migration certificate has not been issued yet. I have already visited the concerned office more than once. I request verification and completion of the pending process.,Administrative Offices
"Can someone check why the hostel WiFi complant record was reported to the warden but no action has been taken. I informed the hostel staff earlier, but the issue continues. Please resolve this hostel-related problem soon.",Hostel/Provost Office
the classroom chairs needs urgent cleaning and maintenance. Please send someone to inspect the location. The concerned staff are requested to repair this promptly.,Maintenance & Facilities
There seems to be an issue with the fee refund request shows an incorrect amount. I need the document for another university process. Please correct the record and confirm the updated status.,Administrative Offices
"There is a problem with the assignment grade is different from what appears on the departmental notice. The department office asked me to wait but there has been no update. I have been trying to get this sorted out, but there has not been a clear resolution yet. Kindly investigate the discrepancy and make the required correction.",Academic
I need help because the viva schedule has not been approved despite repeated follow-up. I have already checked this more than once. Could the concerned office please confirm the correct status?,Academic
Could you please look into this: the backup generator needs urgent cleaning and maintenance. Students are facing this problem every day. I request urgent maintenance of this issue.,Maintenance & Facilities
my clearance form has not been approved even after verification. I need the document for another university process. Kindly check the application and provide an update.,Administrative Offices
I am writing regarding the laundry area has not been resolved after repeated reporting. I have already checked this more than once. Please handle the matter according to hostel policy.,Hostel/Provost Office
the hostel security desk has not been repaired despite an earlier request. The problm is especially difficult during evening hours. Please ask the hostel administration to resolve it.,Hostel/Provost Office
my midterm marks was uploaded late and now I cannot complete the next process. Please update the record according to the submitted documents.,Academic
I want to bring this issue to your attention: the water cooler has broken fittings. The area is frequently used by students and staff. I have been trying to get this sorted out but there has not been a clear resolution yet. The concerned staff are requested to repair this promptly.,Maintenance & Facilities
"I need help because the hostel washroom was handled differently from the stated hostel rules. I informed the hostel staff earlier, but the issue continues. Kindly inspect the issue and arrange the required solution.",Hostel/Provost Office
"I am writing regarding the registrar application has not been approved even after verification. This matter has remained unresolved for several working days. I have been trying to get this sorted out, but there has not been a clear resolution yet. Please resolve the issue without further unnecessary delay.",Administrative Offices
I want to report that the water cooler is making a loud noise throughout lectures. I have already checked this more than once. The concerned staff are requested to repair this promptly.,Maintenance & Facilities
"Could you please look into this: the mess food is causing unnecessary difficulty at night. The warden was informed, but I have not received any update. Kindly inspect the issue and arrange the required solution.",Hostel/Provost Office
Can someone check why the university server shows a server error repeatedly. Please check whether there is an account or server-side problem. Kindly check the network or account configuration.,IT Services
I want to bring this issue to your attention: the accounts office receipt has been delayed beyond the stated processing time. Kindly review the documents and process the request.,Administrative Offices
Could you plz look into this: the room cleanliness has not been repaired despite an earlier request. I have already checked this more than once. I request the Provost Office to look into this matter.,Hostel/Provost Office
I am facing an issue because my fee challan needs correction in the administrative record. The concerned office is requested to check and complete this matter.,Administrative Offices
Please check why the registrar application shows an incorrect amount. Kindly check the application and provide an update.,Administrative Offices
I need help because the LMS account does not send the verification message. Restarting the device did not solve the issue. Please restore access as soon as possible.,IT Services
"I have a problem, i want to report that the lab internet connection has been unavailable since this morning. I reported this earlier to the IT desk but it is still unresolved. Please resolve the technical problem before the deadline.",IT Services
the parking area has broken fittings. I request urgent maintenance of this issue.,Maintenance & Facilities
"the classroom fan has been left unrepaired since last week. The area is frequently used by students and staff. Because the issue is still unresolved, it is now affecting my normal university work. Please arrange repair as soon as possible.",Maintenance & Facilities
"Please help, can someone check why the lecture desk is making a loud noise throughout lectures. I have already checked this more than once. The concerned staff are requested to repair this promptly.",Maintenance & Facilities
Im writing regarding the lecture room lights needs urgent cleaning and maintenance. The area is frequently used by students and staff. Please arrange repair as soon as possible.,Maintenance & Facilities
I want to report that my portal login does not send the verification message. I reported this earlier to the IT desk but it is still unresolved. I would be grateful if the responsible office could review the details instead of asking me to repeat the same process. The IT team is requested to inspect and correct this.,IT Services
"my fee challan was marked incomplete although all listed documents were attached. I have already visited the concerned office more than once. Because the issue is still unresolved, it is now affecting my normal university work. Kindly review the documents and process the request.",Administrative Offices
my scholarship application contains incorrect student information. The application was submitted within the announced dates. Please ask the concerned administrative office to resolve this.,Administrative Offices
I need help because my thesis supervision does not reflect the form I submitted on time. Please recheck the entry and let me know once it is fixed.,Academic
"Can u check this, my financial aid application is stuck between two administrative offices. I have kept a copy of the submitted form and payment receipt. Because the issue is still unresolved, it is now affecting my normal university work. Please ask the concerned administrative office to resolve this.",Administrative Offices
I want to report that my universirty email is extremely slow during class hours. Kindly check the network or account configuration.,IT Services
There is a problem with the biometric attendance machine fails before the process is completed. Restarting the device did not solve the issue. I request technical support for this issue.,IT Services
Can someone check why the drainage line is overflowing during busy hours. The facility is currently difficult to use safely. Kindly send the maintenance team to inspect and fix it.,Maintenance & Facilities
"Can someone check why the university WiFi fails before the process is completed. The issue occurs both in the lab and on my own device. I have been trying to get this sorted out, but there has not been a clear resolution yet. Please investigate the error and update the service.",IT Services
I am facing an issue because my portal login does not send the verification message. I tried from more than one device and the problem is the same. I request technical support for this issue.,IT Services
I am facing an issue because the department printer has not been restored after an earlier complaint. I need access before the current submission deadline. I request technical support for this issue.,IT Services
the transcript has been pending for several days. I request the department to resolve this as soon as possible.,Academic
There seems to be an issue with the computer lab software is not syncing with my student account. The issue occurs both in the lab and on my own device. Please resolve the technical problem before the deadline.,IT Services
Could you please look into this: the hostel security refund does not match the payment receipt. I have already checked this more than once. Please correct the record and confirm the updated status.,Administrative Offices
"Sir please check, the accounts office receipt is being delayed because the counter staff keep asking me to return later.",Administrative Offices
I want to report that the university server is extremely slow during class hours. I tried from more than one device and the problm is the same. Kindly ask IT support to resolve this problem.,IT Services
"Can u check this, i want to report that the LMS course page is not loading the required page. I have already checked this more than once. Please check the account or system and fix the issue.",IT Services
the LMS course page fails before the process is completed.,IT Services
the parking area has been out of order for several days.,Maintenance & Facilities
"Sir plz check, there is a problem with the classroom projector is not detecting the connected device. I need access before the current submission deadline. I have been trying to get this sorted out, but there has not been a clear resolution yet. Please restore access as soon as possible.",IT Services
the hostel cleaning schedule was handled differently from the stated hostel rules. I have already submitted a request at the hostel office. Please resolve this hostel-related problem soon.,Hostel/Provost Office
Could you please look into this: the parking area needs urgent cleaning and maintenance. I have already checked this more than once. Please check the problem and restore the facility.,Maintenance & Facilities
Can someone check why my scholarship application is not appearing in the official record. Please process the request and correct the record.,Administrative Offices
Please check why the assignment grade has been pending for several days. This issue is causing difficulty with my current semester planning. I request the department to resolve this as soon as possible.,Academic
I am writing regarding my clearance form shows an incorrect amount. This matter has remained unresolved for several working days. I would be grateful if the responsible office could review the details instead of asking me to repeat the same process. I request verification and completion of the pending process.,Administrative Offices
Can someone check why the room change request is not available at the stated time. Several residents on the floor are facing the same problem. I would be grateful if the responsible office could review the details instead of asking me to repeat the same process. Please handle the matter according to hostel policy.,Hostel/Provost Office
I am having trouble because the online registration protal fails before the process is completed. I have already checked this more than once. Please check the account or system and fix the issue.,IT Services
I need help because the classroom ceiling is overflowing during busy hours. I have already checked this more than once. Please arrange repair as soon as possible.,Maintenance & Facilities
There is a problem with the washroom plumbing is damaged and unsafe to use. This is especially difficult when the room is full. Please have this facility repaired or replaced.,Maintenance & Facilities
"the email verification link is not connected to the campus network. I tried from more than one device and the problem is the same. Because the issue is still unresolved, it is now affecting my normal university work. Please investigate the error and update the service.",IT Services
I need help because the drinking water supply has been left unrepaired since last week. Kindly send the maintenance team to inspect and fix it.,Maintenance & Facilities
"Please check why the registrar application shows an incorrect amount. I have already visited the concerned ofice more than once. I have been trying to get this sorted out, but there has not been a clear resolution yet. Please resolve the issue without further unnecessary delay.",Administrative Offices
Can someone check why my degree verification request has been delayed beyond the stated processing time. I have already checked this more than once. I request verification and completion of the pending process.,Administrative Offices
pls check why the lab computer is rejecting files that meet the stated requirements. Please investigate the error and update the service.,IT Services
"Can someone check why the classroom ceiling is leaking and making the floor wet. The condition is affecting normal use of the area. I have been trying to get this sorted out, but there has not been a clear resolution yet. Please have this facility repaired or replaced.",Maintenance & Facilities
Please check why the hot water facility requires inspection by hostel staff. I have already checked this more than once. Kindly inspect the issue and arrange the required solution.,Hostel/Provost Office
"I am facing an issue because the toilet flush keeps stopping and starting. It would be better to repair it before the damage increases. I have been trying to get this sorted out, but there has not been a clear resolution yet. Please check the problem and restore the facility.",Maintenance & Facilities
"Sir please check, can someone check why my degree verification request needs correction in the administrative record. I have already checked this more than once. Please correct the record and confirm the updated status.",Administrative Offices
the water cooler has loose parts that may cause an accident.,Maintenance & Facilities
the lecture desk has been out of order for several days. The concerned staff are requested to repair this promptly.,Maintenance & Facilities
Please check why the LMS account is not responding at all. The IT team is requested to inspect and correct this.,IT Services
"the admission fee record was marked incomplete although all listed documents were attached. I have already visited the concerned office more than once. Because the issue is still unresolved, it is now affecting my normal university work. Kindly review the documents and process the request.",Administrative Offices
the classroom chairs needs urgent cleaning and maintenance.,Maintenance & Facilities
I want to bring this issue to your attention: the hot water facility is affecting basic hostel facilities. The issue needs attention before it becomes more serious. I would be grateful if the responsible office could review the details instead of asking me to repeat the same process. Kindly have the warden or relevant staff check this issue.,Hostel/Provost Office
There seems to be an issue with the toilet flush is creating an uncomfortable environment in the room. I request urgent maintenance of this issue.,Maintenance & Facilities
"the common room is not being handled according to the hostel procedure. The issue needs attention before it becomes more serious. Because the issue is still unresolved, it is now affecting my normal university work. Please take action and update me about the complaint.",Hostel/Provost Office
There is a problem with the campus network is not loading the required page. I have already checked this more than once. Kindly ask IT support to resolve this problem.,IT Services
I am facing an issue because the transcript was marked absent although I attended the class. I submitted the required application before the deadline. Kindly review this issue and update the academic record.,Academic
"There seems to be an issue with the hostel water supply requires inspection by hostel staff. I have already submitted a request at the hostel office. I have been trying to get this sorted out, but there has not been a clear resolution yet. Please ask the hostel administration to resolve it.",Hostel/Provost Office
"I need help because the registrar application is not appearing in the official record. I need the document for another university process. I have been trying to get this sorted out, but there has not been a clear resolution yet. Kindly check the application and provide an update.",Administrative Offices
the washroom taps is overflowing during busy hours.,Maintenance & Facilities
"Please help, there is a problem with the duplicate student card request is causing difficulty with another university process. I have already visited the concerned office more than once. I have been trying to get this sorted out, but there has not been a clear resolution yet. The concerned office is requested to check and complete this matter.",Administrative Offices
"I have a problem, i am writing regarding my attendance record is still missing from the student record. I need the corrected record for an upcoming academic requirement. I would be grateful if the responsible office could review the details instead of asking me to repeat the same process. Please verify the record and correct it.",Academic
"Please check why the room ceiling fan requires inspection by hostel staff. The warden was informed, but I have not received any update. The concerned hostel staff are requested to take action.",Hostel/Provost Office
the common room is causing problems for residents every day.,Hostel/Provost Office
I am facing an issue because the parking area keeps stopping and starting. I have already checked this more than once. Kindly send the maintenance team to inspect and fix it.,Maintenance & Facilities
the fee correction application was supposed to be completed earlier but remains unresolved. I would appreciate a clear status instead of being sent between offices. Please process the request and correct the record.,Administrative Offices
"Please help, i want to bring this issue to your attention: the student portal is not responding at all. I have already checked this more than once. I request technical support for this issue.",IT Services
There seems to be an issue with the washroom plumbing has been out of order for several days. Students are facing this problem every day. I would be grateful if the responsible office could review the details instead of asking me to repeat the same process. Please have this facility repaired or replaced.,Maintenance & Facilities
There is a problem with the lecture room lights is damaged and unsafe to use. Please inspect the area and take the necessary action.,Maintenance & Facilities
"I have a problem, there is a problem with my student card has not been approved even after verification. Please verify the record with the accounts or registrar office. Please ask the concerned administrative office to resolve this.",Administrative Offices
"Please help, the lecture desk has not been repaired after an earlier complaint. Please resolve the maintenance problem at the earliest.",Maintenance & Facilities
"Please help, please check why the registered credit hours is still missing from the student record. I already contacted the relevant teacher but the record is unchanged. I would be grateful if the responsible office could review the details instead of asking me to repeat the same process. can the office confirm the correct status?",Academic
There is a problem with the common room needs attention from the provost office. I have already checked this more than once. Please ask the hostel administration to resolve it.,Hostel/Provost Office
"This is getting difficult, the classroom ceiling is in poor condition and needs replacement.",Maintenance & Facilities
Could you please look into this: my roommate issue is creating hygiene concerns for residents. I have already submitted a request at the hostel office. Please take action and update me about the complaint.,Hostel/Provost Office
I am having trouble because my degree verification request has been pending without any clear update. I request verification and completion of the pending process.,Administrative Offices
I am facing an issue because the building staircase keeps stopping and starting. Please send someone to inspect the location. Please inspect the area and take the necessary action.,Maintenance & Facilities
I am facing an issue because the water cooler is not working properly during class hours. This is especially difficult when the room is full. Please inspect the area and take the necessary action.,Maintenance & Facilities
"the backup generator needs urgent cleaning and maintenance. The facility is currently difficult to use safely. Because the issue is still unresolved, it is now affecting my normal university work. Please have this facility repaired or replaced.",Maintenance & Facilities
"the drinking water supply is producing a strong smell and needs maintenance. A maintenance complaint was already reported, but the problem remains. I request urgent maintenance of this issue.",Maintenance & Facilities
"I have a problem, i need help because the scholarship payment has not been issued yet. I have already checked this more than once. The concerned office is requested to check and complete this matter.",Administrative Offices
I am writing regarding the assignment grade is creating a clash with another registered course. The supporting document was submitted at the department office. Please check the matter before it affects my semester further.,Academic
"the room ceiling fan is causing unnecessary difficulty at night. I would like the matter to be handled according to hostel rules. Because the issue is still unresolved, it is now affecting my normal university work. The concerned hostel staff are requested to take action.",Hostel/Provost Office
"Please help, the scholarship payment was entered under the wrong category. This matter has remained unresolved for several wroking days. The concerned office is requested to check and complete this matter.",Administrative Offices
the washroom plumbing has broken fittings.,Maintenance & Facilities
the lecture room lights has been out of order for several days.,Maintenance & Facilities
Please check why my portal login keeps disconnecting during use. Other university websites are opening normally. Please check the account or system and fix the issue.,IT Services
"I need help because the classroom chairs has not been repaired after an earlier complaint. A maintenance complaint was already reported, but the problem remains. Kindly resolve the maintenance problem at the earliest.",Maintenance & Facilities
I want to report that the password reset service shows a server error repeatedly. The issue occurs both in the lab and on my own device. I have been trying to get this sorted out but there has not been a clear resolution yet. Please restore access as soon as possible.,IT Services
I want to bring this issue to your attention: the migration certificate was submitted before the deadline but still shows pending. I have already checked this more than once. Please resolve the issue without further unnecessary delay.,Administrative Offices
I need help because the registered credit hours shows a value that does not match the marks announced in class. I have already checked this more than once. I request the department to resolve this as soon as possible.,Academic
"Can u check this, the scholarship payment was entered under the wrong category. This matter has remained unresolved for several working days. Please correct the record and confirm the updtaed status.",Administrative Offices
the migration certificate is being delayed because the counter staff keep asking me to return later. Please verify the record with the accounts or registrar office. Kindly check the application and provide an update.,Administrative Offices
"I want to report that the classroom projector shows a server error repeatedly. I already changed the password, but the error remains. I would be grateful if the responsible office could review the details instead of asking me to repeat the same process. The IT team is requested to inspect and correct this.",IT Services
"the lecture room lights keeps stopping and starting. It would be better to repair it before the damage increases. Because the issue is still unresolved, it is now affecting my normal university work. Kindly resolve the maintenance problem at the earliest.",Maintenance & Facilities
"I have a problem, the hostel room lock is making it difficult to stay in the room. The problem is especially difficult during evening hours. Please ask the hostel administration to resolve it.",Hostel/Provost Office
"I am facing an issue because the final exam result is creating a clash with another registered course. This issue is causing difficulty with my current semester planning. I have been trying to get this sorted out, but there has not been a clear resolution yet. Please update the record according to the submitted documents.",Academic
"This is getting difficult, the classroom windows is overflowing during busy hours. The area is frequently used by students and staff. Please send the maintenance team to inspect and fix it.",Maintenance & Facilities
"This is getting difficult, i need help because the lab internet connection has not been restored after an earlier complaint. I have already checked this more than once. Please check the account or system and fix the issue.",IT Services
"Sir please check, i am writing regarding the campus network has stopped working after the latest update. This is affecting my ability to complete university work. Please check the account or system and fix the issue.",IT Services
"I have a problem, there is a problem with my clearance form was returned without explaining what is missing. The delay is creating difficulty with my semester matters. Please review the documents and process the request.",Administrative Offices
the result card was entered under the wrong course code.,Academic
the assignment grade does not reflect the form I submitted on time. I have checked the portal more than once and the same problem remains. Please recheck the entry and let me know once it is fixed.,Academic
"I want to bring this issue to your attention: the makeup exam request contains an error that is affecting my semester record. The supporting document was submitted at the department office. I have been trying to get this sorted out, but there has not been a clear resolution yet. Please recheck the entry and let me know once it is fixed.",Academic
"Sir please check, could you please look into this: the LMS course page fails before the process is completed. Other university websites are opening normally. The IT team is requested to inspect and correct this.",IT Services
"Can u check this, i want to report that the water cooler is damaged and unsafe to use. The area is frequently used by students and staff. pleas check the problem and restore the facility.",Maintenance & Facilities
the classroom projector keeps disconnecting during use. Please resolve the technical problem before the deadline.,IT Services
"I want to report that my student card has not been issued yet. The counter staff asked me to check again later, but there is still no progress. I have been trying to get this sorted out, but there has not been a clear resolution yet. Please process the request and correct the record.",Administrative Offices
"Sir please check, could you please look into this: my thesis supervision was uploaded late and now I cannot complete the next process. The supporting document was submitted at the deparment office. I would be grateful if the responsible office could review the details instead of asking me to repeat the same process. Please check the matter before it affects my semester further.",Academic
Can someone check why the semester timetable has been pending for several days. Kindly review this issue and update the academic record.,Academic
I would like to complain that the toilet flush has loose parts that may cause an accident. I have already checked this more than once. Please have this facility repaired or replaced.,Maintenance & Facilities
Could you please look into this: the makeup exam request contains an error that is affecting my semester recrod. I have already checked this more than once. Kindly investigate the discrepancy and make the required correction.,Academic
the exam date sheet shows a value that does not match the marks announced in class.,Academic
There is a problem with the hostel security desk has become worse this week. The condition has been causing inconvenience for several days. Please ask the hostel administration to resolve it.,Hostel/Provost Office
the final exam result shows a value that does not match the marks announced in class. I request the department to resolve this as soon as possible.,Academic
"Sir please check, i want to bring this issue to your attention: the registered credit hours was uploaded late and now I cannot complete the next process. I need the corrected recoard for an upcoming academic requirement. Please recheck the entry and let me know once it is fixed.",Academic
"This is getting difficult, i am writing regarding the registrar application is stuck between two administrative offices. Please verify the record with the accounts or registrar office. I have been trying to get this sorted out, but there has not been a clear resolution yet. Please review the documents and process the request.",Administrative Offices
"Please help, i want to report that the hostel cleaning schedule is creating hygiene concerns for residents. The issue needs attention before it becomes more serious. I would be grateful if the responsible office could review the details instead of asking me to repeat the same process. Please handle the matter according to hostel policy.",Hostel/Provost Office
"Please check why the hostel WiFi complaint record is not being handled according to the hostel procedure. The problem is especially difficult during evening hours. I have been trying to get this sorted out, but there has not been a clear resolution yet. I request the Provost Office to look into this matter.",Hostel/Provost Office
the semester timetable has not been updated even though the instructor confirmed the correction. I already contacted the relevant teacher but the recrod is unchanged. Could the concerned office please confirm the correct status?,Academic
"the viva schedule is different from what appears on the departmental notice. Because of this error, I am unable to proceed with the next academic step. Kindly review this issue and update the academic record.",Academic
the corridor lights is creating an uncomfortable environment in the room. Please check the problem and restore the facility.,Maintenance & Facilities
"Can u check this, could you please look into this: the room cleanliness is creating an uncomfortable living situation. I have already checked this more than once. Please handle the matter according to hostel policy.",Hostel/Provost Office
Please check why my fee challan contains incorrect stuent information. Kindly review the documents and process the request.,Administrative Offices
the thesis progress review has an incorrect total after the latest update. Other students in the same class can see the correct information. Please update the recoard according to the submitted documents.,Academic
the hostel water supply is creating an uncomfortable living situation.,Hostel/Provost Office
I need help because the password reset service is extremely slow during class hours. I tried from more than one device and the problem is the same. Please resolve the technical problem before the deadline.,IT Services
"I want to report that my CGPA does not reflect the form I submitted on time. I already contacted the relevant teacher but the record is unchanged. I have been trying to get this sorted out, but there has not been a clear resolution yet. Could the concerned office please confirm the correct status?",Academic
There is a problem with my scholarship application is stuck between two administrative offices. pleas process the request and correct the record.,Administrative Offices
the room change request was handled differently from the stated hostel rules. Several residents on the floor are facing the same problm. Kindly inspect the issue and arrange the required solution.,Hostel/Provost Office
the hostel curfew entry has not been repaired despite an earlier request. This is affecting normal hostel routine. Please handle the matter according to hostel policy.,Hostel/Provost Office
"I have a problemm, i want to report that the biometric attendance machine is extremely slow during class hours. I already changed the password, but the error remains. I have been trying to get this sorted out, but there has not been a clear resolution yet. Please restore access as soon as possible.",IT Services
There seems to be an issue with the projector connection does not send the verification message. I request technical support for this issue.,IT Services
"Sir please check, the drinking water supply keeps stopping and starting. This is especially difficult when the room is full. Because the issue is still unresolved, it is now affecting my normal university work. Please have this facility repaired or replaced.",Maintenance & Facilities
the computer lab software has been unavailable since this morning.,IT Services
I want to bring this issue to your attention: the network connection works for a few minutes and then goes offline. I have already checked this more than once. Please resolve the technical problem before the deadline.,IT Services
Please check why the backup generator is creating an uncomfortable environment in the room. Students are facing this problem every day. Kindly resolve the maintenance problem at the earliest.,Maintenance & Facilities
Please check why the LMS account has been unavailable since this morning. I tried from more than one device and the problem is the same. I request technical support for this issue.,IT Services
I am facing an issue because the admission status has not been issued yet. I have already checked this more than once. Please process the request and correct the record.,Administrative Offices
"Sir please check, my attendance record has an incorrect total after the latest update.",Academic
There seems to be an issue with my scholarship application has been delayed beyond the stated processing time. I have already visited the concerned office more than once. Please correct the record and confirm the updated status.,Administrative Offices
There is a problem with the thesis progress review contains an error that is affecting my semester record. I submitted the required application before the deadline. Please verify the record and correct it.,Academic
"I am writing regarding the practical marks is showing the wrong course information. becuase of this error, I am unable to proceed with the next academic step. I would be grateful if the responsible office could review the details instead of asking me to repeat the same process. Please update the record according to the submitted documents.",Academic
the prerequisite approval was marked absent although I attended the class. The department office asked me to wait but there has been no update. Please check the matter before it affects my semester further.,Academic
Can someone check why the makeup exam request is different from what appears on the departmental notice. I submitted the required application before the deadline. I have been trying to get this sorted out but there has not been a clear resolution yet. Kindly review this issue and update the academic record.,Academic
Please check why the registrar application has not been approved even after verification. I have already checked this more than once. Kindly check the application and provide an update.,Administrative Offices
"the university WiFi has been unavailable since this morning. The issue occurs both in the lab and on my own device. Because the issue is still unresolved, it is now affecting my normal university work. Kindly check the network or account configuration.",IT Services
"I want to report that the assignment grade is creating a clash with another registered course. Because of this error, Im unable to proceed with the next academic step. Kindly review this issue and update the academic recrod.",Academic
I am having trouble because my midterm marks contains an error that is affecting my semester record. The supporting document was submitted at the department office. I would be grateful if the responsible office could review the details instead of asking me to repeat the same process. Could the concerned office please confirm the correct status?,Academic
the lab computer shows a server error repeatedly.,IT Services
"Sir please check, the document attestation request needs correction in the administrative record.",Administrative Offices
"Can u check this, please check why the quiz score does not include marks for work that I submitted. I have already checked this more than once. Please verify the record and correct it.",Academic
There seems to be an issue with the official certificate request has not been issued yet. I have already checked this more than once. Please correct the record and confirm the updated status.,Administrative Offices
my university email has stopped working after the latest update.,IT Services
There is a problem with the result card has not been updated even though the instructor confirmed the correction. I already contacted the relevant teacher but the record is unchanged. Please update the record according to the submitted documents.,Academic
"I want to report that the hostel corridor lights has been pending with the hostel office. Please check the hostel record for my earlier complaint. I have been trying to get this sorted out, but there has not been a clear resolution yet. Kindly inspect the issue and arrange the required solution.",Hostel/Provost Office
I need help because the network connection is rejecting files that meet the stated requirements. I tried from more than one device and the problem is the same. Kindly ask IT support to resolve this problem.,IT Services
"Please help, there is a problem with the hostel WiFi complant record is affecting basic hostel facilities. I have already submitted a request at the hostel office. I have been trying to get this sorted out, but there has not been a clear resolution yet. Please inspect the issue and arrange the required solution.",Hostel/Provost Office
Can someone check why the course section has not been updtaed even though the instructor confirmed the correction. I have already checked this more than once. Could the concerned office please confirm the correct status?,Academic
"Hi, i want to report that the university server does not send the verification message. I have already checked this more than once. Please resolve the technical problem before the deadline.",IT Services
Im having trouble because the hostel washroom is not being handled according to the hostel procedure. Please resolve this hostel-related problem soon.,Hostel/Provost Office
"I need help because the admission document has not been processed even though the documents were submitted. The counter staff asked me to check again later, but there is still no progress. Kindly check the application and provide an update.",Administrative Offices
Can someone check why the lab internet connection shows a server error repeatedly. Please restore access as soon as possible.,IT Services
There seems to be an issue with the computer lab software hasnt been restored after an earlier complaint. I have already checked this more than once. Please resolve the technical problem before the deadline.,IT Services
the fee refund request has no status update despite repeated visits.,Administrative Offices
"the hostel washroom has not been resolved after repeated reporting. The condition has been causing inconvenience for several days. Because the issue is still unresolved, it is now affecting my normal university work. The concerned hostel staff are requested to take action.",Hostel/Provost Office
"This is getting difficult, my roommate issue is causing unnecessary difficulty at night. Please handle the matter according to hostel policy.",Hostel/Provost Office
I am writing regarding the password reset service shows a server error repeatedly. The problem started recently and has continued since then. Please resolve the technical problem before the deadline.,IT Services
the biometric attendance machine does not accept my correct login details.,IT Services
There seems to be an issue with the accounts office receipt contains incorrect student information. I have already checked this more than once. Please correct the record and confirm the updated status.,Administrative Offices
There is a problem with the network connection shows an error whenever I try to submit work. The problem started recently and has continued since then. Please restore access as soon as possible.,IT Services
I am facing an issue because the thesis progress review was not accepted even though I met the deadline. Could the concerned offce please confirm the correct status?,Academic
I am having trouble because the hostel corridor lights is creating hygiene concerns for residents. The condition has been causing inconvenience for several days. I would be grateful if the responsible office could review the details instead of asking me to repeat the same process. Please take action and update me about the complaint.,Hostel/Provost Office
"There seems to be an issue with the final exam result still shows the old information after correction. This issue is causing difficulty with my current semester planning. I have been trying to get this sorted out, but there has not been a clear resolution yet. Please check the matter before it affects my semester further.",Academic
"Hi, the online registration portal is not responding at all. Please ask IT support to resolve this problem.",IT Services
Could you please look into this: the washroom taps is not available when it is needed. I have already checked this more than once. I request urgent maintenance of this issue.,Maintenance & Facilities
I want to bring this issue to your attention: the network connection has been unavailable since this morning. The issue occurs both in the lab and on my own device. I would be grateful if the responsible office could review the details instead of asking me to repeat the same process. Please check the account or system and fix the issue.,IT Services
I am writing regarding the mess food is making it difficult to stay in the room. The issue needs attention before it becomes more serious. I would be grateful if the responsible office could review the details instead of asking me to repeat the same process. Kindly inspect the issue and arrange the required solution.,Hostel/Provost Office
my fee challan hasnt been forwarded to the concerned office. The delay is creating difficulty with my semester matters. Please correct the record and confirm the updated status.,Administrative Offices
I am having trouble because the registrar application is not appearing in the official record. I need the document for another university process. I request verification and completion of the pending process.,Administrative Offices
"Hi, the duplicate student card request does not match the payment receipt. I would appreciate a clear status instead of being sent between offices. Please ask the concerned administrative office to resolve this.",Administrative Offices
"I am writing regarding the printing system is not responding at all. I tried from more than one device and the problem is the same. I have been trying to get this sorted out, but there has not been a clear resolution yet. Please investigate the error and update the service.",IT Services
the accounts office receipt has no status update despite repeated visits. Please verify the record with the accounts or registrar office. Please correct the record and confirm the updated status.,Administrative Offices
I am having trouble because the mess food is causing problems for residents every day. The problem is especially difficult during evening hours. Please ask the hostel administration to resolve it.,Hostel/Provost Office
"This is getting difficult, i want to report that the lecture room lights is blocked and water is collecting around it. I request urgent maintenance of this issue.",Maintenance & Facilities
"Can u check this, plz check why the lab computer is not detecting the connected device. I have already checked this more than once. Please investigate the error and update the service.",IT Services
"I am having trouble becuase the classroom ceiling is making a loud noise throughout lectures. The problem is now affecting more than one class. I have been trying to get this sorted out, but there has not been a clear resolution yet. Kindly resolve the maintenance problem at the earliest.",Maintenance & Facilities
There is a problem with my thesis supervision is still missing from the student recoard. Kindly investigate the discrepancy and make the required correction.,Academic
"This is getting difficult, there is a problem with the hostel cleaning schedule is not being handled according to the hostel procedure. The condition has been causing inconvenience for several days. I have been trying to get this sorted out, but there has not been a clear resolution yet. Please ask the hostel administration to resolve it.",Hostel/Provost Office
"I want to bring this issue to your attention: the online registration portal has stopped working after the latest update. I already changed the password, but the error remains. I request technical support for this issue.",IT Services
I want to report that the water cooler is producing a strong smell and needs maintenance. I have already checked this more than once. The concerned staff are requested to repair this promptly.,Maintenance & Facilities
I am having trouble because the admission status has no status update despite repeated visits. I have kept a copy of the submitted form and payment receipt. I request verification and completion of the pending process.,Administrative Offices
I am writing regarding my fee challan is not appearing in the official record. The application was submitted within the announced dates. The concerned office is requested to check and complete this matter.,Administrative Offices
I would like to complain that the hot water facility was handled differently from the stated hostel rules. I have already checked this more than once. Please handle the matter according to hostel policy.,Hostel/Provost Office
I want to bring this issue to your attention: the password reset service has been unavailable since this morning. I have already checked this more than once. The IT team is requested to inspect and correct this.,IT Services
I am having trouble because the air conditioner is blocked and water is collecting around it. Please check the problem and restore the facility.,Maintenance & Facilities
Please check why the classroom chairs has been left unrepaired since last week. The condition is affecting normal use of the area. The concerned staff are requested to repair this promptly.,Maintenance & Facilities
Can someone check why the hostel gate procedure has not been resolved after repeated reporting. I would like the matter to be handled according to hostel rules. Please handle the matter according to hostel policy.,Hostel/Provost Office
"I want to report that the printing system has not been restored after an earlier complaint. I already changed the password, but the error remains. The IT team is requested to inspect and correct this.",IT Services
"Can u check this, the duplicate student card request is causing difficulty with another university process. The application was submitted within the announced dates. becuase the issue is still unresolved, it is now affecting my normal university work. Please review the documents and process the request.",Administrative Offices
There is a problem with the hostel room lock is creating hygiene concerns for residents. I have already checked this more than once. I request the Provost Office to look into this matter.,Hostel/Provost Office
Could you please look into this: the admission fee record shows an incorrect amount. I need the document for another university process. I would be grateful if the responsible office could review the details instead of asking me to repeat the same process. Kindly check the application and provide an update.,Administrative Offices
"This is getting difficult, i am having trouble because my clearance form doesnt match the payment receipt. This matter has remained unresolved for several working days. Please resolve the issue without further unnecessary delay.",Administrative Offices
There is a problem with the hostel cleaning schedule is not being handled according to the hostel procedure. Please check the hostel record for my earlier complaint. Kindly inspect the issue and arrange the required solution.,Hostel/Provost Office
my scholarship application has no status update despite repeated visits.,Administrative Offices
Please check why the hostel curfew entry has not been resolved after repeated reporting. This is affecting normal hostel routine. I would be grateful if the responsible office could review the details instead of asking me to repeat the same process. Please handle the matter according to hostel policy.,Hostel/Provost Office
"the migration certificate shows an incorrect amount. The counter staff asked me to check again later, but there is still no progress. Kindly review the documents and process the request.",Administrative Offices
Please check why the lab internet connection is not detecting the connected device. The problem started recently and has continued since then. I have been trying to get this sorted out but there has not been a clear resolution yet. Please restore access as soon as possible.,IT Services
I would like to complain that the hot water facility is causing unnecessary difficulty at night. Kindly inspect the issue and arrange the required solution.,Hostel/Provost Office
the registrar application has not been issued yet. Please correct the record and confirm the updated status.,Administrative Offices
I need help because the mess timing is not working properly. I have already checked this more than once. Please ask the hostel administration to resolve it.,Hostel/Provost Office
"I would like to complain that my student card is not appearing in the official record. I have already visited the concerned office more than once. I have been trying to get this sorted out, but there has not been a clear resolution yet. Please resolve the issue without further unnecessary delay.",Administrative Offices
"There is a problem with the scholarship payment has not been approved even after verification. The counter staff asked me to check again later, but there is still no progress. I would be grateful if the responsible office could review the details instead of asking me to repeat the same process. I request verification and completion of the pending process.",Administrative Offices
I am having trouble because the room ceiling fan is not being handled according to the hosel procedure. I have already checked this more than once. I request the Provost Office to look into this matter.,Hostel/Provost Office
"There seems to be an issue with the lecture room lights is leaking and making the floor wet. Please send someone to inspect the location. I have been trying to get this sorted out, but there has not been a clear resolution yet. Please have this facility repaired or replaced.",Maintenance & Facilities
I am writing regarding my student card needs correction in the administrative record. Please ask the concerned administrative office to resolve this.,Administrative Offices
"Hi, i am writing regarding the hostel gate procedure needs attention from the provost offce. I have already checked this more than once. Please have the warden or relevant staff check this issue.",Hostel/Provost Office
the hostel water supply has not been resolved after repeated reporting.,Hostel/Provost Office
the admission fee record is not appearing in the official record. I have kept a copy of the submitted form and payment receipt. The concerned office is requested to check and complete this matter.,Administrative Offices
the room cleanliness is not working properly. I would like the matter to be handled according to hostel rules. Please handle the matter according to hostel policy.,Hostel/Provost Office
"Could you please look into this: the exam date sheet is showing the wrong course information. Other students in the same class can see the correct information. I have been trying to get this sorted out, but there has not been a clear resolution yet. I request the department to resolve this as soon as possible.",Academic
I want to report that my CGPA is showing the wrong course information. I have already checked this more than once. Please verify the record and correct it.,Academic
There is a problem with the assignment grade was changed without any explanation. I need the corrected record for an upcoming academic requirement. plz recheck the entry and let me know once it is fixed.,Academic
"I am having trouble because the hostel water supply is not available at the stated time. I informed the hostel staff earlier, but the issue continues. I have been trying to get this sorted out, but there hasnt been a clear resolution yet. Please take action and update me about the complaint.",Hostel/Provost Office
"Could you please look into this: the admission status is not appearing in the official record. I need the document for another university process. I have been trying to get this sorted out, but there has not been a clear resolution yet. Please process the request and correct the record.",Administrative Offices
"Sir please check, my portal login is not loading the required page. Please check the network or account configuration.",IT Services
the bonafide certificate is not appearing in the official record. I would appreciate a clear status instead of being sent between offices. Please ask the concerned administrative office to resolve this.,Administrative Offices
"There seems to be an issue with the LMS account is rejecting files that meet the stated requirements. I tried from more than one device and the problem is the same. I have been trying to get this sorted out, but there has not been a clear resolution yet. Please restore access as soon as possible.",IT Services
"Could you please look into this: the lab computer is extremely slow during class hours. I reported this earlier to the IT desk but it is still unresolved. I have been trying to get this sorted out, but there has not been a clear resolution yet. The IT team is requested to inspect and correct this.",IT Services
There seems to be an issue with the water cooler is leaking and making the floor wet. Students are facing this problem every day. I would be grateful if the responsible office could review the details instead of asking me to repeat the same process. Kindly resolve the maintenance problem at the earliest.,Maintenance & Facilities
I am having trouble because the course section does not reflect the form I submitted on time. Could the concerned office please confirm the correct status?,Academic
"Hi, my scholarship applicaton shows an incorrect amount.",Administrative Offices
the semester timetable is showing the wrong course information.,Academic
"the room ceiling fan is causing problems for residents every day. The warden was informed but I have not received any update. Because the issue is still unresolved, it is now affecting my normal university work. The concerned hostel staff are requested to take action.",Hostel/Provost Office
my degree verification request hasnt been forwarded to the concerned office.,Administrative Offices
I need help because the common room has not been repaired despite an earlier request. Please check the hostel record for my earlier complaint. I would be grateful if the responsible office could review the details instead of asking me to repeat the same process. Please take action and update me about the complaint.,Hostel/Provost Office
"Please check why the university server is rejecting files that meet the stated requirements. I already changed the password, but the error remains. I have been trying to get this sorted out, but there has not been a clear resolution yet. Please restore access as soon as possible.",IT Services
I am facing an issue because the mess timing is not being handled according to the hostel procedure. I would like the matter to be handled according to hostel rules. I request the Provost Office to look into this matter.,Hostel/Provost Office
"Sir please check, my degree verification request does not match the payment receipt. I have kept a copy of the submitted form and payment receipt. Please resolve the issue without further unnecessary delay.",Administrative Offices
There is a problem with the room cleanliness has been pending with the hostel office. The condition has been causing inconvenience for several days. I would be grateful if the responsible office could review the details instead of asking me to repeat the same process. Please take action and update me about the complaint.,Hostel/Provost Office
"the document attestation request hasnt been processed even though the documents were submitted. I have already visited the concerned office more than once. Because the issue is still unresolved, it is now affecting my normal university work. Kindly review the documents and process the request.",Administrative Offices
"I would like to complain that the semester timetable is showing the wrong course information. This issue is causing difficulty with my current semester planning. I have been trying to get this sorted out, but there has not been a clear resolution yet. Could the concerned office pleas confirm the correct status?",Academic
"I have a problem, the laboratory ventilation is causing difficulty for students during lectures. The concerned staff are requested to repair this promptly.",Maintenance & Facilities
the hostel security refund has been pending without any clear update. The application was submitted within the announced dates. Please process the request and correct the record.,Administrative Offices
the backup generator is not working properly during class hours. The area is frequently used by students and staff. Kindly send the maintenance team to inspect and fix it.,Maintenance & Facilities
"Please help, the admission status does not match the payment receipt. The delay is creating difficulty with my semester matters. Please review the documents and process the request.",Administrative Offices
There seems to be an issue with the lecture desk has exposed wiring that should be inspected. Kindly resolve the maintenance problem at the earliest.,Maintenance & Facilities
"This is getting difficult, there is a problem with the electrical sockets keeps stopping and starting. I have already checked this more than once. I request urgent maintenance of this issue.",Maintenance & Facilities
"I have a problem, the document attestation request has not been issued yet.",Administrative Offices
"I am writing regarding the department elevator has not been repaired after an earlier complaint. This is especially difficult when the room is full. I have been trying to get this sorted out, but there has not been a clear resolution yet. The concerned staff are requested to repair this promptly.",Maintenance & Facilities
Could you please look into this: the password reset service shows an error whenever I try to submit work. This is affecting my ability to complete universty work. I would be grateful if the responsible office could review the details instead of asking me to repeat the same process. Please restore access as soon as possible.,IT Services
"This is getting difficult, i am having trouble because the hostel WiFi complaint record was reported to the warden but no action has been taken. I informed the hostel staff earlier, but the issue continues. I have been trying to get this sorted out, but there has not been a clear resolution yet. Please have the warden or relevant staff check this issue.",Hostel/Provost Office
"There is a problem with the semester timetable is showing the wrong course information. The department office asked me to wait, but there has been no update. I have been trying to get this sorted out, but there has not been a clear resolution yet. I request the department to resolve this as soon as possible.",Academic
"Can someone check why the exam date sheet is showing the wrong course information. Because of this error, I am unable to proceed with the next academic step. Could the concerned office please confirm the correct status?",Academic
"I am writing regarding the parking area has exposed wiring that should be inspected. The condition is affecting normal use of the area. I have been trying to get this sorted out, but there has not been a clear resolution yet. Please arrange repair as soon as possible.",Maintenance & Facilities
"This is getting difficult, the room change request was handled differently from the stated hostel rules. This is affecting normal hostel routine. plz ask the hostel administration to resolve it.",Hostel/Provost Office
I want to bring this issue to your attention: the drinking water supply has been left unrepaired since last week. I have already checked this more than once. Please have this facility repaired or replaced.,Maintenance & Facilities
Can someone check why the laundry area needs attention from the provost office. I request the Provost Office to look into this matter.,Hostel/Provost Office
"the classroom chairs is causing difficulty for students during lectures. The area is frequently used by students and staff. Because the issue is still unresolved, it is now affecting my normal university work. Kindly resolve the maintenance problem at the earliest.",Maintenance & Facilities
"the hostel washroom needs attention from the provost office. The condition has been causing inconvenience for several days. Because the issue is still unresolved, it is now affecting my normal university work. Kindly have the warden or relevant staff check this issue.",Hostel/Provost Office
Please check why the exam date sheet has not been updated even though the instructor confirmed the correction. I have already checked this more than once. Kindly review this issue and update the academic recoard.,Academic
I want to bring this issue to your attention: the LMS course page has stopped working after the latest update. I have already checked this more than once. Please restore access as soon as possible.,IT Services
my degree verification request is stuck between two administrative offices.,Administrative Offices
There seems to be an issue with the lab computer is preventing me from accessing course material. Restarting the device did not solve the issue. Kindly check the network or account configuration.,IT Services
Can someone check why the LMS account shows a server error repeatedly. The issue occurs both in the lab and on my own device. I request technical support for this issue.,IT Services
"the hostel security refund has not been processed even though the documents were submitted. The counter staff asked me to check again later, but there is still no progress. Kindly check the application and provide an update.",Administrative Offices
the toilet flush has been left unrepaired since last week.,Maintenance & Facilities
Please check why the hostel security desk is not being handled according to the hostel procedure. I have already checked this more than once. Kindly have the warden or relevant staff check this issue.,Hostel/Provost Office
"I have a problem, can someone check why the hot water facility is creating an uncomfortable living situation. Please check the hostel record for my earlier complaint. I would be grateful if the responsible office could review the details instead of asking me to repeat the same process. Please resolve this hostel-related problem soon.",Hostel/Provost Office
"Please help, i would like to complain that the campus network is preventing me from accessing course material. I already changed the password, but the error remains. Please restore access as soon as possible.",IT Services
"This is getting difficult, the universty WiFi fails before the process is completed. I tried from more than one device and the problem is the same. Please investigate the error and update the service.",IT Services
"Sir please check, the hostel curfew entry has not been repaired despite an earlier request. Please check the hostel record for my earlier complaint. Because the issue is still unresolved, it is now affecting my normal university work. Please take action and update me about the complaint.",Hostel/Provost Office
There seems to be an issue with the course section shows a value that does not match the marks announced in class. I have already checked this more than once. Please recheck the entry and let me know once it is fixed.,Academic
the hostel WiFi complaintt record has become worse this week.,Hostel/Provost Office
the lecture room lights needs urgent cleaning and maintenance. The area is frequently used by students and staff. The concerned staff are requested to repair this promptly.,Maintenance & Facilities
I am having trouble becase the result card shows a value that does not match the marks announced in class. The supporting document was submitted at the department office. Please check the matter before it affects my semester further.,Academic
the makeup exam request was entered under the wrong course code. Please recheck the entry and let me know once it is fixed.,Academic
Im having trouble because the projector connection doesnt recognize my account. Please check whether there is an account or server-side problem. Please restore access as soon as possible.,IT Services
"the lab computer is not loading the required page. Other university websites are opening normally. Because the issue is still unresolved, it is now affecting my normal university work. Please investigate the error and update the service.",IT Services
"I want to report that the classroom chairs is creating an uncomfortable environment in the room. It would be better to repair it before the damage increases. I have been trying to get this sorted out, but there has not been a clear resolution yet. I request urgent maintenance of this issue.",Maintenance & Facilities
"the course section contains an error that is affecting my semester record. I need the corrected record for an upcoming academic requirement. Because the issue is still unresolved, it is now affecting my normal university work. Please verify the record and correct it.",Academic
the mess timing needs attention from the provost office. I have already submitted a request at the hostel office. The concerned hostel staff are requested to take action.,Hostel/Provost Office
Please check why the scholarship payment is not appearing in the official record. I have already checked this more than once. Please correct the record and confirm the updated status.,Administrative Offices
"I am facing an issue because my clearance form has not been forwarded to the concerned office. Please verify the record with the accounts or registrar office. I have been trying to get this sorted out, but there has not been a clear resolution yet. Kindly review the documents and process the request.",Administrative Offices
"I would like to complain that the hostel security desk is affecting basic hostel facilities. I have already submitted a request at the hostel office. I have been trying to get this sorted out, but there has not been a clear resolution yet. Please resolve this hostel-related problem soon.",Hostel/Provost Office
I want to bring this issue to your attention: the hostel cleaning schedule is creating repeated arguments among residents. The condition has been causing inconvenience for several days. The concerned hostel staff are requested to take action.,Hostel/Provost Office
I am having trouble because the registrar application was entered under the wrong category. I have already checked this more than once. I request verification and completion of the pending process.,Administrative Offices
"the student portal is not detecting the connected device. This is affecting my ability to complete university work. Because the issue is still unresolved, it is now affecting my normal university work. Kindly ask IT support to resolve this problem.",IT Services
There seems to be an issue with the laundry area is creating hygiene concerns for residents. Please take action and update me about the complaint.,Hostel/Provost Office
I am having trouble because the room ceiling fan was reported to the warden but no action has been taken. The issue needs attention before it becomes more serious. I would be grateful if the responsible office could review the details instead of asking me to repeat the same process. Please resolve this hostel-related problem soon.,Hostel/Provost Office
I want to bring this issue to your attention: the computer lab software has been unavailable since this morning. Please restore access as soon as possible.,IT Services
I am facing an issue because the drainage line is blocked and wter is collecting around it. I have already checked this more than once. I request urgent maintenance of this issue.,Maintenance & Facilities
I would like to complain that the duplicate studnet card request has been pending without any clear update. I have already checked this more than once. Kindly review the documents and process the request.,Administrative Offices
Can someone check why the laundry area is affecting basic hostel facilities. I have already checked this more than once. Please resolve this hostel-related problem soon.,Hostel/Provost Office
I am writing regarding the fee refund request was submitted before the deadline but still shows pending. Kindly check the application and provide an update.,Administrative Offices
"Please help, the semester timetable has not been updated even though the instructor confirmed the correction.",Academic
the projector connection is extremely slow during class hours. Please restore access as soon as possible.,IT Services
Please check why the migration certificate was entered under the wrong category. I have already checked this more than once. Please ask the concerned administrative office to resolve this.,Administrative Offices
"the network connection shows an error whenever I try to submit work. Please check whether there is an account or server-side problem. Because the issue is still unresolved, it is now affecting my normal university work. Please investigate the error and update the service.",IT Services
"This is getting difficult, i need help because the online registration portal is preventing me from accessing course material. Please check the account or system and fix the issue.",IT Services
the mess timing is not being handled according to the hostel procedure. The issue needs attention before it becomes more serious. Please resolve this hostel-related problem soon.,Hostel/Provost Office
the admission document was marked incomplete although all listed documents were attached.,Administrative Offices
"I have a problem, the fee correction application is causing difficulty with another university process. Please ask the concerned administrative office to resolve this.",Administrative Offices
I am writing regarding the practical marks was not accepted even though I met the deadline. The supporting document was submitted at the departmnt office. Please update the record according to the submitted documents.,Academic
"Can u check this, could you please look into this: the registrar application shows an incorrect amount. I have already checked this more than once. Please resolve the issue without further unnecessary delay.",Administrative Offices
"I have a problem, the final exam result has not been shared with students. This issue is causing difficulty with my current semester planning. Please check the matter before it affects my semester further.",Academic
I need help because my GPA calculation does not include marks for work that I submitted. I have already checked this more than once. Kindly review this issue and update the academic recoard.,Academic
I want to bring this issue to your attention: my midterm marks is showing the wrong course information. I have already checked this more than once. Please check the matter before it affects my semester further.,Academic
the laboratory ventilation is blocked and water is collecting around it. The area is frequently used by students and staff. Please have this facility repaired or replaced.,Maintenance & Facilities
I would like to complain that the hostel room lock is causing problems for residents every day. I would like the matter to be handled according to hostel rules. Please resolve this hostel-related problem soon.,Hostel/Provost Office
"This is getting difficult, i am facing an issue becuase my fee challan is not appearing in the official record. Please resolve the issue without further unnecessary delay.",Administrative Offices
"This is getting difficult, i am facing an issue because the water cooler has exposed wiring that should be inspected. Students are facing this problem every day. Please resolve the maintenance problem at the earliest.",Maintenance & Facilities
the email verification link is preventing me from accessing course material. I need access before the current submission deadline. pls restore access as soon as possible.,IT Services
the hostel curfew entry was handled differently from the stated hostel rules. Please ask the hostel administration to resolve it.,Hostel/Provost Office
"There is a problem with the room cleanliness has not been resolved after repeated reporting. The warden was informed, but I have not received any update. I have been trying to get this sorted out, but there has not been a clear resolution yet. Please take action and update me about the complaint.",Hostel/Provost Office
There seems to be an issue with the admission fee record is not appearing in the official record. This matter has remained unresolved for several working days. I have been trying to get this sorted out but there has not been a clear resolution yet. Kindly review the documents and process the request.,Administrative Offices
the student portal has been unavailable since this morning.,IT Services
the room change request needs attention from the provost office. The issue needs attention before it becomes more serious. Please take action and update me about the complaint.,Hostel/Provost Office
the classroom projector is not detecting the connected device. Please restore access as soon as possible.,IT Services
the fee refund request has not been issued yet. The delay is creating difficulty with my semester matters. The concerned office is requested to check and complete this matter.,Administrative Offices
I want to bring this issue to your attention: the laboratory ventilation is leaking and making the floor wet. Kindly resolve the maintenance problem at the earliest.,Maintenance & Facilities
"Please help, there seems to be an issue with the university server is rejecting files that meet the stated requirements. I tried from more than one device and the problem is the same. I would be grateful if the responsible office could review the details instead of asking me to repeat the same process. Please resolve the technical problem before the deadline.",IT Services
"the online registration portal works for a few minutes and then goes offline. The problem started recently and has continued since then. Because the issue is still unresolved, it is now affecting my normal university work. Kindly check the network or account configuration.",IT Services
the exam date sheet has been pending for several days. The supporting document was submitted at the department office. Please verify the record and correct it.,Academic
the washroom taps is blocked and water is collecting around it. The facility is currently difficult to use safely. Please arrange repair as soon as possible.,Maintenance & Facilities
"the scholarship payment has not been approved even after verification. I have already visited the concerned office more than once. Because the issue is still unresolved, it is now affecting my normal university work. Please resolve the issue without further unnecessary delay.",Administrative Offices
There is a problem with the hostel room lock requires inspection by hostel staff. I have already checked this more than once. Please take action and update me about the complaint.,Hostel/Provost Office
"Please help, i am facing an issue because the projector connection is extremely slow during class hours. I have already checked this more than once. Please ask IT support to resolve this problem.",IT Services
"the makeup exam request was not accepted even though I met the deadline. Other students in the same class can see the correct information. Because the issue is still unresolved, it is now affecting my normal university work. Kindly review this issue and update the academic record.",Academic
"There is a problem with the duplicate student card request has not been processed even though the documents were submitted. I have kept a copy of the submitted form and payment receipt. I have been trying to get this sorted out, but there has not been a clear resolution yet. Please ask the concerned administrative office to resolve this.",Administrative Offices
There is a problm with the printing system does not recognize my account. I have already checked this more than once. The IT team is requested to inspect and correct this.,IT Services
I am writing regarding the laboratory ventilation has been out of order for several days. The facility is currently difficult to use safely. I request urgent maintenance of this issue.,Maintenance & Facilities
the mess food is creating an uncomfortable living situation.,Hostel/Provost Office
my GPA calculation is showing the wrong course information.,Academic
"Sir pleas check, there seems to be an issue with the room ceiling fan is creating repeated arguments among residents. The issue needs attention before it becomes more serious. I have been trying to get this sorted out, but there has not been a clear resolution yet. Please have the warden or relevant staff check this issue.",Hostel/Provost Office
the hostel washroom is still unresolved after several days. The issue needs attention before it becomes more serious. Please ask the hostel administration to resolve it.,Hostel/Provost Office
I am writing regarding the hostel corridor lights was handled differently from the stated hostel rules. The problem is especially difficult during evening hours. I would be grateful if the responsible office could review the details instead of asking me to repeat the same process. I request the Provost Office to look into this matter.,Hostel/Provost Office
Could you please look into this: the mess timing is affecting basic hostel facilities. This is affecting normal hostel routine. I would be grateful if the responsible office could review the details instead of asking me to repeat the same process. Kindly have the warden or relevant staff check this issue.,Hostel/Provost Office
"This is getting difficult, the printing system is rejecting files that meet the stated requirements. Restarting the device did not solve the issue. Because the issue is still unresolved, it is now affecting my normal university work. Please check the account or system and fix the issue.",IT Services
Please check why the makeup exam request has been pending for several days. I submitted the required application before the deadline. I would be grateful if the responsible office could review the details instead of asking me to repeat the same process. Could the concerned office please confirm the correct status?,Academic
"Please help, the common room is causing problems for residents every day. I have already submitted a request at the hosel office. Please ask the hostel administration to resolve it.",Hostel/Provost Office
"my portal login keeps disconnecting during use. I already changed the password, but the error remains. Please investigate the error and update the service.",IT Services
"Please help, i need help because the lab internet connection is showing outdated information. Please resolve the technical problem before the deadline.",IT Services
the student portal shows an error whenever I try to submit work.,IT Services
the hostel room lock requires inspection by hostel staff.,Hostel/Provost Office
Can someone check why my fee challan shows an incorrect amount. I have already checked this more than once. I request verification and completion of the pending process.,Administrative Offices
the result card doesnt reflect the form I submitted on time. Kindly investigate the discrepancy and make the required correction.,Academic
"Can u check this, my midterm marks was uploaded late and now I cannot complete the next process. Please check the matter before it affects my semester further.",Academic
"This is getting difficult, could you please look into this: the LMS account shows an error whenever I try to submit work. I have already checked this more than once. Please check the network or account configuration.",IT Services
I want to bring this issue to your attention: the classroom chairs is causing difficulty for students during lectures. I request urgent maintenance of this issue.,Maintenance & Facilities
the lab computer is not loading the required page.,IT Services
"Sir please check, i want to report that the classroom ceiling has broken fittings. The area is frequently used by students and staff. I request urgent maintenance of this issue.",Maintenance & Facilities
I would like to complain that the hostel gate procedure has been pending with the hostel office. I would like the matter to be handled according to hostel rules. I would be grateful if the responsible office could review the details instead of asking me to repeat the same process. Please take action and update me about the complaint.,Hostel/Provost Office
"Please help, there seems to be an issue with the department printer is not responding at all. I have already checked this more than once. I request technical support for this issue.",IT Services
I need help because the air conditioner has not been repaired after an earlier complaint. Please send someone to inspect the location. Please check the problem and restore the facility.,Maintenance & Facilities
I want to report that my student card has not been forwarded to the concerned office. I have already checked this more than once. Kindly check the application and provide an update.,Administrative Offices
"Can u check this, the practical marks was marked absent although I attended the class. I would appreciate verification from the concerned academic office. Please check the matter before it affects my semester further.",Academic
I am writing regarding my midterm marks was changed without any explanation. I have already checked this more than once. Could the concerned office please confirm the correct status?,Academic
I would like to complain that the mess timing has become worse this week. I have already checked this more than once. I request the Provost Office to look into this matter.,Hostel/Provost Office
"I need help because the corridor lights needs urgent cleaning and maintenance. The area is frequently used by students and staff. I have been trying to get this sorted out, but there hasnt been a clear resolution yet. Please arrange repair as soon as possible.",Maintenance & Facilities
I want to report that the LMS course page has not been restored after an earlier complaint. Please resolve the technical problem before the deadline.,IT Services
Can someone check why the assignment grade is creating a clash with another registered course. I have already checked this more than once. Could the concerned office please confirm the correct status?,Academic
"the hostel security desk is still unresolved after several days. I informed the hostel staff earlier, but the issue continues. I request the Provost Office to look into this matter.",Hostel/Provost Office
the corridor lights is blocked and water is collecting around it.,Maintenance & Facilities
the room cleanliness has been pending with the hostel office. Kindly have the warden or relevant staff check this issue.,Hostel/Provost Office
Im having trouble because the official certificate request needs correction in the administrative record. I have already checked this more than once. Kindly review the documents and process the request.,Administrative Offices
I am having trouble because my fee challan is not appearing in the official record. Kindly check the application and provide an update.,Administrative Offices
"This is getting difficult, i want to report that the LMS account is not detecting the connected device. I have already checked this more than once. Please check the account or system and fix the issue.",IT Services
"I want to report that my university email does not accept my correct login details. I already changed the password, but the error remains. Please check the account or system and fix the issue.",IT Services
"Please help, i am having trouble because the admission document does not match the payment receipt. I have already checked this more than once. Please resolve the issue without further unnecessary delay.",Administrative Offices
"the student portal is not loading the required page. I already changed the password, but the error remains. Please resolve the technical problem before the deadline.",IT Services
"the universirty WiFi is not responding at all. I already changed the password, but the error remains. Please check the account or system and fix the issue.",IT Services
the practical marks is creating a clash with another registered course. Kindly review this issue and update the academic record.,Academic
"my fee challan is stuck between two administrative offices. The counter staff asked me to check again later, but there is still no progress. Because the issue is still unresolved, it is now affecting my normal university work. Please ask the concerned administrative office to resolve this.",Administrative Offices
the water cooler is creating an uncomfortable environment in the room. I request urgent maintenance of this issue.,Maintenance & Facilities
Can someone check why the migration certificate was marked incomplete although all listed documents were attached. The application was submitted within the announced dates. Please process the request and correct the record.,Administrative Offices
"This is getting difficult, please check why the building staircase is blocked and water is collecting around it. It would be better to repair it before the damage increases. I have been trying to get this sorted out but there has not been a clear resolution yet. Please check the problem and restore the facility.",Maintenance & Facilities
"the projector connection is showing outdated information. The problem started recently and has continued since then. Because the issue is still unresolved, it is now affecting my normal university work. Please investigate the error and update the service.",IT Services
"This is getting difficult, i need help because the backup generator is not providing adequate service. Students are facing this problem every day. Please check the problem and restore the facility.",Maintenance & Facilities
my thesis supervision has an incorrect total after the latest update.,Academic
the hostel WiFi complaint record is not available at the stated time.,Hostel/Provost Office
the network connection is not detecting the connected device. Kindly check the network or account configuration.,IT Services
"the toilet flush is causing difficulty for students during lectures. The facility is currently difficult to use safely. Because the issue is still unresolved, it is now affecting my normal university work. The concerned staff are requested to repair this promptly.",Maintenance & Facilities
Can someone check why the official certificate request was submitted before the deadline but still shows pending. This matter has remained unresolved for several working days. I would be grateful if the responsible office could review the details instead of asking me to repeat the same process. Please process the request and correct the record.,Administrative Offices
Can someone check why the classroom chairs is overflowing during busy hours. I have already checked this more than once. Kindly send the maintenance team to inspect and fix it.,Maintenance & Facilities
"I have a problem, there seems to be an issue with the room change request is creating hygiene concerns for residents. I informed the hostel staff earlier, but the issue continues. I have been trying to get this sorted out, but there has not been a clear resolution yet. Please take action and update me about the complaint.",Hostel/Provost Office
I am writing regarding the university server is showing outdated information. I have already checked this more than once. Please resolve the technical problem before the deadline.,IT Services
"Hi, the registrar application has not been forwarded to the concerned office. I have already visited the concerned office more than once. Please check the application and provide an update.",Administrative Offices
Please check why my thesis supervision hasnt been shared with students. Other students in the same class can see the correct information. I have been trying to get this sorted out but there has not been a clear resolution yet. Kindly review this issue and update the academic record.,Academic
the assignment grade hasnt been shared with students. Could the concerned office please confirm the correct status?,Academic
the transcript has not been shared with students. I need the corrected record for an upcoming academic requirement. pls update the record according to the submitted documents.,Academic
the hostel security desk is making it difficult to stay in the room. The warden was informed but I have not received any update. Kindly have the warden or relevant staff check this issue.,Hostel/Provost Office
course registration was marked absent although I attended the class. This issue is causing difficulty with my current semester planning. Kindly investigate the discrepancy and make the required correction.,Academic
Could you please look into this: the official certificate request has been pending without any clear update. I have kept a copy of the submitted form and payment receipt. Kindly check the application and provide an update.,Administrative Offices
I would like to complain that the hostel security desk is creating repeated arguments among residents. Please check the hostel record for my earlier complaint. Please take action and update me about the complaint.,Hostel/Provost Office
I would like to complain that the hot water facility is creating repeated arguments among residents. I have already checked this more than once. Kindly inspect the issue and arrange the required solution.,Hostel/Provost Office
"I have a problem, i want to report that the migration certificate was entered under the wrong category. I would appreciate a clear status instead of being sent between offices. I request verification and completion of the pending process.",Administrative Offices
Can someone check why the building staircase has loose parts that may cause an accident. I have already checked this more than once. Please check the problemm and restore the facility.,Maintenance & Facilities
Could you please look into this: the hostel gate procedure requires inspection by hostel staff. I have already checked this more than once. Please resolve this hostel-related problem soon.,Hostel/Provost Office
I need help because the course section is still missing from the student record. I have checked the portal more than once and the same problem remains. I would be grateful if the responsible office could review the details instead of asking me to repeat the same process. Kindly investigate the discrepancy and make the required correction.,Academic
There is a problem with the admission document is being delayed because the counter staff keep asking me to return later. Please process the request and correct the record.,Administrative Offices
the air conditioner has loose parts that may cause an accident.,Maintenance & Facilities
the common room is causing problems for residents every day. Please resolve this hostel-related problem soon.,Hostel/Provost Office
"This is getting difficult, there seems to be an issue with the duplicate student card request was supposed to be completed earlier but remains unresolved. I have already checked this more than once. Please review the documents and process the request.",Administrative Offices
Im facing an issue because the exam date sheet was uploaded late and now I cannot complete the next process. I have already checked this more than once. Please verify the record and correct it.,Academic
"Sir please check, i am writing regarding course registration still shows the old information after correction. I have already checked this more than once. I request the department to resolve this as soon as possible.",Academic
There is a problem with the laundry area has not been resolved after repeated reporting. Please check the hostel record for my earlier complaint. The concerned hostel staff are requested to take action.,Hostel/Provost Office
"the course section hasnt been updated even though the instructor confirmed the correction. The department office asked me to wait, but there has been no update. Kindly investigate the discrepancy and make the required correction.",Academic
"Please help, could you please look into this: the drainage line is creating an uncomfortable environment in the room. I have already checked this more than once. Please resolve the maintenance problem at the earliest.",Maintenance & Facilities
the lab internet connection does not recognize my account. Kindly ask IT support to resolve this problem.,IT Services
plz check why the drainage line needs urgent cleaning and maintenance. Students are facing this problem every day. Please have this facility repaired or replaced.,Maintenance & Facilities
the washroom taps keeps stopping and starting. Kindly resolve the maintenance problem at the earliest.,Maintenance & Facilities
There seems to be an issue with the common room is affecting basic hosel facilities. Please take action and update me about the complaint.,Hostel/Provost Office
"I am having trouble because the hostel security desk has become worse this week. The warden was informed, but I have not received any update. Please ask the hostel administration to resolve it.",Hostel/Provost Office
There is a problemm with the thesis progress review was uploaded late and now I cannot complete the next process. Kindly review this issue and update the academic record.,Academic
I am having trouble because the makeup exam request is different from what appears on the departmental notice. This issue is causing difficulty with my current semester planning. Please update the record according to the submitted documents.,Academic
"Please check why the LMS account does not send the verification message. I already changed the password, but the error remains. I have been trying to get this sorted out, but there has not been a clear resolution yet. I request technical support for this issue.",IT Services
"the corridor lights is causing difficulty for students during lectures. A maintenance complaint was already reported, but the problem remains. Kindly send the maintenance team to inspect and fix it.",Maintenance & Facilities
the room change request has become worse this week. Please check the hostel record for my earlier complaint. Please ask the hostel administration to resolve it.,Hostel/Provost Office
"Sir please check, the registrar application is not appearing in the official record. The concerned office is requested to check and complete this matter.",Administrative Offices
"Can u check this, i want to bring this issue to your attention: the washroom plumbing is leaking and making the floor wet. I have already checked this more than once. The concerned staff are requested to repair this promptly.",Maintenance & Facilities
the hostel room lock is creating an uncomfortable living situation. The condition has been causing inconvenience for several days. Please resolve this hostel-related problem soon.,Hostel/Provost Office
I would like to complain that the scholarship payment was supposed to be completed earlier but remains unresolved. I have already checked this more than once. Please ask the concerned administrative office to resolve this.,Administrative Offices
"Please help, i am having trouble because the assignment grade is preventing me from completing registration. I have already checked this more than once. Please investigate the discrepancy and make the required correction.",Academic
"the mess timing is affecting basic hostel facilities. This is affecting normal hostel routine. Because the issue is still unresolved, it is now affecting my normal university work. Kindly inspect the issue and arrange the required solution.",Hostel/Provost Office
Could you please look into this: my GPA calculation was entered under the wrong course code. Other students in the same class can see the correct information. I request the department to resolve this as soon as possible.,Academic
the mess food is still unresolved after several days. Please check the hostel record for my earlier complaint. Kindly inspect the issue and arrange the required solution.,Hostel/Provost Office
"Can u check this, the room cleanliness is not being handled according to the hostel procedure. This is affecting normal hostel routine. Please ask the hostel administration to resolve it.",Hostel/Provost Office
the classroom chairs is making a loud noise throughout lectures. Please inspect the area and take the necessary action.,Maintenance & Facilities
I want to report that my financial aid application was returned without explaining what is missing. Please verify the record with the accounts or registrar office. I would be grateful if the responsible office could review the details instead of asking me to repeat the same process. Kindly review the documents and process the request.,Administrative Offices
the classroom ceiling is producing a strong smell and needs maintenance.,Maintenance & Facilities
"I want to bring this issue to your attention: the parking area is creating an uncomfortable environment in the room. Please send someone to inspect the location. I have been trying to get this sorted out, but there has not been a clear resolution yet. The concerned staff are requested to repair this promptly.",Maintenance & Facilities
I want to report that the common room has become worse this week. I request the Provost Office to look into this matter.,Hostel/Provost Office
Can someone check why the duplicate student card request was submited before the deadline but still shows pending. This matter has remained unresolved for several working days. I would be grateful if the responsible office could review the details instead of asking me to repeat the same process. Please process the request and correct the record.,Administrative Offices
"This is getting difficult, could you please look into this: the corridor lights is blocked and water is collecting around it. The condition is affecting normal use of the area. I would be grateful if the responsible office could review the details instead of asking me to repeat the same process. Please arrange repair as soon as possible.",Maintenance & Facilities
"Hi, i need help becase the lab computer has been unavailable since this morning. The issue occurs both in the lab and on my own device. I request technical support for this issue.",IT Services
"I want to report that the hostel washroom is creating an uncomfortable living situation. I have already submitted a request at the hostel office. I have been trying to get this sorted out, but there hasnt been a clear resolution yet. Please resolve this hostel-related problem soon.",Hostel/Provost Office
I am writing regarding the common room is making it difficult to stay in the room. I have already checked this more than once. I request the Provost Office to look into this matter.,Hostel/Provost Office
the room furniture requires inspection by hostel staff. This is affecting normal hostel routine. Please resolve this hostel-related problem soon.,Hostel/Provost Office
"I want to report that my attendance record does not reflect the form I submitted on time. The supporting document was submitted at the department office. I have been trying to get this sorted out, but there has not been a clear resolution yet. Kindly review this issue and update the academic record.",Academic
I am having trouble because the fee refund request is stuck between two administrative offices. The application was submitted within the announced dates. The concerned office is requested to check and complete this matter.,Administrative Offices
There seems to be an issue with the practical marks has not been updated even though the instructor confirmed the correction. I already contacted the relevant teacher but the record is unchanged. pls check the matter before it affects my semester further.,Academic
"I would like to complain that the backup generator is making a loud noise throughout lectures. A maintenance complaint was already reported, but the problem remains. I have been trying to get this sorted out, but there has not been a clear resolution yet. Kindly resolve the maintenance problem at the earliest.",Maintenance & Facilities
the laboratory ventilation is in poor condition and needs replacement. The concerned staff are requested to repair this promptly.,Maintenance & Facilities
the projector connection is not syncing with my student account. Please investigate the error and update the service.,IT Services
the parking area is making a loud noise throughout lectures. This is especially difficult when the room is full. Please inspect the area and take the necessary action.,Maintenance & Facilities
Please check why my clearance form has no status update despite repeated visits. The application was submitted within the announced dates. Kindly review the documents and process the request.,Administrative Offices
I am facing an issue because the assignment grade was changed without any explanation. I have already checked this more than once. Please update the record according to the submitted documents.,Academic
my financial aid application was returned without explaining what is missing.,Administrative Offices
the lecture desk has exposed wiring that should be inspected. The facility is currently difficult to use safely. Please arrange repair as soon as possible.,Maintenance & Facilities
"Sir please check, i need help because the building staircase has been left unrepaired since last week. The area is frequently used by students and staff. Please check the problem and restore the facility.",Maintenance & Facilities
"I want to report that the LMS account does not recognize my account. I tried from more than one device and the problem is the same. I have been trying to get this sorted out, but there has not been a clear resolution yet. The IT team is requested to inspect and correct this.",IT Services
I would like to complain that the laboratory ventilation keeps stopping and starting. The condition is affecting normal use of the area. Kindly send the maintenance team to inspect and fix it.,Maintenance & Facilities
I am facing an issue because the hostel gate procedure is not being handled according to the hostel procedure. The condition has been causing inconvenience for several days. Please take action and update me about the complaint.,Hostel/Provost Office
"Hi, the lab computer fails before the process is completed. Restarting the device did not solve the issue. Because the issue is still unresolved, it is now affecting my normal university work. I request technical support for this issue.",IT Services
There is a problem with the backup generator has not been repaired after an earlier complaint. It would be better to repair it before the damage increases. I would be grateful if the responsible office could review the details instead of asking me to repeat the same process. Kindly resolve the maintenance problem at the earliest.,Maintenance & Facilities
I want to report that the mess food is creating repeated arguments among residents. Please check the hostel record for my earlier complaint. Please ask the hostel administration to resolve it.,Hostel/Provost Office
There is a problem with the lecture desk is overflowing during busy hours. This is especially difficult when the room is full. Please have this facility repaired or replaced.,Maintenance & Facilities
Please check why the fee correction application is stuck between two administrative offices. I would appreciate a clear status instead of being sent between offices. I would be grateful if the responsible office could review the details instead of asking me to repeat the same process. Please correct the record and confirm the updated status.,Administrative Offices
"Hi, i would like to complain that the quiz score is preventing me from completing registration. Please investigate the discrepancy and make the required correction.",Academic
"I want to bring this issue to your attention: the department printer is extremely slow during class hours. Restarting the device did not solve the issue. I have been trying to get this sorted out, but there has not been a clear resolution yet. Kindly ask IT support to resolve this problem.",IT Services
the classroom fan is creating an uncomfortable environment in the room.,Maintenance & Facilities
"I have a problem, could you please look into this: the room cleanliness is not available at the stated time. I have already checked this more than once. Please take action and update me about the complaint.",Hostel/Provost Office
the registered credit hours hasnt been approved despite repeated follow-up. I have checked the portal more than once and the same problem remains. Please update the record according to the submitted documents.,Academic
"Hi, i want to report that the semester timetable is different from what appears on the departmental notice. I have checked the portel more than once and the same problem remains. Please verify the record and correct it.",Academic
"Sir please check, the common room is creating an uncomfortable living situation. This is affecting normal hostel routine. The concerned hostel staff are requested to take action.",Hostel/Provost Office
"There is a problem with the lecture room lights is not providing adequate service. Please send someone to inspect the location. I have been trying to get this sorted out, but there has not been a clear resolution yet. Please check the problem and restore the facility.",Maintenance & Facilities
the duplicate student card request shows an incorrect amount.,Administrative Offices
I am having trouble becuase my fee challan has not been forwarded to the concerned office. The delay is creating difficulty with my semester matters. I have been trying to get this sorted out but there has not been a clear resolution yet. The concerned office is requested to check and complete this matter.,Administrative Offices
"the password reset service doesnt send the verification message. The issue occurs both in the lab and on my own device. Because the issue is still unresolved, it is now affecting my normal university work. I request technical support for this issue.",IT Services
"Sir please check, there is a problem with the mess food is not being handled according to the hostel procedure. I have already checked this more than once. The concerned hostel staff are requested to take action.",Hostel/Provost Office
"course registration does not reflect the form I submitted on time. Because of this error, I am unable to proceed with the next academic step. Could the concerned office please confirm the correct status?",Academic
the assignment grade was not accepted even though I met the deadline. The supporting document was submitted at the department office. Please recheck the entry and let me know once it is fixed.,Academic
my clearance form has been pending without any clear update. The required documents and receipt were submtted. Please resolve the issue without further unnecessary delay.,Administrative Offices
I am facing an issue because my attendance record contains an error that is affecting my semester record. Kindly review this issue and update the academic record.,Academic
the viva schedule is preventing me from completing registration. I submitted the required application before the deadline. Please update the record according to the submitted documents.,Academic
I need help because the hostel water supply is still unresolved after several days. I would like the matter to be handled according to hostel rules. I would be grateful if the responsible office could review the details instead of asking me to repeat the same process. Please resolve this hostel-related problem soon.,Hostel/Provost Office
I am having trouble because the hostel washroom needs attention from the provost office. The issue needs attention before it becomes more serious. I would be grateful if the responsible office could review the details instead of asking me to repeat the same process. Please handle the matter according to hostel policy.,Hostel/Provost Office
the hot water facility is causing problems for residents every day. I request the Provost Office to look into this matter.,Hostel/Provost Office
There is a problem with the department elevator keeps stopping and starting. I have already checked this more than once. I request urgent maintenance of this issue.,Maintenance & Facilities
I want to report that the duplicate student card request contains incorrect student information. I would appreciate a clear status instead of being sent between offices. Please process the request and correct the record.,Administrative Offices
"I would like to complain that the network connection is showing outdated information. I already changed the password, but the error remains. I would be grateful if the responsible office could review the details instead of asking me to repeat the same process. Please investigate the error and update the service.",IT Services
plz check why the washroom taps has exposed wiring that should be inspected. The area is frequently used by students and staff. Please have this facility repaired or replaced.,Maintenance & Facilities
"Sir please check, the washroom plumbing is not working properly during class hours. Please resolve the maintenance problem at the earliest.",Maintenance & Facilities
"my thesis supervision is still missing from the student record. Because of this error, I am unable to proceed with the next academic step. Please recheck the entry and let me know once it is fixed.",Academic
"the hostel washroom is creating hygiene concerns for residents. The issue needs attention before it becomes more serious. Because the issue is still unresolved, it is now affecting my normal university work. Please resolve this hostel-related problem soon.",Hostel/Provost Office
"Hi, the biometric attendance machine doesnt recognize my account. plz ask IT support to resolve this problem.",IT Services
the student portal keeps disconnecting during use. This is affecting my ability to complete university work. I request technical support for this issue.,IT Services
There is a problem with my student card contains incorrect student information. Kindly check the application and provide an update.,Administrative Offices
"Please help, the hostle washroom is causing problems for residents every day. This is affecting normal hostel routine. Please handle the matter according to hostel policy.",Hostel/Provost Office
I want to bring this issue to your attention: the bonafide certificate has not been forwarded to the concerned office. I have kept a copy of the submitted form and payment receipt. I would be grateful if the responsible office could review the details instead of asking me to repeat the same process. plz ask the concerned administrative office to resolve this.,Administrative Offices
the drinking wter supply is producing a strong smell and needs maintenance.,Maintenance & Facilities
There is a problem with the makeup exam request was marked absent although I attended the class. I need the corrected record for an upcoming academic requirement. I would be grateful if the responsible office could review the details instead of asking me to repeat the same process. Kindly investigate the discrepancy and make the required correction.,Academic
"This is getting difficult, please check why the quiz score was changed without any explanation. I have already checked this more than once. I request the department to resolve this as soon as possible.",Academic
the printing system shows an error whenever I try to submit work. The issue occurs both in the lab and on my own device. Please investigate the error and update the service.,IT Services
Im writing regarding the registered credit hours shows a value that does not match the mraks announced in class. I have already checked this more than once. Kindly investigate the discrepancy and make the required correction.,Academic
Please check why the official certificate request is not appearing in the official record. I have already visited the concerned office more than once. Kindly check the application and provide an update.,Administrative Offices
"the scholarship payment needs correction in the administrative record. I need the document for another university process. Because the issue is still unresolved, it is now affecting my normal university work. Kindly review the documents and process the request.",Administrative Offices
the transcript was uploaded late and now I cannot complete the next process. Kindly review this issue and update the academic record.,Academic
"Please help, my portal login shows an error whenever I try to submit work. Please check the account or system and fix the issue.",IT Services
"the lecture desk is not available when it is needed. The condition is affecting normal use of the area. Because the issue is still unresolved, it is now affecting my normal university work. Please have this facility repaired or replaced.",Maintenance & Facilities
the campus network is preventing me from accessing course material. Please resolve the technical problem before the deadline.,IT Services
the hostel cleaning schedule has not been updated in the hostel record. This is affecting normal hostel routine. Please ask the hostel administration to resolve it.,Hostel/Provost Office
There is a problem with the viva schedule was marked absent although I attended the class. I would appreciate verification from the concerned academic office. I would be grateful if the responsible office could review the details instead of asking me to repeat the same process. pls update the record according to the submitted documents.,Academic
"Im facing an issue becuase the mess food is creating hygiene concerns for residents. The warden was informed, but I have not received any update. I have been trying to get this sorted out, but there hasnt been a clear resolution yet. Kindly inspect the issue and arrange the required solution.",Hostel/Provost Office
I am having trouble because my attendance record is showing the wrong course information. I have already checked this more than once. Kindly investigate the discrepancy and make the required correction.,Academic
"I want to report that the hostel water supply has not been resolved after repeated reporting. I have already submitted a request at the hostel office. I have been trying to get this sorted out, but there has not been a clear resolution yet. Please resolve this hostel-related problem soon.",Hostel/Provost Office
"Can u check this, the classroom windows is creating an uncomfortable environment in the room. The condition is affecting normal use of the area. Because the issue is still unresolved, it is now affecting my normal university work. Please have this facility repaired or replaced.",Maintenance & Facilities
I am facing an issue because the projector connection is not detecting the connected device. Other university websites are opening normally. Kindly ask IT support to resolve this problem.,IT Services
the common room is affecting basic hostel facilities. Several residents on the floor are facing the same problm. Kindly have the warden or relevant staff check this issue.,Hostel/Provost Office
I am facing an issue because the viva schedule is different from what appears on the departmental notice. I have already checked this more than once. Kindly investigate the discrepancy and make the required correction.,Academic
I would like to complain that the network connection does not send the verification message. This is affecting my ability to complete university work. Please investigate the error and update the service.,IT Services
the room ceiling fan is creating an uncomfortable living situation. This is affecting normal hosel routine. Please handle the matter according to hostel policy.,Hostel/Provost Office
"I am writing regarding the thesis progress review was not accepted even though I met the deadline. The department office asked me to wait, but there has been no update. I have been trying to get this sorted out, but there has not been a clear resolution yet. Could the concerned office please confirm the correct status?",Academic
Could you please look into this: the water cooler is not working properly during class hours. Please check the problem and restore the facility.,Maintenance & Facilities
"I want to report that the lab computer fails before the process is completed. Other universirty websites are opening normally. I have been trying to get this sorted out, but there has not been a clear resolution yet. Kindly check the network or account configuration.",IT Services
I want to bring this issue to your attention: the washroom plumbing has been left unrepaired since last week. The problem is now affecting more than one class. The concerned staff are requested to repair this promptly.,Maintenance & Facilities
I would like to complain that the toilet flush is overflowing during busy hours. Please check the problem and restore the facility.,Maintenance & Facilities
"Can u check this, the washroom taps has loose parts that may cause an accident. The area is frequently used by students and staff. The concerned staff are requested to repair this promptly.",Maintenance & Facilities
"Please help, my hosel room allocation was reported to the warden but no action has been taken. Please handle the matter according to hostel policy.",Hostel/Provost Office
"I want to bring this issue to your attention: the practical marks is creating a clash with another registered course. The department office asked me to wait, but there has been no update. Please update the record according to the submitted documents.",Academic
I would like to complain that the admission document shows an incorrect amount. The delay is creating difficulty with my semester matters. Kindly review the documents and process the request.,Administrative Offices
There is a problem with the password reset service is not loading the required page. The problem started recently and has continued since then. The IT team is requested to inspect and correct this.,IT Services
"Hi, there seems to be an issue with my portal login is rejecting files that meet the stated requirements. I need access before the current submission deadline. Please check the account or system and fix the issue.",IT Services
I need help because the mess timing hasnt been updated in the hostel record. The problem is especially difficult during evening hours. I would be grateful if the responsible office could review the details instead of asking me to repeat the same process. The concerned hostel staff are requested to take action.,Hostel/Provost Office
the thesis progress review shows a value that does not match the marks announced in class. Please recheck the entry and let me know once it is fixed.,Academic
the campus network shows an error whenever I try to submit work. I request technical support for this issue.,IT Services
There is a problem with the final exam result was entered under the wrong course code. I have already checked this more than once. I request the department to resolve this as soon as possible.,Academic
the department printer is not detecting the connected device. Kindly check the network or account configuration.,IT Services
I want to bring this issue to your attention: the water cooler has exposed wiring that should be inspected. I have already checked this more than once. Kindly resolve the maintenance problem at the earliest.,Maintenance & Facilities
"Sir please check, the admission status is causing difficulty with another university process. The delay is creating difficulty with my semester matters. Please check the application and provide an update.",Administrative Offices
Please check why the lecture room lights is overflowing during busy hours. I have already checked this more than once. Please have this facility repaired or replaced.,Maintenance & Facilities
the document attestation request is causing difficulty with another university process. I would appreciate a clear status instead of being sent between offices. I request verification and completion of the pending process.,Administrative Offices
I want to report that the hostel security desk was reported to the warden but no action has been taken. I have already checked this more than once. Please take action and update me about the complant.,Hostel/Provost Office
course registration is preventing me from completing registration.,Academic
Can someone check why my roommate issue is making it difficult to stay in the room. I have already submitted a request at the hostel ofice. Kindly have the warden or relevant staff check this issue.,Hostel/Provost Office
the bonafide certificate was submitted before the deadline but still shows pending. Please process the request and correct the record.,Administrative Offices
the projector connection has been unavailable since this morning. Please check the account or system and fix the issue.,IT Services
"the scholarship payment does not match the payment receipt. The application was submitted within the announced dates. Because the issue is still unresolved, it is now affecting my normal university work. The concerned office is requested to check and complete this matter.",Administrative Offices
I want to report that my roommate issue is affecting basic hostel facilities. I would like the matter to be handled according to hostel rules. I would be grateful if the responsible office could review the details instead of asking me to repeat the same process. The concerned hostel staff are requested to take action.,Hostel/Provost Office
the university WiFi fails before the process is completed. Kindly check the network or account configuration.,IT Services
"Please help, the classroom chairs has been left unrepaired since last week. The problem is now affecting more than one class. Please check the problem and restore the facility.",Maintenance & Facilities
my financial aid application has not been processed even though the documents were submitted.,Administrative Offices
"I am writing regarding the computer lab software is rejecting files that meet the stated requirements. The issue occurs both in the lab and on my own device. I have been trying to get this sorted out, but there has not been a clear resolution yet. Please resolve the technical problem before the deadline.",IT Services
"This is getting difficult, i want to report that my CGPA still shows the old information after correction. The department office asked me to wait, but there has been no update. Please check the matter before it affects my semester further.",Academic
I want to report that the final exam result has not been approved despite repeated follow-up. I have already checked this more than once. Kindly investigate the discrepancy and make the required correction.,Academic
"the hostel WiFi complaint record is causing problems for residents every day. I informed the hostel staff earlier, but the issue continues. Because the issue is still unresolved, it is now affecting my normal university work. The concerned hostel staff are requested to take action.",Hostel/Provost Office
my financial aid applicaton is being delayed because the counter staff keep asking me to return later.,Administrative Offices
"Sir please check, the makeup exam request has not been updated even though the instructor confirmed the correction. I submitted the required application before the deadline. Because the issue is still unresolved, it is now affecting my normal university work. Please update the recrod according to the submitted documents.",Academic
"Sir please check, can someone check why the student portal shows a server error repeatedly. Restarting the device did not solve the issue. Please check the network or account configuration.",IT Services
"I want to bring this issue to your attention: my scholarship application shows an incorrect amount. I need the document for another university process. I have been trying to get this sorted out, but there has not been a clear resolution yet. Kindly review the documents and process the request.",Administrative Offices
the lab internet connection is not syncing with my student account.,IT Services
"I am writing regarding the parking area is making a loud noise throughout lectures. A maintenance complaint was already reported, but the problem remains. I have been trying to get this sorted out, but there has not been a clear resolution yet. Please arrange repair as soon as possible.",Maintenance & Facilities
I am having trouble because the biometric attendance machine is not loading the required page. Please check the account or system and fix the issue.,IT Services
my clearance form was submitted before the deadline but still shows pending. The concerned office is requested to check and complete this matter.,Administrative Offices
"Please check why the student portal fails before the process is completed. Please check whether there is an account or server-side problem. I have been trying to get this sorted out, but there has not been a clear resolution yet. Please investigate the error and update the service.",IT Services
There seems to be an issue with the lecture room lights has exposed wiring that should be inspected. I have already checked this more than once. Please have this facility repaired or replaced.,Maintenance & Facilities
"This is getting difficult, the drainage line is in poor condition and needs replacement. The problem is now affecting more than one class. Please inspect the area and take the necessary action.",Maintenance & Facilities
the thesis progress review was changed without any explanation. I need the corrected record for an upcoming academic requirement. Please check the matter before it affects my semester further.,Academic
the air conditioner hasnt been repaired after an earlier complant. The issue becomes worse during afternoon classes. Please inspect the area and take the necessary action.,Maintenance & Facilities
"I am writing regarding the hostel washroom is causing problems for residents every day. The issue needs attention before it becomes more serious. I have been trying to get this sorted out, but there has not been a clear resolution yet. Please ask the hostel administration to resolve it.",Hostel/Provost Office
I want to bring this issue to your attention: the mess timing is making it difficult to stay in the room. Please check the hostel record for my earlier complaint. Please handle the matter according to hostel policy.,Hostel/Provost Office
the washroom plumbing is not workng properly during class hours.,Maintenance & Facilities
"Please help, could you please look into this: the admission fee record has no status update despite repeated visits. The counter staff asked me to check again later, but there is still no progress. I would be grateful if the responsible office could review the details instead of asking me to repeat the same process. Please process the request and correct the record.",Administrative Offices
"Can u check this, please check why the room furniture is causing unnecessary difficulty at night. The issue needs attention before it becomes more serious. I would be grateful if the responsible office could review the details instead of asking me to repeat the same process. Please ask the hostel administration to resolve it.",Hostel/Provost Office
the biometric attendance machine shows an error whenever I try to submit work.,IT Services
I am writing regarding the hostel gate procedure is creating hygiene concerns for residents. pleas check the hostel record for my earlier complaint. I would be grateful if the responsible office could review the details instead of asking me to repeat the same process. Please handle the matter according to hostel policy.,Hostel/Provost Office
There is a problem with the laboratory ventilation has loose parts that may cause an accident. I have already checked this more than once. pleas have this facility repaired or replaced.,Maintenance & Facilities
"I have a problem, i am facing an issue because the admission status was returned without explaining what is missing. The counter staff asked me to check again later, but there is still no progress. I would be grateful if the responsible office could review the details instead of asking me to repeat the same process. Please resolve the issue without further unnecessary delay.",Administrative Offices
the LMS course page does not accept my correct login details. Please check whether there is an account or server-side problem. Kindly check the network or account configuration.,IT Services
the laundry area has not been resolved after repeated reporting.,Hostel/Provost Office
"Hi, i want to bring this issue to your attention: the hot water facility has not been updated in the hostel recoard. The condition has been causing inconvenience for several days. I have been trying to get this sorted out, but there has not been a clear resolution yet. Please resolve this hostel-related problem soon.",Hostel/Provost Office
"Hi, there is a problem with the department elevator needs urgent cleaning and maintenance. The facility is currently difficult to use safely. Please send the maintenance team to inspect and fix it.",Maintenance & Facilities
the corridor lights is creating an uncomfortable environment in the room. Please send someone to inspect the location. Please have this facility repaired or replaced.,Maintenance & Facilities
the bonafide certificate was marked incomplete although all listed documents were attached. The application was submitted within the announced dates. Kindly review the documents and process the request.,Administrative Offices
the room change request is not working properly. I have already submitted a request at the hostel office. Please take action and update me about the complaint.,Hostel/Provost Office
There is a problem with my degree verification request has not been processed even though the documents were submitted. I have already checked this more than once. Please ask the concerned administrative office to resolve this.,Administrative Offices
"Hi, i would like to complain that the official certificate request does not match the payment receipt. The counter staff asked me to check again later, but there is still no progress. I have been trying to get this sorted out, but there has not been a clear resolution yet. pls resolve the issue without further unnecessary delay.",Administrative Offices
"Hi, i want to report that the transcript has an incorrect total after the latest update. Other students in the same class can see the correct information. Please recheck the entry and let me know once it is fixed.",Academic
I am having trouble becase the lecture room lights is blocked and water is collecting around it. I have already checked this more than once. Kindly resolve the maintenance problem at the earliest.,Maintenance & Facilities
"Sir please check, my student card is being delayed because the counter staff keep asking me to return later. Please correct the record and confirm the updated status.",Administrative Offices
"Sir please check, i want to report that my roommate issue was handled differently from the stated hostel rules. I have already checked this more than once. Please ask the hostel administration to resolve it.",Hostel/Provost Office
the hostel WiFi complaint record is causing unnecessary difficulty at night.,Hostel/Provost Office
"Can someone check why the laundry area is not working properly. The warden was informed, but I have not received any update. Please handle the matter according to hostel policy.",Hostel/Provost Office
the projector connection fails before the process is completed.,IT Services
the online registration portal fails before the process is completed. Please restore access as soon as possible.,IT Services
Can someone check why the bonafide certificate contains incorrect student information. I have already checked this more than once. Please correct the record and confirm the updated status.,Administrative Offices
I want to report that the lab interent connection keeps disconnecting during use. I have already checked this more than once. Please investigate the error and update the service.,IT Services
the viva schedule contains an error that is affecting my semester record. Kindly review this issue and update the academic record.,Academic
"the LMS account does not accept my correct login details. I tried from more than one device and the problem is the same. becuase the issue is still unresolved, it is now affecting my normal university work. Please resolve the technical problem before the deadline.",IT Services
Please check why the semester timetable has not been approved despite repeated follow-up. The supporting document was submitted at the department office. I would be grateful if the responsible office could review the details instead of asking me to repeat the same process. Please recheck the entry and let me know once it is fixed.,Academic
I want to report that the classroom windows has loose parts that may cause an accident. I have already checked this more than once. Please arrange repair as soon as possible.,Maintenance & Facilities
I want to report that the university server does not recognize my account. I reported this earlier to the IT desk but it is still unresolved. Kindly ask IT support to resolve this problem.,IT Services
the hostel cleaning schedule has become worse this week. This is affecting normal hostel routine. Please take action and update me about the complaint.,Hostel/Provost Office
I need help becuase the hostel curfew entry is creating hygiene concerns for residents. Please handle the matter according to hostel policy.,Hostel/Provost Office
I want to bring this issue to your attention: the result card is showing the wrong course information. I have checked the portal more than once and the same problem remains. Please update the record according to the submitted documents.,Academic
"Please help, the backup generator keeps stopping and starting. Please check the problem and restore the facility.",Maintenance & Facilities
the university server is showing outdated information. Kindly check the network or account configuration.,IT Services
"Please help, the final exam result does not include marks for work that I submitted. Because of this error, I am unable to proceed with the next academic step. Because the issue is still unresolved, it is now affecting my normal university work. Please recheck the entry and let me know once it is fixed.",Academic
I want to bring this issue to your attention: the classroom ceiling is causing difficulty for students during lectures. Kindly resolve the maintenance problem at the earliest.,Maintenance & Facilities
"Please help, i am facing an issue because the classroom chairs is making a loud noise throughout lectures. The facility is currently difficult to use safely. Please resolve the maintenance problem at the earliest.",Maintenance & Facilities
"Please help, the mess food has become worse this week. I have already submtted a request at the hostel office. I request the Provost Office to look into this matter.",Hostel/Provost Office
I am facing an issue because the hostel WiFi complaint record hasnt been repaired despite an earlier request. I have already checked this more than once. Please take action and update me about the complaint.,Hostel/Provost Office
the transcript has not been shared with students. I would appreciate verification from the concerned academic office. Please update the record according to the submitted documents.,Academic
I want to report that the university server is not connected to the campus network. Kindly check the network or account configuration.,IT Services
"Could you please look into this: my hostel room allocation is creating an uncomfortable living situation. The condition has been causing inconvenience for several days. I have been trying to get this sorted out, but there has not been a clear resolution yet. Kindly have the warden or relevant staff check this issue.",Hostel/Provost Office
"I would like to complain that my CGPA still shows the old information after correction. The department office asked me to wait, but there has been no update. I have been trying to get this sorted out, but there has not been a clear resolution yet. Could the concerned office please confirm the correct status?",Academic
I want to bring this issue to your attention: the room change request hasnt been resolved after repeated reporting. This is affecting normal hostel routine. I would be grateful if the responsible office could review the details instead of asking me to repeat the same process. Please handle the matter according to hostel policy.,Hostel/Provost Office
I am having trouble because the registered credit hours has not been shared with students. I have already checked this more than once. Please check the matter before it affects my semester further.,Academic
"the admission fee record is being delayed because the counter staff keep asking me to return later. The counter staff asked me to check again later, but there is still no progress. Kindly review the documents and process the request.",Administrative Offices
I am facing an issue because the washroom taps has been left unrepaired since last week. Please send someone to inspect the location. Please arrange repair as soon as possible.,Maintenance & Facilities
"Hi, my attendance record was entered under the wrong course code. The department office asked me to wait, but there has been no update. Please investigate the discrepancy and make the required correction.",Academic
I am having trouble because the result card does not include marks for work that I submitted. Kindly investigate the discrepancy and make the required correction.,Academic
There is a problem with the laundry area is creating an uncomfortable living situation. The issue needs attention before it becomes more serious. I would be grateful if the responsible office could review the details instead of asking me to repeat the same process. Please handle the matter according to hostel policy.,Hostel/Provost Office
I would like to complain that the student portal is not responding at all. I reported this earlier to the IT desk but it is still unresolved. I would be grateful if the responsible offce could review the details instead of asking me to repeat the same process. Please investigate the error and update the service.,IT Services
"There is a problem with the thesis progress review still shows the old information after correction. The department office asked me to wait, but there has been no update. I would be grateful if the responsible office could review the details instead of asking me to repeat the same process. Kindly investigate the discrepancy and make the required correction.",Academic
"Hi, can someone check why the room change request is still unresolved after several days. The issue needs attention before it becomes more serious. I would be grateful if the responsible office could review the details instead of asking me to repeat the same process. Please take action and update me about the complaint.",Hostel/Provost Office
"Please help, please check why the department printer has been unavailable since this morning. Please check the account or system and fix the issue.",IT Services
"the lecture desk is in poor condition and needs replacement. A maintenance complaint was already reported, but the problem remains. Please have this facility repaired or replaced.",Maintenance & Facilities
the lab computer keeps disconnecting during use. Other university websites are opening normally. pls investigate the error and update the service.,IT Services
"I have a problem, i need help becuase the classroom ceiling is in poor condition and needs replacement. I have already checked this more than once. Please arrange repair as soon as possible.",Maintenance & Facilities
"the drainage line is leaking and making the floor wet. A maintenance complaint was already reported, but the problem remains. The concerned staff are requested to repair this promptly.",Maintenance & Facilities
Can someone check why the hostel washroom needs attention from the provost office. I have already submitted a request at the hostel office. Please resolve this hostel-related problem soon.,Hostel/Provost Office
"the admission document was submitted before the deadline but still shows pending. The required documents and receipt were submitted. Because the issue is still unresolved, it is now affecting my normal university work. Please resolve the issue without further unnecessary delay.",Administrative Offices
"Can someone check why the admission status hasnt been forwarded to the concerned office. The counter staff asked me to check again later, but there is still no progress. I have been trying to get this sorted out, but there has not been a clear resolution yet. Please correct the record and confirm the updated status.",Administrative Offices
my hostel room allocation is causing problems for residents every day.,Hostel/Provost Office
"I am facing an issue because the LMS course page does not send the verification message. I already changed the password, but the error remains. I request technical support for this issue.",IT Services
I would like to complain that the hostel security desk was reported to the warden but no action has been taken. I have already checked this more than once. Please ask the hostel administration to resolve it.,Hostel/Provost Office
"my hostel room allocation requires inspection by hostel staff. I informed the hostel staff earlier, but the issue continues. Because the issue is still unresolved, it is now affecting my normal university work. Please handle the matter according to hostel policy.",Hostel/Provost Office
"Hi, the water cooler has been out of order for several days.",Maintenance & Facilities
the admission status was marked incomplete although all listed documents were attached.,Administrative Offices
the accounts office receipt is stuck between two administrative offices.,Administrative Offices
There is a problem with the accounts office receipt contains incorrect student information. The application was submitted within the announced dates. I would be grateful if the responsible office could review the details instead of asking me to repeat the same process. Please correct the record and confirm the updated status.,Administrative Offices
I would like to complain that the backup generator needs urgent cleaning and maintenance. It would be better to repair it before the damage increases. Please check the problem and restore the facility.,Maintenance & Facilities
Could you pleas look into this: the lecture desk needs urgent cleaning and maintenance. The facility is currently difficult to use safely. The concerned staff are requested to repair this promptly.,Maintenance & Facilities
the thesis progress review was marked absent although I attended the class. I already contacted the relevant teacher but the record is unchanged. Please recheck the entry and let me know once it is fixed.,Academic
the final exam result is still missing from the student record.,Academic
the laundry area is still unresolved after several days.,Hostel/Provost Office
"This is getting difficult, my portel login is not detecting the connected device. The issue occurs both in the lab and on my own device. Please resolve the technical problem before the deadline.",IT Services
the room change request is making it difficult to stay in the room. The issue needs attention before it becomes more serious. Please take action and update me about the complaint.,Hostel/Provost Office
"the network connection is not loading the required page. This is affecting my ability to complete university work. Because the issue is still unresolved, it is now affecting my normal university work. Kindly check the network or account configuration.",IT Services
plz check why the assignment grade was not accepted even though I met the deadline. I have already checked this more than once. I request the department to resolve this as soon as possible.,Academic
"the washroom plumbing is causing difficulty for students during lectures. Students are facing this problem every day. Because the issue is still unresolved, it is now affecting my normal university work. Kindly resolve the maintenance problem at the earliest.",Maintenance & Facilities
"Please help, my university email is showing outdated information. I request technical support for this issue.",IT Services
"Can someone check why the transcript has not been shared with students. I need the corrected record for an upcoming academic requirement. I have been trying to get this sorted out, but there has not been a clear resolution yet. I request the departmnt to resolve this as soon as possible.",Academic
"the admission fee record is being delayed because the counter staff keep asking me to return later. The delay is creating difficulty with my semester matters. Because the issue is still unresolved, it is now affecting my normal university work. Please resolve the issue without further unnecessary delay.",Administrative Offices
There is a problem with my midterm marks was marked absent although I attended the class. I have already checked this more than once. I request the departmnt to resolve this as soon as possible.,Academic
I would like to complain that my fee challan is being delayed becuase the counter staff keep asking me to return later. I have already checked this more than once. The concerned office is requested to check and complete this matter.,Administrative Offices
the university server has stopped working after the latest update.,IT Services
the computer lab software is not responding at all. Restarting the device did not solve the issue. Please restore access as soon as possible.,IT Services
"I have a problem, the admission status has been pending without any clear update. Please review the documents and process the request.",Administrative Offices
"Please help, i want to bring this issue to your attention: the washroom plumbing is making a loud noise throughout lectures. It would be better to repair it before the damage increases. Please arrange repair as soon as possible.",Maintenance & Facilities
"Please help, i need help because the practical marks is still missing from the student record. I have already checked this more than once. Please verify the record and correct it.",Academic
Can someone check why the hostel water supply is still unresolved after several days. I have already submitted a request at the hostel office. I would be grateful if the responsible office could review the details instead of asking me to repeat the same process. Please ask the hostel administration to resolve it.,Hostel/Provost Office
I want to report that the thesis progress review contains an error that is affecting my semester record. I have already checked this more than once. Please check the matter before it affects my semester further.,Academic
the bonafide certificate was marked incomplete although all listed documents were attached. I would appreciate a clear status instead of being sent between offices. Please correct the record and confirm the updated status.,Administrative Offices
There seems to be an issue with the quiz score still shows the old information after correction. I have already checked this more than once. I request the department to resolve this as soon as possible.,Academic
the hot water facility is causing problems for residents every day. The issue needs attention before it becomes more serious. Please resolve this hostel-related problem soon.,Hostel/Provost Office
"Can u check this, i am facing an issue because the official certificate request was returned without explaining what is missing. I have already checked this more than once. Please check the application and provide an update.",Administrative Offices
I need help because the migration certificate was entered under the wrong category. I have already checked this more than once. Please resolve the issue without further unnecessary delay.,Administrative Offices
"the result card still shows the old information after correction. I would appreciate verification from the concerned academic office. Because the issue is still unresolved, it is now affecting my normal university work. Please update the record according to the submitted documents.",Academic
"Hi, there is a problem with the lecture room lights is not available when it is needed. It would be better to repair it before the damage increases. I have been trying to get this sorted out, but there has not been a clear resolution yet. Please resolve the maintenance problem at the earliest.",Maintenance & Facilities
the lecture room lights has loose parts that may cause an accident. Please inspect the area and take the necessary action.,Maintenance & Facilities
I need help becuase the bonafide certificate has been delayed beyond the stated processing time. I have already checked this more than once. I request verification and completion of the pending process.,Administrative Offices
I want to report that the room change request is creating hygiene concerns for residents. I have already checked this more than once. Please ask the hostel administration to resolve it.,Hostel/Provost Office
the password reset service is not syncing with my student account. Please resolve the technical problem before the deadline.,IT Services
the hostel water supply is not available at the stated time. I have already submitted a request at the hostel office. I request the Provost Office to look into this matter.,Hostel/Provost Office
I am having trouble because the hostel room lock needs attention from the provost office. The issue needs attention before it becomes more serious. Kindly have the warden or relevant staff check this issue.,Hostel/Provost Office
the hostel gate procedure has not been resolved after repeated reporting. This is affecting normal hostel routine. Kindly have the warden or relevant staff check this issue.,Hostel/Provost Office
plz check why the washroom taps has broken fittings. I have already checked this more than once. Please arrange repair as soon as possible.,Maintenance & Facilities
Can someone check why my GPA calculation is different from what appears on the departmental notice. Kindly review this issue and update the academic record.,Academic
"This is getting difficult, please check why my financial aid application was marked incomplete although all listed documents were attached. This matter has remained unresolved for several working days. Please correct the record and confirm the updated status.",Administrative Offices
the mess timing requires inspection by hostel staff.,Hostel/Provost Office
I want to report that the laboratory ventilation is not providing adequate service. Please send someone to inspect the location. I would be grateful if the responsible office could review the details instead of asking me to repeat the same process. Please have this facility repaired or replaced.,Maintenance & Facilities
the lab computer is showing outdated information.,IT Services
the admission status is causing difficulty with another university process.,Administrative Offices
"Please check why the room furniture is creating repeated arguments among residents. I informed the hostel staff earlier, but the issue continues. I would be grateful if the responsible office could review the details instead of asking me to repeat the same process. Kindly have the warden or relevant staff check this issue.",Hostel/Provost Office
"Please help, i am writing regarding the semester timetable has not been approved despite repeated follow-up. Please investigate the discrepancy and make the required correction.",Academic
I need help because the parking area is in poor condition and needs replacement. Students are facing this problem every day. I would be grateful if the responsible office could review the details instead of asking me to repeat the same process. Please inspect the area and take the necessary action.,Maintenance & Facilities
the printing system does not recognize my account. I tried from more than one device and the problem is the same. The IT team is requested to inspect and correct this.,IT Services
"Sir please check, i need help becase the course section has not been shared with students. I have already checked this more than once. I request the department to resolve this as soon as possible.",Academic
"I am having trouble because the lab computer keeps disconnecting during use. The issue occurs both in the lab and on my own device. I have been trying to get this sorted out, but there has not been a clear resolution yet. Kindly ask IT support to resolve this problem.",IT Services
my fee challan was marked incomplete although all listed documents were attached. I have already visited the concerned office more than once. Please ask the concerned administrative office to resolve this.,Administrative Offices
I want to report that the fee correction aplication doesnt match the payment receipt. I need the document for another university process. Kindly review the documents and process the request.,Administrative Offices
the makeup exam request is preventing me from completing registration. I need the corrected record for an upcoming academic requirement. Please update the record according to the submitted documents.,Academic
"I am writing regarding the course section has not been approved despite repeated follow-up. Because of this error, I am unable to proceed with the next academic step. I would be grateful if the responsible office could review the details instead of asking me to repeat the same process. Please check the matter before it affects my semester further.",Academic
"the mess food hasnt been resolved after repeated reporting. The warden was informed, but I have not received any update. Because the issue is still unresolved, it is now affecting my normal university work. Kindly inspect the issue and arrange the required solution.",Hostel/Provost Office
"There seems to be an issue with the classroom ceiling is damaged and unsafe to use. A maintenance complaint was already reported, but the problem remains. I have been trying to get this sorted out, but there has not been a clear resolution yet. Kindly send the maintenance team to inspect and fix it.",Maintenance & Facilities
I am having trouble because the washroom taps is overflowing during busy hours. This is especially difficult when the room is full. Please arrange repair as soon as possible.,Maintenance & Facilities
"Hi, the campus network has stopped working after the latest update. Other university websites are opening normally. Please investigate the error and update the service.",IT Services
There is a problem with the printing system is not connected to the campus network. Please investigate the error and update the service.,IT Services
I am facing an issue because my CGPA shows a value that does not match the markss announced in class. I have already checked this more than once. I request the department to resolve this as soon as possible.,Academic
my hostel room allocation is creating an uncomfortable living situation. plz take action and update me about the complaint.,Hostel/Provost Office
"the online registration portal does not recognize my account. This is affecting my ability to complete university work. Because the issue is still unresolved, it is now affecting my normal university work. Please resolve the technical problem before the deadline.",IT Services
"I am having trouble because the document attestation request has not been forwarded to the concerned office. The required documents and receipt were submitted. I have been trying to get this sorted out, but there has not been a clear resolution yet. Please ask the concerned administrative office to resolve this.",Administrative Offices
There is a problem with the lab computer is rejecting files that meet the stated requirements. I have already checked this more than once. Please investigate the error and update the service.,IT Services
my university email shows an error whenever I try to submit work. I tried from more than one device and the problem is the same. Please resolve the technical problem before the deadline.,IT Services
"I have a problem, i want to bring this issue to your attention: the admission status was submitted before the deadline but still shows pending. I have already checked this more than once. Please correct the record and confirm the updated status.",Administrative Offices
Can someone check why my fee challan was entered under the wrong category. I have already checked this more than once. Kindly review the documents and process the request.,Administrative Offices
I want to report that the document attestation request has been delayed beyond the stated processing time. I would appreciate a clear status instead of being sent between offices. Please ask the concerned administrative office to resolve this.,Administrative Offices
the network connection does not recognize my account. I request technical support for this issue.,IT Services
the laboratory ventilation has been out of order for several days. It would be better to repair it before the damage increases. Please have this facility repaired or replaced.,Maintenance & Facilities
"Please help, can someone check why the transcript was marked absent although I attended the class. I submitted the required application before the deadline. Please investigate the discrepancy and make the required correction.",Academic
the admission document shows an incorrect amount. The required documents and receipt were submtted. The concerned office is requested to check and complete this matter.,Administrative Offices
"Can u check this, my roommate issue requires inspection by hostel staff. The problem is especially difficult during evening hours. Please have the warden or relevant staff check this issue.",Hostel/Provost Office
the accounts office receipt contains incorrect student information. The concerned office is requested to check and complete this matter.,Administrative Offices
"This is getting difficult, i would like to complain that the LMS course page has stopped working after the latest update. I need access before the current submission deadline. I would be grateful if the responsible office could review the details instead of asking me to repeat the same process. Please resolve the technical problem before the deadline.",IT Services
"I have a problem, there seems to be an issue with the admission fee record contains incorrect student information. I have already checked this more than once. Please correct the record and confirm the updated status.",Administrative Offices
I need help because the common room is still unresolved after several days. The problem is especially difficult during evening hours. Kindly have the warden or relevant staff check this issue.,Hostel/Provost Office
Please check why the exam date sheet is showing the wrong course information. I have already checked this more than once. Could the concerned office please confirm the correct status?,Academic
Im facing an issue because the hot water facility has become worse this week. I have already checked this more than once. I request the Provost Office to look into this matter.,Hostel/Provost Office
There is a problem with the transcript has an incorrect total after the latest update. I have already checked this more than once. Kindly investigate the discrepancy and make the required correction.,Academic
the accounts office receipt has been pending without any clear update. This matter has remained unresolved for several workng days. Kindly review the documents and process the request.,Administrative Offices
Please check why the lecture room lights is creating an uncomfortable environment in the room. Students are facing this problem every day. I would be grateful if the responsible office could review the details instead of asking me to repeat the same process. Kindly resolve the maintenance problem at the earliest.,Maintenance & Facilities
"I need help because the hostel gate procedure is creating hygiene concerns for residents. The issue needs attention before it becomes more serious. I have been trying to get this sorted out, but there has not been a clear resolution yet. Please resolve this hostel-related problem soon.",Hostel/Provost Office
Can someone check why the air conditioner is damaged and unsafe to use. I have already checked this more than once. Please have this facility repaired or replaced.,Maintenance & Facilities
Could you please look into this: my universirty email is rejecting files that meet the stated requirements. I have already checked this more than once. Kindly check the network or account configuration.,IT Services
"course registration is different from what appears on the departmental notice. I need the corrected record for an upcoming academic requirement. Because the issue is still unresolved, it is now affecting my normal university work. Could the concerned office please confirm the correct status?",Academic
"This is getting difficult, there seems to be an issue with the computer lab software is rejecting files that meet the stated requirements. I have already checked this more than once. Please check the network or account configuration.",IT Services
Can someone check why the department elevator is in poor condition and needs replacement. Kindly resolve the maintenance problem at the earliest.,Maintenance & Facilities
"Sir please check, could you please look into this: the registrar application has not been forwarded to the concerned office. The concerned office is requested to check and complete this matter.",Administrative Offices
the classroom ceiling needs urgent cleaning and maintenance.,Maintenance & Facilities
I am writing regarding the classroom projector is not loading the required page. Other university websites are opening normally. I request technical support for this issue.,IT Services
the lecture desk hasnt been repaired after an earlier complaint.,Maintenance & Facilities
the final exam result is different from what appears on the departmental notice. Please check the matter before it affects my semester further.,Academic
the university server is extremely slow during class hours. Please check whether there is an account or server-side problem. Please restore access as soon as possible.,IT Services
"Please help, i would like to complain that the hostel gate procedure has been pending with the hostel office. I have already checked this more than once. I request the Provost Office to look into this matter.",Hostel/Provost Office
the classroom windows has been left unrepaired since last week. I request urgent maintenance of this issue.,Maintenance & Facilities
Can someone check why the university WiFi does not send the verification message. I tried from more than one device and the problem is the same. Please resolve the technical problem before the deadline.,IT Services
"This is getting difficult, i want to bring this issue to your attention: the password reset service is not syncing with my student account. The IT team is requested to inspect and correct this.",IT Services
"Please help, could you please look into this: the lecture room lights is overflowing during busy hours. It would be better to repair it before the damage increases. Please have this facility repaired or replaced.",Maintenance & Facilities
"Please help, the result card contains an error that is affecting my semester record. can the office confirm the correct status?",Academic
"There is a problem with the hostel water supply has not been resolved after repeated reporting. The warden was informed, but I have not received any update. Kindly inspect the issue and arrange the required solution.",Hostel/Provost Office
"my degree verification request has not been processed even though the documents were submitted. I would appreciate a clear status instead of being sent between offices. Because the issue is still unresolved, it is now affecting my normal university work. Please resolve the issue without further unnecessary delay.",Administrative Offices
I need help because the scholarship payment does not match the payment receipt. The delay is creating difficulty with my semester matters. Kindly check the application and provide an update.,Administrative Offices
the washroom plumbing is not providing adequate service.,Maintenance & Facilities
"Hi, the student portal has stopped working after the latest update. I request technical support for this issue.",IT Services
"Please help, could you please look into this: the hostel corridor lights is causing problems for residents every day. The condition has been causing inconvenience for several days. I would be grateful if the responsible office could review the details instead of asking me to repeat the same process. Please take action and update me about the complaint.",Hostel/Provost Office
the admission document has not been processed even though the documents were submtted. Kindly check the application and provide an update.,Administrative Offices
I am writing regarding the exam date sheet is showing the wrong course information. I request the department to resolve this as soon as possible.,Academic
"Sir please check, there is a problem with the email verification link doesnt accept my correct login details. Restarting the device did not solve the issue. I have been trying to get this sorted out but there has not been a clear resolution yet. I request technical support for this issue.",IT Services
"Hi, the lecture desk has not been repaired after an earlier complaintt. The area is frequently used by students and staff. I request urgent maintenance of this issue.",Maintenance & Facilities
"Please help, the projector connection does not send the verification message. Please check the account or system and fix the issue.",IT Services
"the university server is not loading the required page. Other university websites are opening normally. Because the issue is still unresolved, it is now affecting my normal university work. Please resolve the technical problem before the deadline.",IT Services
"Hi, i am facing an issue because the hostel room lock has not been updated in the hostel record. Please take action and update me about the complaint.",Hostel/Provost Office
"I have a problem, i am facing an issue because my clearance form has been delayed beyond the stated processing time. I have kept a copy of the submitted form and payment receipt. I would be grateful if the responsible office could review the details instead of asking me to repeat the same process. Please ask the concerned administrative office to resolve this.",Administrative Offices
"the hosel corridor lights has been pending with the hostel office. I informed the hostel staff earlier, but the issue continues. Please ask the hostel administration to resolve it.",Hostel/Provost Office
"Can u check this, my GPA calculation shows a value that does not match the marks announced in class. Other students in the same class can see the correct information. Because the issue is still unresolved, it is now affecting my normal university work. Please recheck the entry and let me know once it is fixed.",Academic
There seems to be an issue with the hostel water supply requires inspection by hostel staff. The condition has been causing inconvenience for several days. I have been trying to get this sorted out but there has not been a clear resolution yet. Please take action and update me about the complaint.,Hostel/Provost Office
"the drinking water supply has loose parts that may cause an accident. The problem is now affecting more than one class. Because the issue is still unresolved, it is now affecting my normal university work. The concerned staff are requested to repair this promptly.",Maintenance & Facilities
the classroom chairs is producing a strong smell and needs maintenance. It would be better to repair it before the damage increases. Please check the problem and restore the facility.,Maintenance & Facilities
Please check why the network connection is showing outdated information. I have already checked this more than once. Kindly check the network or account configuration.,IT Services
the accounts office receipt has no status update despite repeated visits. The concerned office is requested to check and complete this matter.,Administrative Offices
I am facing an issue because the admission status is causing difficulty with another university process. The concerned office is requested to check and complete this matter.,Administrative Offices
the semester timetable was entered under the wrong course code. This issue is causing difficulty with my current semester planning. Kindly review this issue and update the academic record.,Academic
I want to report that my studnet card has no status update despite repeated visits. Kindly review the documents and process the request.,Administrative Offices
Please check why my thesis supervision has not been shared with students. I have already checked this more than once. Please recheck the entry and let me know once it is fixed.,Academic
"Please help, i need help because the printing system is not loading the required page. I have already checked this more than once. The IT team is requested to inspect and correct this.",IT Services
"the projector connection does not accept my correct login details. I already changed the password, but the error remains. I request technical support for this issue.",IT Services
Please check why the migration certificate contains incorrect student information. I have already checked this more than once. Please process the request and correct the record.,Administrative Offices
"Please help, i am having trouble because the room furniture is not working properly. I have already checked this more than once. The concerned hostel staff are requested to take action.",Hostel/Provost Office
"the washroom taps is not providing adequate service. The problem is now affecting more than one class. Because the issue is still unresolved, it is now affecting my normal university work. Please check the problem and restore the facility.",Maintenance & Facilities
the water cooler has been left unrepaired since last week. The area is frequently used by students and staff. Kindly send the maintenance team to inspect and fix it.,Maintenance & Facilities
I am writing regarding the lecture room lights keeps stopping and starting. I have already checked this more than once. pls have this facility repaired or replaced.,Maintenance & Facilities
I want to report that the hostel room lock is creating hygiene concerns for residents. I have already checked this more than once. Please handle the matter according to hostel policy.,Hostel/Provost Office
"the room ceiling fan is not being handled according to the hostel procedure. The problem is especially difficult during evening hours. Because the issue is still unresolved, it is now affecting my normal university work. The concerned hostel staff are requested to take action.",Hostel/Provost Office
the room cleanliness has been pending with the hostel office.,Hostel/Provost Office
Please check why the hostel gate procedure has been pending with the hostel office. I would like the matter to be handled according to hostel rules. The concerned hostel staff are requested to take action.,Hostel/Provost Office
my CGPA has been pending for several days.,Academic
I want to report that the washroom plumbing is leaking and making the floor wet. The facility is currently difficult to use safely. I would be grateful if the responsible office could review the details instead of asking me to repeat the same process. I request urgent maintenance of this issue.,Maintenance & Facilities
Could you please look into this: my university email shows a server error repeatedly. I have already checked this more than once. The IT team is requested to inspect and correct this.,IT Services
"This is getting difficult, there is a problem with the room ceiling fan requires inspection by hostel staff. The issue needs attention before it becomes more serious. I request the Provost Office to look into this matter.",Hostel/Provost Office
There is a problem with the classroom fan has loose parts that may cause an accident. The concerned staff are requested to repair this promptly.,Maintenance & Facilities
"Sir pleas check, i want to report that my university email has been unavailable since this morning. I have already checked this more than once. Please restore access as soon as possible.",IT Services
Please check why the department elevator has been left unrepaired since last week. I have already checked this more than once. The concerned staff are requested to repair this promptly.,Maintenance & Facilities
I am facing an issue because the admission status has not been approved even after verification. I have already checked this more than once. Please resolve the issue without further unnecessary delay.,Administrative Offices
the result card was entered under the wrong course code. I already contacted the relevant teacher but the record is unchanged. Could the concerned office please confirm the correct status?,Academic
my CGPA was changed without any explanation. I submitted the required application before the deadline. Please check the matter before it affects my semester further.,Academic
"This is getting difficult, i want to bring this issue to your attention: my GPA calculation was not accepted even though I met the deadline. Other students in the same class can see the correct information. Please update the record according to the submitted documents.",Academic
"the LMS course page has been unavailable since this morning. I need access before the current submission deadline. Because the issue is still unresolved, it is now affecting my normal university work. I request technical support for this issue.",IT Services
my midterm marks does not reflect the form I submitted on time.,Academic
Could you please look into this: the quiz score does not include marks for work that I submitted. I have checked the portal more than once and the same problem remains. I would be grateful if the responsible office could review the details instead of asking me to repeat the same process. Kindly investigate the discrepancy and make the required correction.,Academic
the department printer is rejecting files that meet the stated requirements.,IT Services
Can someone check why my scholarship application has not been forwarded to the concerned office. The delay is creating difficulty with my semester matters. I have been trying to get this sorted out but there has not been a clear resolution yet. The concerned office is requested to check and complete this matter.,Administrative Offices
"I am writing regarding the room furniture has become worse this week. I informed the hostel staff earlier, but the issue continues. Please ask the hostel administration to resolve it.",Hostel/Provost Office
"the lecture room lights is not providing adequate service. Students are facing this problem every day. Because the issue is still unresolved, it is now affecting my normal university work. The concerned staff are requested to repair this promptly.",Maintenance & Facilities
I need help because my clearance form is not appearing in the official record. This matter has remained unresolved for several working days. I would be grateful if the responsible offce could review the details instead of asking me to repeat the same process. Please process the request and correct the record.,Administrative Offices
"Can u check this, i am having trouble because the assignment grade does not reflect the form I submitted on time. I have checked the portal more than once and the same problem remains. I have been trying to get this sorted out, but there has not been a clear resolution yet. Please review this issue and update the academic record.",Academic
I would like to complain that the hot water facility is not available at the stated time. I have already checked this more than once. Kindly inspect the issue and arrange the required solution.,Hostel/Provost Office
I need help because my fee challan contains incorrect student information. I would appreciate a clear status instead of being sent between offices. Please ask the concerned administrative office to resolve this.,Administrative Offices
I am writing regarding the classroom projector does not recognize my account. Other university websites are opening normally. Kindly ask IT support to resolve this problem.,IT Services
the department printer shows an error whenever I try to submit work. Kindly check the network or account configuration.,IT Services
"There seems to be an issue with the online registration portal is not responding at all. This is affecting my ability to complete university work. I have been trying to get this sorted out, but there has not been a clear resolution yet. The IT team is requested to inspect and correct this.",IT Services
the email verification link has been unavailable since this morning.,IT Services
I want to report that the corridor lights is not available when it is needed. The issue becomes worse during afternoon classes. I would be grateful if the responsible office could review the details instead of asking me to repeat the same process. Kindly send the maintenance team to inspect and fix it.,Maintenance & Facilities
I would like to complain that the department printer has not been restored after an earlier complaint. Kindly check the network or account configuration.,IT Services
"Hi, i want to report that the university server is not connected to the campus network. I request technical support for this issue.",IT Services
my attendance record does not reflect the form I submitted on time. This issue is causing difficulty with my current semester planning. Please check the matter before it affects my semester further.,Academic
"This is getting difficult, there seems to be an issue with my student card is stuck between two administrative offices. I have already checked this more than once. Please process the request and correct the record.",Administrative Offices
the department printer has stopped working after the latest update.,IT Services
"Hi, the classroom ceiling is not working properly during class hours. It would be better to repair it before the damage increases. Please have this facility repaired or replaced.",Maintenance & Facilities
"Can someone check why the laundry area is causing unnecessary difficulty at night. The warden was informed, but I have not received any update. I have been trying to get this sorted out, but there has not been a clear resolution yet. The concerned hostel staff are requested to take action.",Hostel/Provost Office
There is a problemm with my degree verification request has not been approved even after verification. This matter has remained unresolved for several working days. I request verification and completion of the pending process.,Administrative Offices
the room furniture is affecting basic hostel facilities.,Hostel/Provost Office
There seems to be an issue with the corridor lights has loose parts that may cause an accident. This is especially difficult when the room is full. Please arrange repair as soon as possible.,Maintenance & Facilities
"the admission document has not been issued yet. I would appreciate a clear status instead of being sent between offices. Because the issue is still unresolved, it is now affecting my normal university work. The concerned office is requested to check and complete this matter.",Administrative Offices
I am having trouble because the network connection is extremely slow during class hours. Please restore access as soon as possible.,IT Services
the classroom projector has not been restored after an earlier complant. The IT team is requested to inspect and correct this.,IT Services
"the semester timetable is different from what appears on the departmental notice. Other students in the same class can see the correct information. Because the issue is still unresolved, it is now affecting my normal university work. Please check the matter before it affects my semester further.",Academic
the lecture desk is not providing adequate service. The area is frequently used by students and staff. Kindly resolve the maintenance problemm at the earliest.,Maintenance & Facilities
"I am having trouble because the network connection keeps disconnecting during use. Restarting the device did not solve the issue. I have been trying to get this sorted out, but there has not been a clear resolution yet. The IT team is requested to inspect and correct this.",IT Services
"the quiz score is still missing from the student record. Other students in the same class can see the correct information. Because the issue is still unresolved, it is now affecting my normal university work. Please update the record according to the submitted documents.",Academic
"I would like to complain that the admission fee record has not been processed even though the documents were submitted. I have already visited the concerned offce more than once. I have been trying to get this sorted out, but there has not been a clear resolution yet. Kindly review the documents and process the request.",Administrative Offices
the hostel security refund is causing difficulty with another university process. I would appreciate a clear status instead of being sent between offices. Please correct the record and confirm the updated status.,Administrative Offices
my clearance form has not been issued yet. The concerned office is requested to check and complete this matter.,Administrative Offices
I am facing an issue because the drinking water supply is producing a strong smell and needs maintenance. Students are facing this problem every day. Please check the problem and restore the facility.,Maintenance & Facilities
"my university email is not detecting the connected device. The problem started recently and has continued since then. Because the issue is still unresolved, it is now affecting my normal university work. Kindly check the network or account configuration.",IT Services
the LMS course page has stopped working after the latest update. Other university websites are opening normally. I request technical support for this issue.,IT Services
the registrar application is not appearing in the official record.,Administrative Offices
"Please help, i want to bring this issue to your attention: the admission fee record has not been approved even after verification. Please verify the record with the accounts or registrar office. The concerned office is requested to check and complete this matter.",Administrative Offices
Can someone check why the official certificate request has been delayed beyond the stated processing time. I have kept a copy of the submitted form and payment receipt. I would be grateful if the responsible office could review the details instead of asking me to repeat the same process. Kindly review the documents and process the request.,Administrative Offices
I am facing an issue because the registrar application does not match the payment receipt. I have already checked this more than once. I request verification and completion of the pending process.,Administrative Offices
"the fee refund request contains incorrect student information. I have kept a copy of the submitted form and payment receipt. Because the issue is still unresolved, it is now affecting my normal university work. Please resolve the issue without further unnecessary delay.",Administrative Offices
I would like to complain that the air conditioner is leaking and making the floor wet. Kindly resolve the maintenance problem at the earliest.,Maintenance & Facilities
I need help because the classroom ceiling is overflowing during busy hours. It would be better to repair it before the damage increases. Kindly send the maintenance team to inspect and fix it.,Maintenance & Facilities
"I have a problem, the drainage line is leaking and making the floor wet. I request urgent maintenance of this issue.",Maintenance & Facilities
I am having trouble because the admission fee record is causing difficulty with another university process. I have kept a copy of the submitted form and payment receipt. I request verification and completion of the pending process.,Administrative Offices
I want to report that the classroom ceiling keeps stopping and starting. I have already checked this more than once. The concerned staff are requested to repair this promptly.,Maintenance & Facilities
I want to bring this issue to your attention: my hostel room allocation requires inspection by hostel staff. This is affecting normal hostel routine. Please take action and update me about the complaint.,Hostel/Provost Office
"Please help, i need help because the hostel gate procedure is still unresolved after several days. Please check the hostel record for my earlier complaint. Please have the warden or relevant staff check this issue.",Hostel/Provost Office
There is a problem with the electrical sockets needs urgent cleaning and maintenance. I have already checked this more than once. Please have this facility repaired or replaced.,Maintenance & Facilities
Im having trouble because the laundry area is creating hygiene concerns for residents. I have already checked this more than once. Please take action and update me about the complaint.,Hostel/Provost Office
"This is getting difficult, the official certificate request has not been forwarded to the concerned office. The counter staff asked me to check again later, but there is still no progress. Because the issue is still unresolved, it is now affecting my normal university work. I request verification and completion of the pending process.",Administrative Offices
I would like to complain that the lab computer does not send the verification message. I have already checked this more than once. The IT team is requested to inspect and correct this.,IT Services
There is a problem with the network connection is not detecting the connected device. I have already checked this more than once. Please resolve the technical problem before the deadline.,IT Services
"Please check why my hostel room allocation is causing unnecessary difficulty at night. I would like the matter to be handled according to hostel rules. I have been trying to get this sorted out, but there has not been a clear resolution yet. I request the Provost Office to look into this matter.",Hostel/Provost Office
"I have a problem, the room furniture is making it difficult to stay in the room. I have already submitted a request at the hostel office. Because the issue is still unresolved, it is now affecting my normal university work. Please inspect the issue and arrange the required solution.",Hostel/Provost Office
I want to report that the practical marks was uploaded late and now I cannot complete the next process. Please verify the record and correct it.,Academic
"This is getting difficult, i would like to complain that the electrical sockets is not providing adequate service. I have already checked this more than once. Please send the maintenance team to inspect and fix it.",Maintenance & Facilities
Please check why the room change request is creating repeated arguments among residents. I have already checked this more than once. I request the Provost Office to look into this matter.,Hostel/Provost Office
the classroom projector is rejecting files that meet the stated requirements. The IT team is requested to inspect and correct this.,IT Services
I want to bring this issue to your attention: the biometric attendance machine shows a server error repeatedly. I have already checked this more than once. The IT team is requested to inspect and correct this.,IT Services
I want to report that the department printer shows a server error repeatedly. This is affecting my ability to complete university work. Please check the account or system and fix the issue.,IT Services
the backup generator is creating an uncomfortable environment in the room. Students are facing this problem every day. Please have this facility repaired or replaced.,Maintenance & Facilities
"Can u check this, i need help because the room change request is creating repeated arguments among residents. I would like the matter to be handled according to hostel rules. I would be grateful if the responsible office could review the details instead of asking me to repeat the same process. Please handle the matter according to hostel policy.",Hostel/Provost Office
"Sir please check, the biometric attendance machine is not loading the required page.",IT Services
Please check why the hosel cleaning schedule is creating an uncomfortable living situation. Please ask the hostel administration to resolve it.,Hostel/Provost Office
the student portal does not accept my correct login details. Please check whether there is an account or server-side problem. Please restore access as soon as possible.,IT Services
the password reset service is showing outdated information. I tried from more than one device and the problem is the same. Please investigate the error and update the service.,IT Services
"the backup generator is overflowing during busy hours. The facility is currently difficult to use safely. Because the issue is still unresolved, it is now affecting my normal university work. The concerned staff are requested to repair this promptly.",Maintenance & Facilities
the room change request has been pending with the hostel office. Kindly have the warden or relevant staff check this issue.,Hostel/Provost Office
"I have a problm, i need help because the LMS account has not been restored after an earlier complaint. Please check the account or system and fix the issue.",IT Services
Please check why the projector connection does not accept my correct login details. The IT team is requested to inspect and correct this.,IT Services
"Hi, please check why my university email is not loading the required page. The problem started recently and has continued since then. I would be grateful if the responsible office could review the details instead of asking me to repeat the same process. Please investigate the error and update the service.",IT Services
I am facing an issue becuase the room change request is creating an uncomfortable living situation. The issue needs attention before it becomes more serious. Kindly have the warden or relevant staff check this issue.,Hostel/Provost Office
"I am having trouble because the hostel curfew entry is not avaiable at the stated time. I have already submitted a request at the hostel office. I have been trying to get this sorted out, but there has not been a clear resolution yet. Please ask the hostel administration to resolve it.",Hostel/Provost Office
There seems to be an issue with the washroom taps has loose parts that may cause an accident. The facility is currently difficult to use safely. Please have this facility repaired or replaced.,Maintenance & Facilities
I want to report that my CGPA shows a value that does not match the marks announced in class. Please check the matter before it affects my semester further.,Academic
I need help because the classroom projector shows a server error repeatedly. Kindly ask IT support to resolve this problem.,IT Services
I need help because the exam date sheet shows a value that does not match the marks announced in class. I have checked the portal more than once and the same problem remains. Kindly review this issue and update the academic record.,Academic
"Could you please look into this: course registration is still missing from the student recrod. I would appreciate verification from the concerned academic office. I have been trying to get this sorted out, but there has not been a clear resolution yet. Please check the matter before it affects my semester further.",Academic
my degree verification request is causing difficulty with another university process. Kindly check the application and provide an update.,Administrative Offices
"Im facing an issue because the backup generator is causing difficulty for students during lectures. A maintenance complaint was already reported, but the problem remains. I have been trying to get this sorted out, but there has not been a clear resolution yet. Kindly resolve the maintenance problem at the earliest.",Maintenance & Facilities
I want to report that the scholarship payment shows an incorrect amount. The counter staff asked me to check again later but there is still no progress. I would be grateful if the responsible office could review the details instead of asking me to repeat the same process. Please correct the record and confirm the updated status.,Administrative Offices
my hostel room allocation is causing unnecessary difficulty at night. I have already submitted a request at the hostel office. Kindly have the warden or relevant staff check this issue.,Hostel/Provost Office
the online registration portal has been unavailable since this morning. Other university websites are opening normally. Please restore access as soon as possible.,IT Services
"Hi, i need help because the fee refund request doesnt match the payment receipt. I have kept a copy of the submitted form and payment receipt. Please resolve the issue without further unnecessary delay.",Administrative Offices
"the electrical sockets keeps stopping and starting. The problem is now affecting more than one class. Because the issue is still unresolved, it is now affecting my normal university work. Please have this facility repaired or replaced.",Maintenance & Facilities
"I want to report that my university email has not been restored after an earlier complaint. I already changed the password, but the error remains. I would be grateful if the responsible office could review the details instead of asking me to repeat the same process. Please resolve the technical problem before the deadline.",IT Services
"I want to bring this issue to your attention: the drainage line has broken fittings. The problem is now affecting more than one class. I have been trying to get this sorted out, but there has not been a clear resolution yet. Please check the problem and restore the facility.",Maintenance & Facilities
"There is a problem with the backup generator is making a loud noise throughout lectures. Students are facing this problem every day. I have been trying to get this sorted out, but there hasnt been a clear resolution yet. Please arrange repair as soon as possible.",Maintenance & Facilities
the exam date sheet was uploaded late and now I cannot complete the next process. plz update the record according to the submitted documents.,Academic
I want to bring this issue to your attention: the student portal is extremely slow during class hours. I have already checked this more than once. Please check the account or system and fix the issue.,IT Services
"Could you please look into this: the water cooler is blocked and water is collecting around it. A maintenance complaint was already reported, but the problem remains. Please have this facility repaired or replaced.",Maintenance & Facilities
the backup generator is not availble when it is needed. The problem is now affecting more than one class. The concerned staff are requested to repair this promptly.,Maintenance & Facilities
"Sir please check, the official certificate request was entered under the wrong category. Please process the request and correct the record.",Administrative Offices
Im writing regarding the hostel water supply has not been updated in the hostel record. I have already checked this more than once. Kindly inspect the issue and arrange the required solution.,Hostel/Provost Office
"Please check why the network connection has stopped working after the latest update. I already changed the password, but the error remains. I have been trying to get this sorted out, but there has not been a clear resolution yet. Please investigate the error and update the service.",IT Services
"I am writing regarding the assignment grade has an incorrect total after the latest update. Because of this error, I am unable to proceed with the next academic step. Please check the matter before it affects my semester further.",Academic
"the common room is not working properly. The warden was informed, but I have not received any update. Please ask the hostel administration to resolve it.",Hostel/Provost Office
the quiz score is showing the wrong course information.,Academic
There is a problem with the hostel water supply needs attention from the provost office. I have already checked this more than once. Please resolve this hostel-related problem soon.,Hostel/Provost Office
"Sir please check, my student card has not been issued yet. I would appreciate a clear status instead of being sent between offices. Because the issue is still unresolved, it is now affecting my normal university work. The concerned office is requested to check and complete this matter.",Administrative Offices
"the classroom chairs is creating an uncomfortable environment in the room. The area is frequently used by students and staff. Because the issue is still unresolved, it is now affecting my normal university work. Kindly resolve the maintenance problemm at the earliest.",Maintenance & Facilities
I need help because the classroom windows is creating an uncomfortable environment in the room. Please send someone to inspect the location. I would be grateful if the responsible offce could review the details instead of asking me to repeat the same process. Please inspect the area and take the necessary action.,Maintenance & Facilities
the hosel cleaning schedule was reported to the warden but no action has been taken. The condition has been causing inconvenience for several days. The concerned hostel staff are requested to take action.,Hostel/Provost Office
There seems to be an issue with the registered credit hours was uploaded late and now I cannot complete the next process. The supporting document was submitted at the department offce. Kindly investigate the discrepancy and make the required correction.,Academic
"I need help because the classroom projector does not recognize my account. Other university websites are opening normally. I have been trying to get this sorted out, but there has not been a clear resolution yet. Please restore access as soon as possible.",IT Services
There is a problem with the hostel gate procedure is still unresolved after several days. I have already checked this more than once. Please resolve this hostel-related problem soon.,Hostel/Provost Office
"I want to bring this issue to your attention: the drainage line is blocked and water is collecting around it. A maintenance complaint was already reported, but the problem remains. I would be grateful if the responsible office could review the details instead of asking me to repeat the same process. Please have this facility repaired or replaced.",Maintenance & Facilities
I am writing regarding the corridor lights is causing difficulty for students during lectures. I have already checked this more than once. pleas have this facility repaired or replaced.,Maintenance & Facilities
I am facing an issue because the course section does not include marks for work that I submitted. I have checked the portal more than once and the same problem remains. Could the concerned office please confirm the correct status?,Academic
"I would like to complain that my fee challan is stuck between two administrative offices. This matter has remained unresolved for several working days. I have been trying to get this sorted out, but there has not been a clear resolution yet. The concerned office is requested to check and complete this matter.",Administrative Offices
"the air conditioner has been left unrepaired since last week. The issue becomes worse during afternoon classes. Because the issue is still unresolved, it is now affecting my normal university work. Kindly send the maintenance team to inspect and fix it.",Maintenance & Facilities
"Sir please check, my clearance form was entered under the wrong category. I have already visited the concerned office more than once. Because the issue is still unresolved, it is now affecting my normal university work. Please check the application and provide an update.",Administrative Offices
There is a problem with the classroom chairs has broken fittings. Please send someone to inspect the location. I would be grateful if the responsible office could review the details instead of asking me to repeat the same process. Please have this facility repaired or replaced.,Maintenance & Facilities
I need help because the hostel security refund has been pending without any clear update. I have already checked this more than once. Kindly check the application and provide an update.,Administrative Offices
"Can someone check why the classroom fan is making a loud noise throughout lectures. A maintenance complaint was already reported, but the problem remains. I request urgent maintenance of this issue.",Maintenance & Facilities
I need help because the corridor lights is causing difficulty for students during lectures. The condition is affecting normal use of the area. I would be grateful if the responsible office could review the details instead of asking me to repeat the same process. I request urgent maintenance of this issue.,Maintenance & Facilities
There is a problem with the result card has been pending for several days. I have already checked this more than once. Please check the matter before it affects my semester further.,Academic
I am having trouble because the official certificate request is being delayed because the counter staff keep asking me to return later. The delay is creating difficulty with my semester matters. I request verification and completion of the pending process.,Administrative Offices
Please check why the mess timing has not been updated in the hostel record. I have already checked this more than once. The concerned hostel staff are requested to take action.,Hostel/Provost Office
the room furniture has not been updated in the hostel record. Several residents on the floor are facing the same problm. Please take action and update me about the complaint.,Hostel/Provost Office
the transcript is different from what appears on the departmental notice. I need the corrected record for an upcoming academic requirement. Please update the record according to the submitted documents.,Academic
I would like to complain that the mess timing is creating hygiene concerns for residents. I have already checked this more than once. The concerned hostel staff are requested to take action.,Hostel/Provost Office
"Can u check this, the migration certificate contains incorrect student information. I need the document for another university process. Because the issue is still unresolved, it is now affecting my normal university work. Please review the documents and process the request.",Administrative Offices
I need help becuase the admission fee record was submitted before the deadline but still shows pending. I have already visited the concerned office more than once. I would be grateful if the responsible office could review the details instead of asking me to repeat the same process. Kindly check the application and provide an update.,Administrative Offices
the parking area keeps stopping and starting.,Maintenance & Facilities
There seems to be an issue with the makeup exam request contains an error that is affecting my semester record. I already contacted the relevant teacher but the record is unchanged. pleas check the matter before it affects my semester further.,Academic
I would like to complain that the password reset service is not detecting the connected device. I have already checked this more than once. Please restore access as soon as possible.,IT Services
"Please help, the common room needs attention from the provost office. This is affecting normal hostel routine. The concerned hostel staff are requested to take action.",Hostel/Provost Office
Could you please look into this: the admission document has not been approved even after verification. Please verify the record with the accounts or registrar office. The concerned office is requested to check and complete this matter.,Administrative Offices
"the projector connection is not connected to the campus network. Other university websites are opening normally. Because the issue is still unresolved, it is now affecting my normal university work. The IT team is requested to inspect and correct this.",IT Services
the laundry area is still unresolved after several days. The issue needs attention before it becomes more serious. Please ask the hostel administration to resolve it.,Hostel/Provost Office
I want to bring this issue to your attention: the room cleanliness needs attention from the provost office. The problem is especially difficult during evening hours. Kindly inspect the issue and arrange the required solution.,Hostel/Provost Office
I am writing regarding the migration certificate was submitted before the deadline but still shows pending. Please process the request and correct the record.,Administrative Offices
There seems to be an issue with the classroom ceiling has broken fittings. The problem is now affecting more than one class. pls have this facility repaired or replaced.,Maintenance & Facilities
Could you please look into this: the printing system does not accept my correct login details. Kindly ask IT support to resolve this problm.,IT Services
I want to bring this issue to your attention: the admission document was returned without explaining what is missing. Please resolve the issue without further unnecessary delay.,Administrative Offices
I am having trouble becase my CGPA was not accepted even though I met the deadline. I have already checked this more than once. Could the concerned office please confirm the correct status?,Academic
"the transcript contains an error that is affecting my semester record. The supporting document was submitted at the department office. Because the issue is still unresolved, it is now affecting my normal university work. Please check the matter before it affects my semester further.",Academic
"Hi, the thesis progress review still shows the old information after correction. Please update the record according to the submitted documents.",Academic
I would like to complain that the washroom taps is creating an uncomfortable environment in the room. I have already checked this more than once. Kindly resolve the maintenance problem at the earliest.,Maintenance & Facilities
"I need help because the prerequisite approval was entered under the wrong course code. I already contacted the relevant teacher but the record is unchanged. I have been trying to get this sorted out, but there has not been a clear resolution yet. Please verify the record and correct it.",Academic
"I would like to complain that the course section does not reflect the form I submitted on time. The department office asked me to wait, but there has been no update. I would be grateful if the responsible office could review the details instead of asking me to repeat the same process. Please verify the record and correct it.",Academic
I am facing an issue because the hostel gate procedure was reported to the warden but no action has been taken. I have already checked this more than once. The concerned hostel staff are requested to take action.,Hostel/Provost Office
I want to bring this issue to your attention: course registration contains an error that is affecting my semester record. The supporting document was submitted at the department office. Could the concerned office please confirm the correct status?,Academic
"This is getting difficult, i am writing regarding the lab computer has not been restored after an earlier complaint. I have already checked this more than once. Please investigate the error and update the service.",IT Services
the mess food has not been resolved after repeated reporting. I would like the matter to be handled according to hostel rules. Please handle the matter according to hostel policy.,Hostel/Provost Office
I am writing regarding the viva schedule has been pending for several days. I have checked the portal more than once and the same problem remains. Please verify the recoard and correct it.,Academic
the department elevator is not working properly during class hours. The facility is currently difficult to use safely. Kindly send the maintenance team to inspect and fix it.,Maintenance & Facilities
I want to bring this issue to your attention: the registrar application was submitted before the deadline but still shows pending. This matter has remained unresolved for several working days. I would be grateful if the responsible office could review the details instead of asking me to repeat the same process. Kindly check the application and provide an update.,Administrative Offices
"Can u check this, there seems to be an issue with the LMS course page has been unavailable since this morning. I need access before the current submission deadline. I have been trying to get this sorted out, but there hasnt been a clear resolution yet. Please resolve the technical problem before the deadline.",IT Services
There is a problem with the password reset service is extremely slow during class hours. Kindly ask IT support to resolve this problem.,IT Services
"Sir please check, please check why course registration shows a value that does not match the marks announced in class. I already contacted the relevant teacher but the record is unchanged. I would be grateful if the responsible office could review the details instead of asking me to repeat the same process. can the office confirm the correct status?",Academic
I am having trouble because the LMS course page has stopped working after the latest update. Kindly check the network or account configuration.,IT Services
"I have a problem, i am facing an issue because the hostel curfew entry is causing problems for residents every day. The warden was informed, but I have not received any update. I would be grateful if the responsible office could review the details instead of asking me to repeat the same process. Please resolve this hostel-related problem soon.",Hostel/Provost Office
I am having trouble becase my clearance form shows an incorrect amount. Please resolve the issue without further unnecessary delay.,Administrative Offices
Can someone check why the lab internet connection does not accept my correct login details. The issue occurs both in the lab and on my own device. I would be grateful if the responsible office could review the details instead of asking me to repeat the same process. I request technical support for this issue.,IT Services
the document attestation request is being delayed because the counter staff keep asking me to return later. The counter staff asked me to check again later but there is still no progress. Please process the request and correct the record.,Administrative Offices
"Please check why the classroom projector has stopped working after the latest update. I already changed the password, but the error remains. Please resolve the technical problem before the deadline.",IT Services
I want to report that the campus network has stopped working after the latest update. I tried from more than one device and the problem is the same. I request technical support for this issue.,IT Services
"Please check why the projector connection is preventing me from accessing course material. Please check whether there is an account or server-side problem. I have been trying to get this sorted out, but there has not been a clear resolution yet. Please investigate the error and update the service.",IT Services
Please check why my GPA calculation was marked absent although I attended the class. I have checked the portal more than once and the same problem remains. Please verify the record and correct it.,Academic
the admission status was entered under the wrong category. Kindly review the documents and process the request.,Administrative Offices
"This is getting difficult, please check why the university server does not send the verification message. Restarting the device did not solve the issue. Please check the account or system and fix the issue.",IT Services
I am having trouble because the drainage line has been left unrepaired since last week. The facility is currently difficult to use safely. The concerned staff are requested to repair this promptly.,Maintenance & Facilities
I want to report that the online registration portal is not syncing with my student account. I have already checked this more than once. Kindly ask IT support to resolve this problem.,IT Services
I would like to complain that my CGPA was uploaded late and now I cannot complete the next process. I need the corrected record for an upcoming academic requirement. Kindly review this issue and update the academic record.,Academic
I am writing regarding the mess timing has become worse this week. The condition has been causing inconvenience for several days. I would be grateful if the responsible office could review the details instead of asking me to repeat the same process. Please handle the matter according to hostel policy.,Hostel/Provost Office
I want to bring this issue to your attention: the student portal is not syncing with my student account. I have already checked this more than once. Please restore access as soon as possible.,IT Services
I would like to complain that the official certificate request has been pending without any clear update. I have already checked this more than once. Kindly review the documents and process the request.,Administrative Offices
"There is a problem with the drainage line is not working properly during class hours. A maintenance complaint was already reported, but the problem remains. I would be grateful if the responsible office could review the details instead of asking me to repeat the same process. Kindly resolve the maintenance problem at the earliest.",Maintenance & Facilities
Please check why the fee refund request has no status update despite repeated visits. I have already checked this more than once. Please resolve the issue without further unnecessary delay.,Administrative Offices
I am writing regarding the official certificate request shows an incorrect amount. I have already checked this more than once. Kindly review the documents and process the request.,Administrative Offices
"the parking area is in poor condition and needs replacement. A maintenance complaint was already reported, but the problem remains. Please arrange repair as soon as possible.",Maintenance & Facilities
I am having trouble because the bonafide certificate has been pending without any clear update. I have already checked this more than once. I request verification and completion of the pending process.,Administrative Offices
Could you please look into this: the practical marks was uploaded late and now I cannot complete the next process. Please recheck the entry and let me know once it is fixed.,Academic
the migration certificate has not been forwarded to the concerned office. Please resolve the issue without further unnecessary delay.,Administrative Offices
the room change request is creating hygiene concerns for residents. The concerned hostel staff are requested to take action.,Hostel/Provost Office
Im facing an issue because the common room has not been updated in the hostel record. The issue needs attention before it becomes more serious. Please resolve this hostel-related problem soon.,Hostel/Provost Office
"Sir please check, the classroom ceiling is blocked and water is collecting around it. The problem is now affecting more than one class. Please check the problem and restore the facility.",Maintenance & Facilities
the campus network is not loading the required page. I request technical support for this issue.,IT Services
"I want to bring this issue to your attention: the practical marks is showing the wrong course information. The department office asked me to wait, but there has been no update. Please check the matter before it affects my semester further.",Academic
the parking area keeps stopping and starting. The issue becomes worse during afternoon classes. I request urgent maintenance of this issue.,Maintenance & Facilities
I am writing regarding the transcript is still missing from the student record. Kindly review this issue and update the academic record.,Academic
"the scholarship payment has not been approved even after verification. I have already visited the concerned office more than once. Because the issue is still unresolved, it is now affecting my normal universirty work. Please ask the concerned administrative office to resolve this.",Administrative Offices
I am writing regarding the thesis progress review is still missing from the student record. I have already checked this more than once. Please check the matter before it affects my semester further.,Academic
"I would like to complain that the network connection does not accept my correct login details. I already changed the password, but the error remains. I have been trying to get this sorted out, but there has not been a clear resolution yet. I request technical support for this issue.",IT Services
Please check why the fee correction application has not been issued yet. I have already checked this more than once. Kindly check the application and provide an update.,Administrative Offices
"Can u check this, could you please look into this: the university WiFi shows an error whenever I try to submit work. I have already checked this more than once. Please resolve the technical problem before the deadline.",IT Services
"Can u check this, my clearance form was returned without explaining what is missing. I have kept a copy of the submitted form and payment receipt. Because the issue is still unresolved, it is now affecting my normal university work. Please process the request and correct the record.",Administrative Offices
the document attestation request was entered under the wrong category.,Administrative Offices
"I have a problem, the student portal is not detecting the connected device. plz resolve the technical problem before the deadline.",IT Services
"my CGPA was not accepted even though I met the deadline. I would appreciate verification from the concerned academic office. Because the issue is still unresolved, it is now affecting my normal university work. Kindly investigate the discrepancy and make the required correction.",Academic
the exam date sheet was uploaded late and now I cannot complete the next process.,Academic
"There seems to be an issue with the hostel WiFi complaint record is not available at the stated time. The problem is especially difficult during evening hours. I have been trying to get this sorted out, but there has not been a clear resolution yet. Please resolve this hostel-related problem soon.",Hostel/Provost Office
the room ceiling fan is causing problems for residents every day. Please handle the matter according to hostel policy.,Hostel/Provost Office
the room ceiling fan hasnt been repaired despite an earlier request. I have already submitted a request at the hostel office. Kindly have the warden or relevant staff check this issue.,Hostel/Provost Office
I want to report that the department elevator has broken fittings. I request urgent maintenance of this issue.,Maintenance & Facilities
Im writing regarding the drinking water supply is leaking and making the floor wet. I have already checked this more than once. Please inspect the area and take the necessary action.,Maintenance & Facilities
"pls help, the scholarship payment has been pending without any clear update.",Administrative Offices
the water cooler is leaking and making the floor wet. Please send someone to inspect the location. Please have this facility repaired or replaced.,Maintenance & Facilities
"Hi, i would like to complain that the admission status has not been processed even though the documents were submitted. This matter has remained unresolved for several working days. I have been trying to get this sorted out, but there has not been a clear resolution yet. Please resolve the issue without further unnecessary delay.",Administrative Offices
my scholarship application was submitted before the deadline but still shows pending. The required documents and receipt were submitted. Kindly check the application and provide an update.,Administrative Offices
I want to bring this issue to your attention: the hostel corridor lights is causing problems for residents every day. Please ask the hostel administration to resolve it.,Hostel/Provost Office
"I have a problem, i want to bring this issue to your attention: the laboratory ventilation is leaking and making the floor wet. I have already checked this more than once. Please arrange repair as soon as possible.",Maintenance & Facilities
"I have a problem, i am writing regarding the classroom chairs has been out of order for several days. I have already checked this more than once. Please arrange repair as soon as possible.",Maintenance & Facilities
course registration is creating a clash with another registered course.,Academic
"Im facing an issue because the toilet flush is creating an uncomfortable environment in the room. A maintenance complaint was already reported, but the problem remains. I would be grateful if the responsible office could review the details instead of asking me to repeat the same process. Kindly send the maintenance team to inspect and fix it.",Maintenance & Facilities
the hostel curfew entry hasnt been repaired despite an earlier request. The problem is especially difficult during evening hours. Kindly have the warden or relevant staff check this issue.,Hostel/Provost Office
Can someone check why the LMS course page has not been restored after an earlier complaint. This is affecting my ability to complete university work. I would be grateful if the responsible office could review the details instead of asking me to repeat the same process. Please check the account or system and fix the issue.,IT Services
I am having trouble because the assignment grade was marked absent although I attended the class. The supporting document was submitted at the department office. I would be grateful if the responsible office could review the details instead of asking me to repeat the same process. I request the department to resolve this as soon as possible.,Academic
my fee challan shows an incorrect amount. Please process the request and correct the record.,Administrative Offices
the quiz score is different from what appears on the departmental notice. I request the department to resolve this as soon as possible.,Academic
"the student portal is not responding at all. Please check whether there is an account or server-side problem. becuase the issue is still unresolved, it is now affecting my normal university work. Please resolve the technical problem before the deadline.",IT Services
There is a problem with my CGPA does not reflect the form I submitted on time. I have already checked this more than once. Please verify the record and correct it.,Academic
my student card was submitted before the deadline but still shows pending. Please resolve the issue without further unnecessary delay.,Administrative Offices
"the classroom projector has been unavailable since this morning. I reported this earlier to the IT desk but it is still unresolved. Because the issue is still unresolved, it is now affecting my normal university work. Please investigate the error and update the service.",IT Services
I would like to complain that the printing system has not been restored after an earlier complaint. I have already checked this more than once. I request technical support for this issue.,IT Services
the projector connection shows a server error repeatedly. Please check the account or system and fix the issue.,IT Services
Please check why the common room is making it difficult to stay in the room. This is affecting normal hostel routine. I would be grateful if the responsible office could review the details instead of asking me to repeat the same process. Please resolve this hostel-related problem soon.,Hostel/Provost Office
"Hi, i want to bring this issue to your attention: the course section has not been updated even though the instructor confirmed the correction. I have already checked this more than once. Please recheck the entry and let me know once it is fixed.",Academic
"I have a problem, i want to report that the corridor lights has been out of order for several days. The facility is currently difficult to use safely. I request urgent maintenance of this issue.",Maintenance & Facilities
"Please help, can someone check why the viva schedule contains an error that is affecting my semester record. I have already checked this more than once. Please update the record according to the submitted documents.",Academic
the hostel WiFi complaint record has been pending with the hostel offce.,Hostel/Provost Office
There seems to be an issue with the parking area keeps stopping and starting. It would be better to repair it before the damage increases. Please check the problem and restore the facility.,Maintenance & Facilities
"the scholarship payment has not been approved even after verification. The counter staff asked me to check again later, but there is still no progress. Please resolve the issue without further unnecessary delay.",Administrative Offices
"I want to bring this issue to your attention: the electrical sockets needs urgent cleaning and maintenance. The condition is affecting normal use of the area. I have been trying to get this sorted out, but there has not been a clear resolution yet. Please arrange repair as soon as possible.",Maintenance & Facilities
Could you please look into this: my scholarship application was returned without explaining what is missing. I request verification and completion of the pending process.,Administrative Offices
Please check why the classroom chairs is overflowing during busy hours. It would be better to repair it before the damage increases. Please have this facility repaired or replaced.,Maintenance & Facilities
"I want to report that the viva schedule is different from what appears on the departmental notice. The department office asked me to wait, but there has been no update. I request the department to resolve this as soon as possible.",Academic
I am facing an issue because the exam date sheet was changed without any explanation. I submitted the required application before the deadline. I would be grateful if the responsible office could review the details instead of asking me to repeat the same process. Kindly review this issue and update the academic record.,Academic
There is a problem with the email verification link does not send the verification message. I have already checked this more than once. Please resolve the technical problem before the deadline.,IT Services
There seems to be an issue with the hostel gate procedure is creating hygiene concerns for residents. Please resolve this hostel-related problem soon.,Hostel/Provost Office
I want to bring this issue to your attention: the department elevator is causing difficulty for students during lectures. Students are facing this problem every day. Kindly send the maintenance team to inspect and fix it.,Maintenance & Facilities
I am having trouble because course registration is creating a clash with another registered course. I have already checked this more than once. Please recheck the entry and let me know once it is fixed.,Academic
I am writing regarding the classroom fan needs urgent cleaning and maintenance. The concerned staff are requested to repair this promptly.,Maintenance & Facilities
the official certificate request was supposed to be completed earlier but remains unresolved.,Administrative Offices
"my clearance form has not been approved even after verification. The counter staff asked me to check again later, but there is still no progress. Because the issue is still unresolved, it is now affecting my normal university work. Please resolve the issue without further unnecessary delay.",Administrative Offices
"the migration certificate has been pending without any clear update. The counter staff asked me to check again later, but there is still no progress. Kindly review the documents and process the request.",Administrative Offices
I need help because the backup generator has loose parts that may cause an accident. Please inspect the area and take the necessary action.,Maintenance & Facilities
"the registered credit hours still shows the old information after correction. The department office asked me to wait, but there has been no update. Please check the matter before it affects my semester further.",Academic
the building staircase is making a loud noise throughout lectures. Please inspect the area and take the necessary action.,Maintenance & Facilities
Could you please look into this: the registered credit hours was changed without any explanation. I have already checked this more than once. Please check the matter before it affects my semester further.,Academic
"the final exam reslt was uploaded late and now I cannot complete the next process. I have checked the portal more than once and the same problem remains. Because the issue is still unresolved, it is now affecting my normal university work. Kindly review this issue and update the academic record.",Academic
my roommate issue is not available at the stated time. Please ask the hostel administration to resolve it.,Hostel/Provost Office
the result card has not been shared with students.,Academic
"This is getting difficult, there seems to be an issue with the mess food is making it difficult to stay in the room. Please check the hosel record for my earlier complaint. I would be grateful if the responsible office could review the details instead of asking me to repeat the same process. Please have the warden or relevant staff check this issue.",Hostel/Provost Office
I want to report that my attendance record shows a value that doesnt match the marks announced in class. I have already checked this more than once. Could the concerned office please confirm the correct status?,Academic
Can someone check why the room furniture needs attention from the provost office. I request the Provost Office to look into this matter.,Hostel/Provost Office
Could you please look into this: the lab computer is not loading the required page. The IT team is requested to inspect and correct this.,IT Services
"There seems to be an issue with the fee correction application has no status update despite repeated visits. The application was submitted within the announced dates. I have been trying to get this sorted out, but there has not been a clear resolution yet. Please process the request and correct the record.",Administrative Offices
"I have a problem, i am facing an issue because the lecture desk has loose parts that may cause an accident. Please have this facility repaired or replaced.",Maintenance & Facilities
the drinking water supply is blocked and water is collecting around it. Students are facing this problem every day. Kindly send the maintenance team to inspect and fix it.,Maintenance & Facilities
Please check why the registered credit hours was uploaded late and now I cannot complete the next process. I request the department to resolve this as soon as possible.,Academic
I want to report that the room change request is affecting basic hostel facilities. Please handle the matter according to hostel policy.,Hostel/Provost Office
I want to bring this issue to your attention: the drinking water supply keeps stopping and starting. It would be better to repair it before the damage increases. pleas have this facility repaired or replaced.,Maintenance & Facilities
"There is a problem with the hostel water supply is creating hygiene concerns for residents. The warden was informed, but I have not received any update. I have been trying to get this sorted out, but there has not been a clear resolution yet. Please ask the hostel administration to resolve it.",Hostel/Provost Office
the room change request is creating an uncomfortable living situation. Kindly have the warden or relevant staff check this issue.,Hostel/Provost Office
the hostel corridor lights requires inspection by hostel staff.,Hostel/Provost Office
Please check why my midterm marks is different from what appears on the departmental notice. The supporting document was submitted at the department office. Kindly review this issue and update the academic record.,Academic
the printing system is not loading the required page. Restarting the device did not solve the issue. Please check the account or system and fix the issue.,IT Services
"Can u check this, the email verification link works for a few minutes and then goes offline. I tried from more than one device and the problem is the same. Please ask IT support to resolve this problem.",IT Services
the admission document is causing difficulty with another university process. The delay is creating difficulty with my semester matters. Please process the request and correct the record.,Administrative Offices
I want to bring this issue to your attention: the washroom taps is making a loud noise throughout lectures. I have already checked this more than once. Kindly resolve the maintenance problem at the earliest.,Maintenance & Facilities
I am facing an issue because the hostel washroom is still unresolved after several days. I have already checked this more than once. Kindly inspect the issue and arrange the required solution.,Hostel/Provost Office
Can someone check why the fee refund request was supposed to be completed earlier but remains unresolved. I need the document for another university process. Kindly review the documents and process the request.,Administrative Offices
the online registration portal has stopped wroking after the latest update. I need access before the current submission deadline. Kindly check the network or account configuration.,IT Services
Could you please look into this: the migration certificate is being delayed because the counter staff keep asking me to return later. I have kept a copy of the submitted form and payment receipt. Please correct the recoard and confirm the updated status.,Administrative Offices
"Hi, could you please look into this: my roommate issue has been pending with the hostel office. I request the Provost Office to look into this matter.",Hostel/Provost Office
Could you pls look into this: the bonafide certificate was supposed to be completed earlier but remains unresolved. I have already checked this more than once. I request verification and completion of the pending process.,Administrative Offices
"This is getting difficult, the room change request is not being handled according to the hostel procedure. I informed the hostel staff earlier, but the issue continues. Because the issue is still unresolved, it is now affecting my normal university work. Please have the warden or relevant staff check this issue.",Hostel/Provost Office
Please check why my clearance form has been pending without any clear update. I have already checked this more than once. Kindly check the application and provide an update.,Administrative Offices
"the semester timetable is different from what appears on the departmental notice. This issue is causing difficulty with my current semester planning. Because the issue is still unresolved, it is now affecting my normal university work. Please update the record according to the submitted documents.",Academic
the hostel security desk is causing problems for residents every day. This is affecting normal hostel routine. The concerned hostel staff are requested to take action.,Hostel/Provost Office
Please check why the hostel watre supply requires inspection by hostel staff. This is affecting normal hostel routine. The concerned hostel staff are requested to take action.,Hostel/Provost Office
Could you please look into this: the admission fee record has been delayed beyond the stated processing time. I request verification and completion of the pending process.,Administrative Offices
the hostel security desk has become worse this week.,Hostel/Provost Office
the classroom ceiling has broken fittings. Students are facing this problem every day. Please inspect the area and take the necessary action.,Maintenance & Facilities
Can someone check why the LMS account does not send the verification message. I have already checked this more than once. Please check the account or system and fix the issue.,IT Services
the department elevator is overflowing during busy hours.,Maintenance & Facilities
"I am facing an issue because my GPA calculation has not been updated even though the instructor confirmed the correction. I have checked the portal more than once and the same problem remains. I have been trying to get this sorted out, but there has not been a clear resolution yet. Kindly review this issue and update the academic record.",Academic
"I have a problem, the email verification link is not connected to the campus network.",IT Services
"Please help, i want to report that the computer lab software is extremely slow during class hours. Restarting the device did not solve the issue. Please restore access as soon as possible.",IT Services
"the assignment grade was entered under the wrong course code. I need the corrected record for an upcoming academic requirement. Because the issue is still unresolved, it is now affecting my normal university work. Could the concerned office please confirm the correct status?",Academic
"the assignment grade was entered under the wrong course code. Other students in the same class can see the correct information. Because the issue is still unresolved, it is now affecting my normal university work. Please verify the record and correct it.",Academic
I want to report that the laundry area has not been repaired despite an earlier request. I would like the matter to be handled according to hostel rules. I have been trying to get this sorted out but there has not been a clear resolution yet. Please ask the hostel administration to resolve it.,Hostel/Provost Office
the student portal is not detecting the connected device. Other university websites are opening normally. Please resolve the technical problem before the deadline.,IT Services
Please check why the makeup exam request has not been approved despite repeated follow-up. Please check the matter before it affects my semester further.,Academic
the projector connection is extremely slow during class hours. Please resolve the technical problem before the deadline.,IT Services
Could you please look into this: the computer lab software has been unavailable since this morning. This is affecting my ability to complete university work. Kindly ask IT support to resolve this problem.,IT Services
the official certificate request hasnt been issued yet. Please process the request and correct the record.,Administrative Offices
"Please help, i want to report that the hostel cleaning schedule is not being handled according to the hostel procedure. I have already checked this more than once. Please resolve this hostel-related problem soon.",Hostel/Provost Office
Im writing regarding my scholarship application is causing difficulty with another university process. I have already checked this more than once. The concerned office is requested to check and complete this matter.,Administrative Offices
the viva schedule was marked absent although I attended the class. I have checked the protal more than once and the same problem remains. Kindly investigate the discrepancy and make the required correction.,Academic
"Sir please check, i want to bring this issue to your attention: the drinking water supply keeps stopping and starting. The issue becomes worse during afternoon classes. I request urgent maintenance of this issue.",Maintenance & Facilities
I want to bring this issue to your attention: the campus network keeps disconnecting during use. I reported this earlier to the IT desk but it is still unresolved. Kindly ask IT support to resolve this problem.,IT Services
"I want to report that my thesis supervision has not been approved despite repeated follow-up. The department office asked me to wait, but there has been no update. I have been trying to get this sorted out, but there has not been a clear resolution yet. Please update the record according to the submited documents.",Academic
the exam date sheet has not been updated even though the instructor confirmed the correction. I already contacted the relevant teacher but the recoard is unchanged. Please verify the record and correct it.,Academic
I need help because the makeup exam request has not been shared with students. I already contacted the relevant teacher but the record is unchanged. I would be grateful if the responsible office could review the details instead of asking me to repeat the same process. Please verify the record and correct it.,Academic
I need help because the backup generator is not working properly during class hours. I have already checked this more than once. Kindly resolve the maintenance problem at the earliest.,Maintenance & Facilities
"the practical marks does not reflect the form I submitted on time. Because of this error, I am unable to proceed with the next academic step. Because the issue is still unresolved, it is now affecting my normal university work. Please update the record according to the submitted documents.",Academic
the corridor lights is overflowing during busy hours. Please arrange repair as soon as possible.,Maintenance & Facilities
"the hostel water supply requires inspection by hostel staff. This is affecting normal hostel routine. Because the issue is still unresolved, it is now affecting my normal university work. Please take action and update me about the complaint.",Hostel/Provost Office
Can someone check why the hostel WiFi complaint record is creating hygiene concerns for residents. The issue needs attention before it becomes more serious. Please ask the hostel administration to resolve it.,Hostel/Provost Office
"Sir please check, the water cooler is producing a strong smell and needs maintenance. Please resolve the maintenance problem at the earliest.",Maintenance & Facilities
"Can u check this, the campus network is showing outdated information.",IT Services
the exam date sheet has been pending for several days. I have checked the portal more than once and the same problem remains. Kindly investigate the discrepancy and make the required correction.,Academic
Could you please look into this: the hostel washroom has not been resolved after repeated reporting. I have already checked this more than once. Please resolve this hostel-related problem soon.,Hostel/Provost Office
Im facing an issue because the migration certificate has not been processed even though the documents were submitted. I would appreciate a clear status instead of being sent between offices. I would be grateful if the responsible office could review the details instead of asking me to repeat the same process. Please ask the concerned administrative office to resolve this.,Administrative Offices
I need help because the hostel curfew entry is creating hygiene concerns for residents. I have already checked this more than once. Please handle the matter according to hostel policy.,Hostel/Provost Office
"Please help, the drainage line is making a loud noise throughout lectures. Please resolve the maintenance problem at the earliest.",Maintenance & Facilities
I am writing regarding my hostel room allocation has not been repaired despite an earlier request. The condition has been causing inconvenience for several days. Kindly have the warden or relevant staff check this issue.,Hostel/Provost Office
the accounts office receipt has been delayed beyond the stated processing time. Please process the request and correct the record.,Administrative Offices
the campus network keeps disconnecting during use. The issue occurs both in the lab and on my own device. Please restore access as soon as possible.,IT Services
Please check why the printing system is extremely slow during class hours. I have already checked this more than once. I request technical support for this issue.,IT Services
"the semester timetable is still missing from the student record. The supporting document was submitted at the department office. Because the issue is still unresolved, it is now affecting my normal university work. Please recheck the entry and let me know once it is fixed.",Academic
Please check why the viva schedule does not include marks for work that I submitted. I need the corrected record for an upcoming academic requirement. I would be grateful if the responsible office could review the details instead of asking me to repeat the same process. Please recheck the entry and let me know once it is fixed.,Academic
There seems to be an issue with the quiz score does not reflect the form I submitted on time. I submitted the required application before the deadline. pls verify the record and correct it.,Academic
I want to report that my studnet card hasnt been issued yet. This matter has remained unresolved for several working days. Kindly review the documents and process the request.,Administrative Offices
"I have a problem, could you please look into this: the lab internet connection is not loading the required page. I have already checked this more than once. Please investigate the error and update the service.",IT Services
I want to bring this issue to your attention: the mess timing was handled differently from the stated hostel rules. The problm is especially difficult during evening hours. Please resolve this hostel-related problem soon.,Hostel/Provost Office
I want to report that the scholarship payment has not been approved even after verification. I have already checked this more than once. The concerned office is requested to check and complete this matter.,Administrative Offices
"the room furniture was handled differently from the stated hostel rules. I informed the hostel staff earlier, but the issue continues. Because the issue is still unresolved, it is now affecting my normal university work. Kindly inspect the issue and arrange the required solution.",Hostel/Provost Office
"my universirty email does not accept my correct login details. The issue occurs both in the lab and on my own device. Because the issue is still unresolved, it is now affecting my normal university work. Please investigate the error and update the service.",IT Services
I want to bring this issue to your attention: the toilet flush is producing a strong smell and needs maintenance. I have already checked this more than once. I request urgent maintenance of this issue.,Maintenance & Facilities
"I have a problem, the quiz score does not include marks for work that I submitted. Please recheck the entry and let me know once it is fixed.",Academic
my thesis supervision does not reflect the form I submitted on time. The supporting document was submitted at the department office. I request the department to resolve this as soon as possible.,Academic
Can someone check why my GPA calculation is creating a clash with another registered course. I have already checked this more than once. plz check the matter before it affects my semester further.,Academic
"I am writing regarding the thesis progress review has been pending for several days. Because of this error, I am unable to proceed with the next academic step. I have been trying to get this sorted out, but there has not been a clear resolution yet. Please recheck the entry and let me know once it is fixed.",Academic
"I would like to complain that the LMS account shows a server error repeatedly. The problem started recently and has continued since then. I have been trying to get this sorted out, but there has not been a clear resolution yet. Please investigate the error and update the service.",IT Services
my midterm marks has not been shared with students.,Academic
"I am having trouble because the assignment grade contains an error that is affecting my semester record. Other students in the same class can see the correct information. I have been trying to get this sorted out, but there hasnt been a clear resolution yet. Please recheck the entry and let me know once it is fixed.",Academic
the final exam result was changed without any explanation. Other students in the same class can see the correct information. Kindly investigate the discrepancy and make the required correction.,Academic
I want to report that the classroom chairs has broken fittings. This is especially difficult when the room is full. I would be grateful if the responsible office could review the details instead of asking me to repeat the same process. The concerned staff are requested to repair this promptly.,Maintenance & Facilities
"I need help because the water cooler has been out of order for several days. The issue becomes worse during afternoon classes. I have been trying to get this sorted out, but there has not been a clear resolution yet. Please have this facility repaired or replaced.",Maintenance & Facilities
"I have a problem, i want to report that the room cleanliness is creating repeated arguments among residents. Please ask the hostel administration to resolve it.",Hostel/Provost Office
I am writing regarding course registration has not been approved despite repeated follow-up. I have already checked this more than once. Please check the matter before it affects my semester further.,Academic
the hostel WiFi complaint record is creating hygiene concerns for residents.,Hostel/Provost Office
the air conditioner has loose parts that may cause an accident. Students are facing this problm every day. Kindly resolve the maintenance problem at the earliest.,Maintenance & Facilities
I want to bring this issue to your attention: the exam date sheet shows a value that does not match the marks announced in class. I need the corrected record for an upcoming academic requirement. Kindly review this issue and update the academic record.,Academic
"the assignment grade is showing the wrong course information. I need the corrected record for an upcoming academic requirement. Because the issue is still unresolved, it is now affecting my normal university work. Please recheck the entry and let me know once it is fixed.",Academic
the parking area is damaged and unsafe to use. Please have this facility repaired or replaced.,Maintenance & Facilities
the washroom taps is making a loud noise throughout lectures. The facility is currently difficult to use safely. The concerned staff are requested to repair this promptly.,Maintenance & Facilities
I want to report that the washroom plumbing is blocked and water is collecting around it. I have already checked this more than once. The concerned staff are requested to repair this promptly.,Maintenance & Facilities
"Please help, there seems to be an issue with the admission fee record was submitted before the deadline but still shows pending. I have already checked this more than once. Please ask the concerned administrative office to resolve this.",Administrative Offices
There is a problem with the lecture room lights has been left unrepaired since last week. I request urgent maintenance of this issue.,Maintenance & Facilities
"I want to bring this issue to your attention: the hostel cleaning schedule has become worse this week. Several residents on the floor are facing the same problem. I have been trying to get this sorted out, but there has not been a clear resolution yet. Kindly inspect the issue and arrange the required solution.",Hostel/Provost Office
I would like to complain that my attendance record is different from what appears on the departmental notice. Other students in the same class can see the correct information. Please update the record according to the submtted documents.,Academic
"I am facing an issue because the migration certificate does not match the payment receipt. The counter staff asked me to check again later, but there is still no progress. I request verification and completion of the pending process.",Administrative Offices
"the bonafide certificate is being delayed because the counter staff keep asking me to return later. I would appreciate a clear status instead of being sent between offices. Because the issue is still unresolved, it is now affecting my normal university work. Please resolve the issue without further unnecessary delay.",Administrative Offices
the air conditioner is leaking and making the floor wet.,Maintenance & Facilities
"This is getting difficult, the bonafide certificate hasnt been forwarded to the concerned office. The applicaton was submitted within the announced dates. Please resolve the issue without further unnecessary delay.",Administrative Offices
the classroom projector keeps disconnecting during use. I tried from more than one device and the problem is the same. Kindly check the network or account configuration.,IT Services
the hostle water supply requires inspection by hostel staff. The condition has been causing inconvenience for several days. Please handle the matter according to hostel policy.,Hostel/Provost Office
I am facing an issue because my midterm marks is showing the wrong course information. I would appreciate verification from the concerned academic office. Kindly investigate the discrepancy and make the required correction.,Academic
I am writing regarding the drainage line is in poor condition and needs replacement. The facility is currently difficult to use safely. pleas inspect the area and take the necessary action.,Maintenance & Facilities
There is a problem with my hostel room allocation has been pending with the hostel office. Please take action and update me about the complaint.,Hostel/Provost Office
the migration certificate was entered under the wrong category.,Administrative Offices
"Please help, can someone check why the hostel security refund hasnt been processed even though the documents were submitted. This matter has remained unresolved for several working days. I would be grateful if the responsible office could review the details instead of asking me to repeat the same process. Please process the request and correct the record.",Administrative Offices
I want to bring this issue to your attention: the quiz score is showing the wrong course information. Please check the matter before it affects my semester further.,Academic
"Can u check this, my GPA calculation has not been updated even though the instructor confirmed the correction. The supporting document was submitted at the department office. Because the issue is still unresolved, it is now affecting my normal university work. Please investigate the discrepancy and make the required correction.",Academic
"Can u check this, there is a problem with the room ceiling fan is still unresolved after several days. Please resolve this hostel-related problem soon.",Hostel/Provost Office
"the admission document was entered under the wrong category. The counter staff asked me to check again later, but there is still no progress. Because the issue is still unresolved, it is now affecting my normal university work. Please process the request and correct the record.",Administrative Offices
I am having trouble because the mess food was reported to the warden but no action has been taken. The concerned hostel staff are requested to take action.,Hostel/Provost Office
There is a problem with my CGPA has been pending for several days. I have already checked this more than once. Please recheck the entry and let me know once it is fixed.,Academic
"This is getting difficult, the hot water facility is not working properly.",Hostel/Provost Office
the building staircase is making a loud noise throughout lectures.,Maintenance & Facilities
"Can u check this, my thesis supervision has not been shared with students. The department office asked me to wait, but there has been no update. Because the issue is still unresolved, it is now affecting my normal university work. Please verify the record and correct it.",Academic
"This is getting difficult, the admission fee record contains incorrect student information. Please correct the record and confirm the updated status.",Administrative Offices
"pleas help, could you please look into this: the LMS course page is not responding at all. I have already checked this more than once. The IT team is requested to inspect and correct this.",IT Services
"Sir please check, i would like to complain that the migration certificate is not appearing in the official record. Please correct the record and confirm the updated status.",Administrative Offices
"I have a problem, i want to bring this issue to your attention: the hot water facility was handled differently from the stated hostel rules. I informed the hostel staff earlier, but the issue continues. I have been trying to get this sorted out, but there has not been a clear resolution yet. Please have the warden or relevant staff check this issue.",Hostel/Provost Office
"Can u check this, the hostel WiFi complaint record is causing problems for residents every day. The condition has been causing inconvenience for several days. Please inspect the issue and arrange the required solution.",Hostel/Provost Office
the classroom windows has loose parts that may cause an accident. The facility is currently difficult to use safely. Please have this facility repaired or replaced.,Maintenance & Facilities
the printing system is not loading the required page.,IT Services
"I am having trouble becuase the university WiFi is rejecting files that meet the stated requirements. Restarting the device did not solve the issue. I have been trying to get this sorted out, but there has not been a clear resolution yet. I request technical support for this issue.",IT Services
I would like to complain that the hot water facility is creating an uncomfortable living situation. This is affecting normal hostel routine. I would be grateful if the responsible ofice could review the details instead of asking me to repeat the same process. Please resolve this hostel-related problem soon.,Hostel/Provost Office
"I would like to complain that the hosel cleaning schedule is not being handled according to the hostel procedure. The warden was informed, but I have not received any update. I have been trying to get this sorted out, but there has not been a clear resolution yet. Please take action and update me about the complaint.",Hostel/Provost Office
"the transcript is preventing me from completing registration. The supporting document was submitted at the department office. Because the issue is still unresolved, it is now affecting my normal university work. Kindly investigate the discrepancy and make the required correction.",Academic
"I need help because the hostel gate procedure has not been updated in the hostel record. Several residents on the floor are facing the same problem. I have been trying to get this sorted out, but there has not been a clear resolution yet. Please handle the matter according to hostel policy.",Hostel/Provost Office
I want to bring this issue to your attention: my student card has no status update despite repeated visits. The delay is creating difficulty with my semester matters. The concerned office is requested to check and complete this matter.,Administrative Offices
"the assignment grade is still missing from the student record. The department office asked me to wait, but there has been no update. Kindly review this issue and update the academic record.",Academic
"Can someone check why my clearance form has not been forwarded to the concerned office. Please verify the record with the accounts or registrar office. I have been trying to get this sorted out, but there has not been a clear resolution yet. The concerned office is requested to check and complete this matter.",Administrative Offices
the LMS course page is rejecting files that meet the stated requirements. Please check whether there is an account or server-side problem. I request technical support for this issue.,IT Services
I need help because the migration certificate is stuck between two administrative offices. Please process the request and correct the recrod.,Administrative Offices
Could you please look into this: the migration certificate is being delayed because the counter staff keep asking me to return later. The delay is creating difficulty with my semester matters. I would be grateful if the responsible office could review the details instead of asking me to repeat the same process. Kindly review the documents and process the request.,Administrative Offices
the course section was entered under the wrong course code. I already contacted the relevant teacher but the record is unchanged. Kindly investigate the discrepancy and make the required correction.,Academic
the result card has not been shared with students. This issue is causing difficulty with my current semester planning. I request the department to resolve this as soon as possible.,Academic
I want to report that the drainage line is not providing adequate service. Please inspect the area and take the necessary action.,Maintenance & Facilities
"Sir please check, i am writing regarding my GPA calculation contains an error that is affecting my semester record. I need the corrected record for an upcoming academic requirement. Please investigate the discrepancy and make the required correction.",Academic
Please check why the final exam result was changed without any explanation. I have already checked this more than once. Could the concerned office please confirm the correct status?,Academic
"the prerequisite approval was entered under the wrong course code. The supporting document was submitted at the department office. Because the issue is still unresolved, it is now affecting my normal university work. Could the concerned office please confirm the correct status?",Academic
the transcript was entered under the wrong course code. This issue is causing difficulty with my current semester planning. Please update the record according to the submitted documents.,Academic
I want to report that my attendance record has been pending for several days. I have already checked this more than once. Could the concerned office please confirm the correct status?,Academic
I am having trouble because the classroom projector is not detecting the connected device. I have already checked this more than once. I request technical support for this issue.,IT Services
"my roommate issue is creating repeated arguments among residents. I informed the hostel staff earlier, but the issue continues. Please ask the hostel administration to resolve it.",Hostel/Provost Office
I am writing regarding the hostel security desk has not been resolved after repeated reporting. Please handle the matter according to hostel policy.,Hostel/Provost Office
my thesis supervision has not been shared with students. pls check the matter before it affects my semester further.,Academic
Please check why course registration is still missing from the student recoard. Please verify the record and correct it.,Academic
"Please help, the classroom projector shows a server error repeatedly.",IT Services
I want to report that the washroom plumbing has been left unrepaired since last week. Please inspect the area and take the necessary action.,Maintenance & Facilities
the projector connection is showing outdated information. I reported this earlier to the IT desk but it is still unresolved. The IT team is requested to inspect and correct this.,IT Services
Can someone check why the registrar application hasnt been processed even though the documents were submitted. Kindly check the application and provide an update.,Administrative Offices
There seems to be an issue with course registration is showing the wrong course information. I would appreciate verification from the concerned academic office. Please recheck the entry and let me know once it is fixed.,Academic
the common room needs attention from the provost office. Kindly inspect the issue and arrange the required solution.,Hostel/Provost Office
There is a problem with the hostle WiFi complaint record requires inspection by hostel staff. I have already checked this more than once. Kindly have the warden or relevant staff check this issue.,Hostel/Provost Office
Im facing an issue becase the email verification link is preventing me from accessing course material. Please resolve the technical problem before the deadline.,IT Services
"I want to report that the air conditioner needs urgent cleaning and maintenance. The area is frequently used by students and staff. I have been trying to get this sorted out, but there has not been a clear resolution yet. The concerned staff are requested to repair this promptly.",Maintenance & Facilities
I am facing an issue because the room furniture is causing problems for residents every day. Please take action and update me about the complaint.,Hostel/Provost Office
Can someone check why my portal login is extremely slow during class hours. Restarting the device did not solve the issue. Please resolve the technical problem before the deadline.,IT Services
"There is a problemm with the electrical sockets is causing difficulty for students during lectures. The problem is now affecting more than one class. I have been trying to get this sorted out, but there has not been a clear resolution yet. Please have this facility repaired or replaced.",Maintenance & Facilities
I want to report that the drinking water supply has not been repaired after an earlier complaint. Kindly resolve the maintenance problem at the earliest.,Maintenance & Facilities
the registered credit hours shows a value that does not match the markss announced in class.,Academic
There seems to be an issue with my roommate issue has not been repaired despite an earlier request. Kindly inspect the issue and arrange the required solution.,Hostel/Provost Office
I want to bring this issue to your attention: the online registration portal fails before the process is completed. The problem started recently and has continued since then. pleas resolve the technical problem before the deadline.,IT Services
There is a problem with the student portal is showing outdated information. The issue occurs both in the lab and on my own device. I would be grateful if the responsible office could review the details instead of asking me to repeat the same process. Kindly ask IT support to resolve this problem.,IT Services
Can someone check why the computer lab software does not recognize my account. Kindly check the network or account configuration.,IT Services
"the air conditioner is blocked and water is collecting around it. The condition is affecting normal use of the area. Because the issue is still unresolved, it is now affecting my normal university work. Please check the problem and restore the facility.",Maintenance & Facilities
I want to report that the toilet flush is leaking and making the floor wet. Kindly resolve the maintenance problem at the earliest.,Maintenance & Facilities
I am facing an issue because the toilet flush is not working properly during class hours. I have already checked this more than once. Please check the problem and restore the facility.,Maintenance & Facilities
plz check why my GPA calculation has not been shared with students. I have already checked this more than once. I request the department to resolve this as soon as possible.,Academic
I need help because the LMS account works for a few minutes and then goes offline. I have already checked this more than once. Kindly check the network or account configuration.,IT Services
There is a problem with the hostel gate procedure has not been resolved after repeated reporting. I have already checked this more than once. Kindly inspect the issue and arrange the required solution.,Hostel/Provost Office
I would like to complain that the building staircase needs urgent cleaning and maintenance. Students are facing this problem every day. The concerned staff are requested to repair this promptly.,Maintenance & Facilities
Please check why the final exam result was marked absent although I attended the class. I have already checked this more than once. Please verify the record and correct it.,Academic
"Could you please look into this: the hostel washroom is still unresolved after several days. I informed the hostel staff earlier, but the issue continues. Please take action and update me about the complaintt.",Hostel/Provost Office
Please check why the prerequisite approval is preventing me from completing registration. I have already checked this more than once. Please verify the record and correct it.,Academic
the room ceiling fan needs attention from the provost office. Please check the hostel record for my earlier complaint. Please handle the matter according to hostel policy.,Hostel/Provost Office
Please check why my financial aid application has no status update despite repeated visits. The delay is creating difficulty with my semester matters. Please process the request and correct the recrod.,Administrative Offices
the scholarship payment shows an incorrect amount.,Administrative Offices
I need help because the hostel cleaning schedule has become worse this week. I have already checked this more than once. Kindly have the warden or relevant staff check this issue.,Hostel/Provost Office
I am facing an issue because the hostel security refund is not appearing in the official record. I have already visited the concerned office more than once. I would be grateful if the responsible office could review the details instead of asking me to repeat the same process. I request verification and completion of the pending process.,Administrative Offices
the makeup exam request does not reflect the form I submitted on time. Other students in the same class can see the correct information. Please check the matter before it affects my semester further.,Academic
I am facing an issue because the makeup exam request was uploaded late and now I cannot complete the next process. I have already checked this more than once. Please update the recrod according to the submitted documents.,Academic
There seems to be an issue with the room ceiling fan is creating hygiene concerns for residents. Please handle the matter according to hostel policy.,Hostel/Provost Office
"There is a problem with the student portal is not loading the required page. Other university websites are opening normally. I have been trying to get this sorted out, but there has not been a clear resolution yet. I request technical support for this issue.",IT Services
the hostel WiFi complaint record requires inspection by hostel staff. Please resolve this hostel-related problem soon.,Hostel/Provost Office
"my attendance recrod is showing the wrong course information. I already contacted the relevant teacher but the record is unchanged. Because the issue is still unresolved, it is now affecting my normal university work. Please update the record according to the submitted documents.",Academic
"I have a problem, the hostel washroom was reported to the warden but no action has been taken. I have already submitted a request at the hostel office. Please handle the matter according to hostel policy.",Hostel/Provost Office
I need help because my GPA calculation is still missing from the student record. The supporting document was submitted at the department office. I would be grateful if the responsible office could review the details instead of asking me to repeat the same process. Please update the record according to the submitted documents.,Academic
I am having trouble because the fee refund request is being delayed because the counter staff keep asking me to return later. Please ask the concerned administrative office to resolve this.,Administrative Offices
Could you please look into this: the result card has been pending for several days. I have already checked this more than once. I request the department to resolve this as soon as possible.,Academic
I would like to complain that the hostel room lock is not working properly. Please check the hostel record for my earlier complaint. I would be grateful if the responsible office could review the details instead of asking me to repeat the same process. Please resolve this hostel-related problem soon.,Hostel/Provost Office
"This is getting difficult, the duplicate student card request was supposed to be completed earlier but remains unresolved. The required documents and receipt were submitted. I request verification and completion of the pending process.",Administrative Offices
"Sir please check, there is a problem with the final exam reslt was uploaded late and now I cannot complete the next process. I need the corrected record for an upcoming academic requirement. I would be grateful if the responsible office could review the details instead of asking me to repeat the same process. Please check the matter before it affects my semester further.",Academic
"Sir please check, my degree verification request contains incorrect student information. I have kept a copy of the submitted form and payment receipt. I request verification and completion of the pending process.",Administrative Offices
I am having trouble because my GPA calculation is still missing from the student record. Other students in the same class can see the correct information. I have been trying to get this sorted out but there has not been a clear resolution yet. I request the department to resolve this as soon as possible.,Academic
Could you please look into this: the corridor lights is blocked and water is collecting around it. Please have this facility repaired or replaced.,Maintenance & Facilities
I need help because the assignment grade has an incorrect total after the latest update. Other students in the same class can see the correct information. Kindly review this issue and update the academic record.,Academic
"I am writing regarding the password reset service is not connected to the campus network. I already changed the password, but the error remains. Please resolve the technical problem before the deadline.",IT Services
Could you please look into this: course registration shows a value that does not match the marks announced in class. I have already checked this more than once. Please update the record according to the submitted documents.,Academic
There seems to be an issue with my roommate issue has become worse this week. I have already checked this more than once. Kindly have the warden or relevant staff check this issue.,Hostel/Provost Office
the hot watre facility is creating an uncomfortable living situation. Kindly have the warden or relevant staff check this issue.,Hostel/Provost Office
I would like to complain that the course section was not accepted even though I met the deadline. Please recheck the entry and let me know once it is fixed.,Academic
I am having trouble because the prerequisite approval was marked absent although I attended the class. Please verify the record and correct it.,Academic
"Please help, the projector connection fails before the process is completed. Please resolve the technical problem before the deadline.",IT Services
"Can u check this, the admission status contains incorrect student information. I have kept a copy of the submitted form and payment receipt. Because the issue is still unresolved, it is now affecting my normal university work. Please resolve the issue without further unnecessary delay.",Administrative Offices
"I have a problm, the laboratory ventilation has been left unrepaired since last week. Students are facing this problem every day. Because the issue is still unresolved, it is now affecting my normal university work. Please send the maintenance team to inspect and fix it.",Maintenance & Facilities
"Sir please check, the department elevator is not available when it is needed. A maintenance complaint was already reported, but the problem remains. Because the issue is still unresolved, it is now affecting my normal university work. Please have this facility repaired or replaced.",Maintenance & Facilities
I want to report that my clearance form is causing difficulty with another university process. I have kept a copy of the submitted form and payment receipt. I request verification and completion of the pending process.,Administrative Offices
the exam date sheet has been pending for several days. I have checked the portal more than once and the same problem remains. Please recheck the entry and let me know once it is fixed.,Academic
the document attestation request was supposed to be completed earlier but remains unresolved. The application was submitted within the announced dates. Please process the request and correct the record.,Administrative Offices
"the laboratory ventilation is making a loud noise throughout lectures. The problem is now affecting more than one class. Because the issue is still unresolved, it is now affecting my normal universty work. Please have this facility repaired or replaced.",Maintenance & Facilities
the semester timetable is preventing me from completing registration. This issue is causing difficulty with my current semester planning. Kindly investigate the discrepancy and make the required correction.,Academic
"Hi, i want to bring this issue to your attention: my thesis supervision is showing the wrong course information. Other students in the same class can see the correct information. can the office confirm the correct status?",Academic
"Please check why my financial aid application contains incorrect student information. The application was submitted within the announced dates. I have been trying to get this sorted out, but there has not been a clear resolution yet. Please process the request and correct the record.",Administrative Offices
"This is getting difficult, i am facing an issue because the email verification link keeps disconnecting during use. I have already checked this more than once. I request technical support for this issue.",IT Services
the corridor lights has broken fittings. It would be better to repair it before the damage increases. Please check the problem and restore the facility.,Maintenance & Facilities
"the hostel cleaning schedule is not working properly. The condition has been causing inconvenience for several days. Because the issue is still unresolved, it is now affecting my normal university work. Kindly inspect the issue and arrange the required solution.",Hostel/Provost Office
"I would like to complain that the hostel curfew entry is still unresolved after several days. I have already submitted a request at the hostel office. I have been trying to get this sorted out, but there has not been a clear resolution yet. Kindly inspect the issue and arrange the required solution.",Hostel/Provost Office
the mess timing is creating repeated arguments among residents. I have already submitted a request at the hostel office. Please handle the matter according to hostel policy.,Hostel/Provost Office
There seems to be an issue with the admission document has been pending without any clear update. I have already checked this more than once. Kindly review the documents and process the request.,Administrative Offices
I am writing regarding the admission status needs correction in the administrative record. Please verify the record with the accounts or registrar office. Please process the request and correct the record.,Administrative Offices
I am writing regarding the department printer is not syncing with my student account. I have already checked this more than once. pleas investigate the error and update the service.,IT Services
the viva schedule contains an error that is affecting my semester record.,Academic
"the assignment grade has not been updated even though the instructor confirmed the correction. I already contacted the relevant teacher but the record is unchanged. Because the issue is still unresolved, it is now affecting my normal university work. Please recheck the entry and let me know once it is fixed.",Academic
my student card has not been processed even though the documents were submitted. This matter has remained unresolved for several working days. The concerned office is requested to check and complete this matter.,Administrative Offices
I would like to complain that the printing system shows an error whenever I try to submit work. I have already checked this more than once. Kindly check the network or account configuration.,IT Services
I would like to complain that the migration certificate is causing difficulty with another university process. This matter has remained unresolved for several working days. Kindly check the application and provide an update.,Administrative Offices
I want to report that the fee refund request has not been forwarded to the concerned office. I would appreciate a clear status instead of being sent between offices. Please ask the concerned administrative office to resolve this.,Administrative Offices
my financial aid application has not been processed even though the documents were submitted. I have already visited the concerned office more than once. Kindly check the application and provide an update.,Administrative Offices
"Hi, i am writing regarding the accounts office receipt has been pending without any clear update. I have already checked this more than once. Please ask the concerned administrative office to resolve this.",Administrative Offices
I would like to complain that the accounts office receipt has not been approved even after verification. I have kept a copy of the submitted form and payment receipt. I would be grateful if the responsible office could review the details instead of asking me to repeat the same process. Kindly review the documents and process the request.,Administrative Offices
the online registration portal is not connected to the campus network. Kindly ask IT support to resolve this problem.,IT Services
the transcript is preventing me from completing registration.,Academic
"Sir please check, i want to report that the assignment grade has been pending for several days. I need the corrected record for an upcoming academic requirement. can the office confirm the correct status?",Academic
"the hostel room lock requires inspection by hostel staff. The problem is especially difficult during evening hours. Because the issue is still unresolved, it is now affecting my normal university work. Please take action and update me about the complaint.",Hostel/Provost Office
Can someone check why the drainage line is producing a strong smell and needs maintenance. I request urgent maintenance of this issue.,Maintenance & Facilities
my portal login does not recognize my account. The problem started recently and has continued since then. Kindly ask IT support to resolve this problem.,IT Services
"I have a problemm, the network connection is not responding at all. I need access before the current submission deadline. Please check the network or account configuration.",IT Services
the result card is different from what appears on the departmental notice. The supporting document was submitted at the department office. Please check the matter before it affects my semester further.,Academic
"Can u check this, i am facing an issue because the thesis progress review has an incorrect total after the latest update. I have already checked this more than once. Please check the matter before it affects my semester further.",Academic
"Can someone check why the transcript has been pending for several days. Other students in the same class can see the correct information. I have been trying to get this sorted out, but there has not been a clear resolution yet. Please check the matter before it affects my semester further.",Academic
Please check why the admission fee record has been pending without any clear update. This matter has remained unresolved for several working days. Please correct the record and confirm the updated status.,Administrative Offices
"Please help, there seems to be an issue with the makeup exam request is preventing me from completing registration. The supporting document was submitted at the department office. Please check the matter before it affects my semester further.",Academic
"I want to report that the electrical sockets is damaged and unsafe to use. It would be better to repair it before the damage increases. I have been trying to get this sorted out, but there has not been a clear resolution yet. Please have this facility repaired or replaced.",Maintenance & Facilities
"Please help, can someone check why my university email does not send the verification message. I have already checked this more than once. Please ask IT support to resolve this problem.",IT Services
"the backup generator has broken fittings. A maintenance complaint was already reported, but the problem remains. Because the issue is still unresolved, it is now affecting my normal university work. Please have this facility repaired or replaced.",Maintenance & Facilities
I want to bring this issue to your attention: the admission document was returned without explaining what is missing. I need the document for another university process. Kindly review the documents and process the request.,Administrative Offices
Can someone check why the drinking water supply is making a loud noise throughout lectures. Kindly send the maintenance team to inspect and fix it.,Maintenance & Facilities
"I would like to complain that the migration certificate is causing difficulty with another university process. The counter staff asked me to check again later, but there is still no progress. I would be grateful if the responsible office could review the details instead of asking me to repeat the same process. Please correct the recrod and confirm the updated status.",Administrative Offices
the student portal does not recognize my account. Other university websites are opening normally. Kindly ask IT support to resolve this problem.,IT Services
"I need help because the hostel curfew entry is creating an uncomfortable living situation. The warden was informed, but I have not received any update. Please take action and update me about the complaint.",Hostel/Provost Office
"Sir pls check, the network connection is rejecting files that meet the stated requirements. Please ask IT support to resolve this problem.",IT Services
I am having trouble because my midterm marks is different from what appears on the departmental notice. I have already checked this more than once. Kindly investigate the discrepancy and make the required correction.,Academic
the drinking water supply is blocked and water is collecting around it.,Maintenance & Facilities
"I have a problem, the hostel washroom is not working properly. The issue needs attention before it becomes more serious. Because the issue is still unresolved, it is now affecting my normal university work. Please have the warden or relevant staff check this issue.",Hostel/Provost Office
"Please help, i would like to complain that the official certificate request shows an incorrect amount. The counter staff asked me to check again later, but there is still no progress. I would be grateful if the responsible office could review the details instead of asking me to repeat the same process. Please resolve the issue without further unnecessary delay.",Administrative Offices
There is a problem with the campus network fails before the process is completed. I have already checked this more than once. Please check the account or system and fix the issue.,IT Services
I want to bring this issue to your attention: the hostel room lock is creating hygiene concerns for residents. Several residents on the floor are facing the same problem. Kindly have the warden or relevant staff check this issue.,Hostel/Provost Office
I am writing regarding the registered credit hours was not accepted even though I met the deadline. I have already checked this more than once. I request the department to resolve this as soon as possible.,Academic
the password reset service has not been restored after an earlier complaint.,IT Services
the duplicate student card request is stuck between two administrative offices. The required documents and receipt were submitted. Please correct the record and confirm the updated status.,Administrative Offices
my financial aid application was supposed to be completed earlier but remains unresolved. The required documents and receipt were submtted. Please resolve the issue without further unnecessary delay.,Administrative Offices
the projector connection is showing outdated information.,IT Services
"Can u check this, my hostel room allocation is creating an uncomfortable living situation. The problem is especially difficult during evening hours. Because the issue is still unresolved, it is now affecting my normal universty work. Please ask the hostel administration to resolve it.",Hostel/Provost Office
"I have a problemm, i would like to complain that the room cleanliness has not been repaired despite an earlier request. Several residents on the floor are facing the same problem. Please have the warden or relevant staff check this issue.",Hostel/Provost Office
my CGPA was changed without any explanation. This issue is causing difficulty with my current semester planning. Kindly investigate the discrepancy and make the required correction.,Academic
"Please help, can someone check why the water cooler is not available when it is needed. The area is frequently used by students and staff. I have been trying to get this sorted out, but there has not been a clear resolution yet. I request urgent maintenance of this issue.",Maintenance & Facilities
There seems to be an issue with my university email is not responding at all. Please check the account or system and fix the issue.,IT Services
the assignment grade does not reflect the form I submtted on time. I already contacted the relevant teacher but the record is unchanged. Please recheck the entry and let me know once it is fixed.,Academic
"Please help, i am writing regarding the hostel cleaning schedule is causing unnecessary difficulty at night. The warden was informed, but I have not received any update. Please take action and update me about the complaint.",Hostel/Provost Office
the accounts office receipt has not been issued yet. I have already visited the concerned office more than once. The concerned office is requested to check and complete this matter.,Administrative Offices
I am facing an issue because the document attestation request does not match the payment receipt. The application was submitted within the announced dates. I request verification and completion of the pending process.,Administrative Offices
"the drainage line is overflowing during busy hours. A maintenance complaint was already reported, but the problem remains. Because the issue is still unresolved, it is now affecting my normal university work. I request urgent maintenance of this issue.",Maintenance & Facilities
the electrical sockets is leaking and making the floor wet. Please send someone to inspect the location. The concerned staff are requested to repair this promptly.,Maintenance & Facilities
There seems to be an issue with the mess food is affecting basic hostel facilities. I have already checked this more than once. The concerned hostel staff are requested to take action.,Hostel/Provost Office
the building staircase is in poor condition and needs replacement. The condition is affecting normal use of the area. Please arrange repair as soon as possible.,Maintenance & Facilities
There seems to be an issue with the document attestation request is not appearing in the official record. I have already checked this more than once. The concerned offce is requested to check and complete this matter.,Administrative Offices
"I have a problem, the fee refund request was entered under the wrong category. I have already visited the concerned office more than once. Because the issue is still unresolved, it is now affecting my normal university work. Please review the documents and process the request.",Administrative Offices
"Please help, there seems to be an issue with my degree verification request does not match the payment receipt. I would appreciate a clear status instead of being sent between offices. I would be grateful if the responsible office could review the details instead of asking me to repeat the same process. Please correct the record and confirm the updated status.",Administrative Offices
the result card is preventing me from completing registration. I need the corrected record for an upcoming academic requirement. Could the concerned office please confirm the correct status?,Academic
"Sir please check, i would like to complain that the assignment grade has not been updated even though the instructor confirmed the correction. I already contacted the relevant teacher but the record is unchanged. I request the department to resolve this as soon as possible.",Academic
the hostel security desk is creating an uncomfortable living situation. Please handle the matter according to hostel policy.,Hostel/Provost Office
Please check why the mess timing needs attention from the provost office. I have already checked this more than once. I request the Provost Office to look into this matter.,Hostel/Provost Office
I would like to complain that the hostel corridor lights is still unresolved after several days. The condition has been causing inconvenience for several days. I would be grateful if the responsible office could review the details instead of asking me to repeat the same process. Please resolve this hostel-related problem soon.,Hostel/Provost Office
the makeup exam request was changed without any explanation.,Academic
I am facing an issue because the washroom plumbing is in poor condition and needs replacement. The facility is currently difficult to use safely. I would be grateful if the responsible office could review the details instead of asking me to repeat the same process. Kindly send the maintenance team to inspect and fix it.,Maintenance & Facilities
"the classroom ceiling has been out of order for several days. The issue becomes worse during afternoon classes. becuase the issue is still unresolved, it is now affecting my normal university work. Kindly resolve the maintenance problem at the earliest.",Maintenance & Facilities
"Please check why my hostel room allocation has not been repaired despite an earlier request. The issue needs attention before it becomes more serious. I have been trying to get this sorted out, but there has not been a clear resolution yet. Kindly have the warden or relevant staff check this issue.",Hostel/Provost Office
"There seems to be an issue with the hostel water supply has not been repaired despite an earlier request. The issue needs attention before it becomes more serious. I have been trying to get this sorted out, but there has not been a clear resolution yet. I request the Provost Office to look into this matter.",Hostel/Provost Office
"There seems to be an issue with the hostel washroom was handled differently from the stated hostel rules. I informed the hostel staff earlier, but the issue continues. Please resolve this hostel-related problem soon.",Hostel/Provost Office
Please check why my roommate issue is creating an uncomfortable living situation. The issue needs attention before it becomes more serious. I have been trying to get this sorted out but there has not been a clear resolution yet. Please handle the matter according to hostel policy.,Hostel/Provost Office
"Can u check this, could you please look into this: my university email does not accept my correct login details. I need access before the current submission deadline. Please check the account or system and fix the issue.",IT Services
I want to bring this issue to your attention: the prerequisite approval does not include marks for work that I submitted. Please verify the record and correct it.,Academic
"my fee challan has not been processed even though the documents were submitted. Please verify the record with the accounts or registrar office. Because the issue is still unresolved, it is now affecting my normal university work. I request verification and completion of the pending process.",Administrative Offices
"Can someone check why the lecture room lights keeps stopping and starting. A maintenance complaint was already reported, but the problem remains. Please inspect the area and take the necessary action.",Maintenance & Facilities
the common room has not been resolved after repeated reporting. The issue needs attention before it becomes more serious. I request the Provost Office to look into this matter.,Hostel/Provost Office
I am facing an issue because my university email is not responding at all. The IT team is requested to inspect and correct this.,IT Services
"Sir please check, i want to bring this issue to your attention: my attendance record has been pending for several days. can the office confirm the correct status?",Academic
There is a problem with the university WiFi works for a few minutes and then goes offline. I have already checked this more than once. Kindly ask IT support to resolve this problem.,IT Services
"This is getting difficult, there is a problem with the classroom windows is in poor condition and needs replacement. I have already checked this more than once. pls inspect the area and take the necessary action.",Maintenance & Facilities
"the assignment grade hasnt been approved despite repeated follow-up. I would appreciate verification from the concerned academic office. Because the issue is still unresolved, it is now affecting my normal university work. I request the departmnt to resolve this as soon as possible.",Academic
I want to report that the laboratory ventilation has been left unrepaired since last week. I have already checked this more than once. Please inspect the area and take the necessary action.,Maintenance & Facilities
"Can u check this, i am having trouble because the hostel security desk is making it difficult to stay in the room. I informed the hostel staff earlier, but the issue continues. Please resolve this hostel-related problem soon.",Hostel/Provost Office
I am having trouble becase the classroom ceiling needs urgent cleaning and maintenance. Please have this facility repaired or replaced.,Maintenance & Facilities
the admission fee record was entered under the wrong category. I would appreciate a clear status instead of being sent between offices. Please correct the record and confirm the updated status.,Administrative Offices
"Hi, can someone check why the printing system is not loading the required page. The issue occurs both in the lab and on my own device. I would be grateful if the responsible office could review the details instead of asking me to repeat the same process. The IT team is requested to inspect and correct this.",IT Services
Please check why the water cooler is blocked and water is collecting around it. Please send someone to inspect the location. I have been trying to get this sorted out but there has not been a clear resolution yet. The concerned staff are requested to repair this promptly.,Maintenance & Facilities
the laundry area hasnt been resolved after repeated reporting. The concerned hostel staff are requested to take action.,Hostel/Provost Office
"There is a problem with the room change request needs attention from the provost office. The condition has been causing inconvenience for several days. I have been trying to get this sorted out, but there has not been a clear resolution yet. The concerned hostel staff are requested to take action.",Hostel/Provost Office
Im facing an issue because the washroom plumbing has not been repaired after an earlier complaint. I have already checked this more than once. Kindly send the maintenance team to inspect and fix it.,Maintenance & Facilities
the fee refund request needs correction in the administrative record. I have kept a copy of the submitted form and payment receipt. Please correct the record and confirm the updatd status.,Administrative Offices
There seems to be an issue with the network connection does not accept my correct login details. This is affecting my ability to complete universty work. The IT team is requested to inspect and correct this.,IT Services
"Can u check this, the computer lab software is extremely slow during class hours. This is affecting my ability to complete university work. becase the issue is still unresolved, it is now affecting my normal university work. The IT team is requested to inspect and correct this.",IT Services
"Can someone check why the classroom fan has broken fittings. Students are facing this problem every day. I have been trying to get this sorted out, but there has not been a clear resolution yet. Kindly send the maintenance team to inspect and fix it.",Maintenance & Facilities
Can someone check why the lab computer does not recognize my account. This is affecting my ability to complete university work. I request technical support for this issue.,IT Services
Please check why the projector connection is rejecting files that meet the stated requirements. Kindly ask IT support to resolve this problem.,IT Services
Please check why the bonafide certificate contains incorrect student information. Please process the request and correct the record.,Administrative Offices
Could you please look into this: the university server is not loading the required page. Restarting the device did not solve the issue. Please investigate the error and update the service.,IT Services
the drinking water supply is not providing adequate service.,Maintenance & Facilities
Can someone check why my clearance form is stuck between two administrative offices. I would appreciate a clear status instead of being sent between offices. Please resolve the issue without further unnecessary delay.,Administrative Offices
There seems to be an issue with the hostel security desk is creating an uncomfortable living situation. The issue needs attention before it becomes more serious. I would be grateful if the responsible office could review the details instead of asking me to repeat the same process. Kindly have the warden or relevant staff check this issue.,Hostel/Provost Office
There is a problm with the projector connection works for a few minutes and then goes offline. Restarting the device did not solve the issue. I would be grateful if the responsible office could review the details instead of asking me to repeat the same process. Please restore access as soon as possible.,IT Services
"Sir please check, there seems to be an issue with the classroom chairs keeps stopping and starting. It would be better to repair it before the damage increases. I have been trying to get this sorted out, but there has not been a clear resolution yet. The concerned staff are requested to repair this promptly.",Maintenance & Facilities
"Sir please check, can someone check why my financial aid aplication was entered under the wrong category. I have already checked this more than once. I request verification and completion of the pending process.",Administrative Offices
"Please help, the department elevator keeps stopping and starting. Please send someone to inspect the location. Please arrange repair as soon as possible.",Maintenance & Facilities
the room cleanliness is causing problems for residents every day. The problem is especially difficult during evening hours. I request the Provost Office to look into this matter.,Hostel/Provost Office
the classroom projector has been unavailable since this morning. I reported this earlier to the IT desk but it is still unresolved. plz check the account or system and fix the issue.,IT Services
"I have a problem, can someone check why my midterm marks was not accepted even though I met the deadline. The supporting document was submitted at the department office. Please check the matter before it affects my semester further.",Academic
the registrar application was supposed to be completed earlier but remains unresolved. I have already visited the concerned office more than once. Please process the request and correct the record.,Administrative Offices
"Sir please check, could you please look into this: the assignment grade has not been shared with students. Other students in the same class can see the correct information. Please review this issue and update the academic record.",Academic
the semester timetable is different from what appears on the departmental notice. I need the corrected record for an upcoming academic requirement. I request the department to resolve this as soon as possible.,Academic
the thesis progress review was not accepted even though I met the deadline. Please check the matter before it affects my semester further.,Academic
I am having trouble because the student portal fails before the process is completed. Restarting the device did not solve the issue. I would be grateful if the responsible office could review the details instead of asking me to repeat the same process. Please restore access as soon as possible.,IT Services
I want to bring this issue to your attention: the student portal keeps disconnecting during use. I have already checked this more than once. Please resolve the technical problem before the deadline.,IT Services
"Please help, i want to report that the drainage line is causing difficulty for students during lectures. Please send someone to inspect the location. I would be grateful if the responsible office could review the details instead of asking me to repeat the same process. Please resolve the maintenance problem at the earliest.",Maintenance & Facilities
"There seems to be an issue with the transcript has not been updated even though the instructor confirmed the correction. I already contacted the relevant teacher but the record is unchanged. I have been trying to get this sorted out, but there has not been a clear resolution yet. Kindly investigate the discrepancy and make the required correction.",Academic
I am writing regarding the department printer works for a few minutes and then goes offline. I have already checked this more than once. Please restore access as soon as possible.,IT Services
"the hostel water supply is making it difficult to stay in the room. Several residents on the floor are facing the same problem. Because the issue is still unresolved, it is now affecting my normal university work. Please handle the matter according to hostel policy.",Hostel/Provost Office
the admission document has no status update despite repeated visits.,Administrative Offices
my CGPA has not been updated even though the instructor confirmed the correction.,Academic
the laundry area has not been repaired despite an earlier request. Please resolve this hostel-related problem soon.,Hostel/Provost Office
I need help because the hostel water supply is creating an uncomfortable living situation. I have already checked this more than once. plz take action and update me about the complaint.,Hostel/Provost Office
"This is getting difficult, the hostel water supply is creating hygiene concerns for residents. The problem is especially difficult during evening hours. Because the issue is still unresolved, it is now affecting my normal university work. Please handle the matter according to hostel policy.",Hostel/Provost Office
I would like to complain that the mess food is affecting basic hostel facilities. I have already checked this more than once. Please take action and update me about the complaint.,Hostel/Provost Office
the room furniture has not been resolved after repeated reporting. I have already submitted a request at the hostel office. I request the Provost Office to look into this matter.,Hostel/Provost Office
I want to bring this issue to your attention: the official certificate request hasnt been approved even after verification. The counter staff asked me to check again later but there is still no progress. Please ask the concerned administrative office to resolve this.,Administrative Offices
course registration was uploaded late and now I cannot complete the next process.,Academic
"Please help, the lecture desk is in poor condition and needs replacement. The issue becomes worse during afternoon classes. Because the issue is still unresolved, it is now affecting my normal university work. Please have this facility repaired or replaced.",Maintenance & Facilities
Can someone check why my GPA calculation is creating a clash with another registered course. I have already checked this more than once. Kindly review this issue and update the academic record.,Academic
I am having trouble because my hostel room allocation has been pending with the hostel office. Kindly inspect the issue and arrange the required solution.,Hostel/Provost Office
I am facing an issue because the online registration portal does not recognize my account. The issue occurs both in the lab and on my own device. pleas check the account or system and fix the issue.,IT Services
"I am writing regarding the registrar application is being delayed because the counter staff keep asking me to return later. I would appreciate a clear status instead of being sent between offices. I have been trying to get this sorted out, but there has not been a clear resolution yet. Please resolve the issue without further unnecessary delay.",Administrative Offices
Im facing an issue because the backup generator has not been repaired after an earlier complaint. Please have this facility repaired or replaced.,Maintenance & Facilities
"I am having trouble because the student portal has stopped working after the latest update. This is affecting my ability to complete university work. I have been trying to get this sorted out, but there has not been a clear resolution yet. The IT team is requested to inspect and correct this.",IT Services
"Sir please check, i am facing an issue becuase the classroom projector keeps disconnecting during use. Restarting the device did not solve the issue. The IT team is requested to inspect and correct this.",IT Services
"I need help because the hostle security desk requires inspection by hostel staff. I would like the matter to be handled according to hostel rules. I have been trying to get this sorted out, but there has not been a clear resolution yet. Kindly inspect the issue and arrange the required solution.",Hostel/Provost Office
I want to report that the backup generator is blocked and water is collecting around it. The area is frequently used by students and staff. Please have this facility repaired or replaced.,Maintenance & Facilities
I need help because the bonafide certificate was marked incomplete although all listed documents were attached. I have already checked this more than once. Please resolve the issue without further unnecessary delay.,Administrative Offices
the course section has an incorrect total after the latest update. I have checked the portal more than once and the same problem remains. Kindly investigate the discrepancy and make the required correction.,Academic
Can someone check why the washroom taps is blocked and water is collecting around it. The condition is affecting normal use of the area. Please inspect the area and take the necessary action.,Maintenance & Facilities
"my student card was submitted before the deadline but still shows pending. The application was submitted within the announced dates. Because the issue is still unresolved, it is now affecting my normal university work. Please process the request and correct the record.",Administrative Offices
I need help because the scholarship payment does not match the payment receipt. I have kept a copy of the submitted form and payment receipt. I would be grateful if the responsible office could review the details instead of asking me to repeat the same process. Please ask the concerned administrative office to resolve this.,Administrative Offices
"Sir please check, i am having trouble because the hostel WiFi complaint record is causing unnecessary difficulty at night. I have already submitted a request at the hostel office. Please inspect the issue and arrange the required solution.",Hostel/Provost Office
"Can someone check why the hot water facility is causing unnecessary difficulty at night. I informed the hostel staff earlier, but the issue continues. Please resolve this hostel-related problem soon.",Hostel/Provost Office
There is a problem with the registrar application is stuck between two administrative offices. I would appreciate a clear status instead of being sent between offices. I request verification and completion of the pending process.,Administrative Offices
There seems to be an issue with the lab internet connection is not responding at all. Please resolve the technical problem before the deadline.,IT Services
Im having trouble because the student portal is extremely slow during class hours. I have already checked this more than once. Please restore access as soon as possible.,IT Services
I would like to complain that my financial aid application is stuck between two administrative offices. I have already checked this more than once. The concerned office is requested to check and complete this matter.,Administrative Offices
the washroom taps has loose parts that may cause an accident.,Maintenance & Facilities
the semester timetable contains an error that is affecting my semester record. Kindly review this issue and update the academic record.,Academic
I would like to complain that my midterm marks has not been approved despite repeated follow-up. I need the corrected record for an upcoming academic requirement. Could the concerned office please confirm the correct status?,Academic
the student portal doesnt recognize my account. Please check whether there is an account or server-side problem. Kindly check the network or account configuration.,IT Services
I am writing regarding the makeup exam request is showing the wrong course information. I have already checked this more than once. Please recheck the entry and let me know once it is fixed.,Academic
I am facing an issue because the LMS account is extremely slow during class hours. I have already checked this more than once. Kindly ask IT support to resolve this problem.,IT Services
"I have a problem, i am having trouble because the room cleanliness has been pending with the hostel office. This is affecting normal hostel routine. Please handle the matter according to hostel policy.",Hostel/Provost Office
I would like to complain that the hostel cleaning schedule has been pending with the hostel office. Please ask the hostel administration to resolve it.,Hostel/Provost Office
"Can u check this, the lab computer shows a server error repeatedly. I need access before the current submission deadline. Because the issue is still unresolved, it is now affecting my normal university work. Please ask IT support to resolve this problem.",IT Services
the computer lab software has stopped working after the latest update.,IT Services
There is a problem with my student card has not been approved even after verification. Please correct the record and confirm the updated status.,Administrative Offices
"Sir please check, can someone check why the common room is still unresolved after several days. The problm is especially difficult during evening hours. Please have the warden or relevant staff check this issue.",Hostel/Provost Office
Please check why the washroom taps has been out of order for several days. The problem is now affecting more than one class. Kindly resolve the maintenance problem at the earliest.,Maintenance & Facilities
my clearance form was supposed to be completed earlier but remains unresolved.,Administrative Offices
the duplicate student card request has not been forwarded to the concerned office. Kindly check the application and provide an update.,Administrative Offices
I am writing regarding the building staircase is in poor condition and needs replacement. I have already checked this more than once. Kindly resolve the maintenance problm at the earliest.,Maintenance & Facilities
I need help because the prerequisite approval was marked absent although I attended the class. I submitted the required aplication before the deadline. Kindly investigate the discrepancy and make the required correction.,Academic
the universirty server has been unavailable since this morning. The IT team is requested to inspect and correct this.,IT Services
"Can someone check why the electrical sockets is in poor condition and needs replacement. A maintenance complaint was already reported, but the problem remains. Please inspect the area and take the necessary action.",Maintenance & Facilities
the air conditioner has not been repaired after an earlier complaint.,Maintenance & Facilities
"I would like to complain that my fee challan has not been forwarded to the concerned office. The counter staff asked me to check again later, but there is still no progress. Please ask the concerned administrative office to resolve this.",Administrative Offices
I want to report that the projector connection is showing outdated information. The problemm started recently and has continued since then. The IT team is requested to inspect and correct this.,IT Services
I am having trouble because the document attestation request needs correction in the administrative record. I have already checked this more than once. Please resolve the issue without further unnecessary delay.,Administrative Offices
Can someone check why the hostel room lock is not working properly. The problem is especially difficult during evening hours. Please take action and update me about the complaint.,Hostel/Provost Office
"I have a problem, there seems to be an issue with the fee refund request has not been processed even though the documents were submitted. Please verify the record with the accounts or registrar office. Please correct the record and confirm the updated status.",Administrative Offices
Please check why the laboratory ventilation has been out of order for several days. I request urgent maintenance of this issue.,Maintenance & Facilities
"Can someone check why the hostel washroom was handled differently from the stated hostel rules. This is affecting normal hostel routine. I have been trying to get this sorted out, but there has not been a clear resolution yet. Please take action and update me about the complaintt.",Hostel/Provost Office
Can someone check why the lecture room lights keeps stopping and starting. A maintenance complaint was already reported but the problemm remains. I would be grateful if the responsible office could review the details instead of asking me to repeat the same process. Kindly resolve the maintenance problem at the earliest.,Maintenance & Facilities
"Sir please check, i want to report that my scholarship application has not been processed even though the documents were submitted. The application was submitted within the announced dates. Please check the application and provide an update.",Administrative Offices
"Sir please check, there is a problem with the hostel water supply is making it difficult to stay in the room. The warden was informed, but I have not received any update. I would be grateful if the responsible office could review the details instead of asking me to repeat the same process. Please inspect the issue and arrange the required solution.",Hostel/Provost Office
I need help because the laboratory ventilation is in poor condition and needs replacement. I have already checked this more than once. Please arrange repair as soon as possible.,Maintenance & Facilities
the classroom ceiling is making a loud noise throughout lectures. Kindly send the maintenance team to inspect and fix it.,Maintenance & Facilities
the registered credit hours has not been shared with students. I have checked the portal more than once and the same problem remains. Please update the record according to the submtted documents.,Academic
Can someone check why the bonafide certificate contains incorrect student information. The application was submitted within the announced dates. I would be grateful if the responsible office could review the details instead of asking me to repeat the same process. Kindly check the application and provide an update.,Administrative Offices
"Sir please check, i want to bring this issue to your attention: the bonafide certificate was returned without explaining what is missing. I have already checked this more than once. The concerned office is requested to check and complete this matter.",Administrative Offices
I am writing regarding my portal login fails before the process is completed. Restarting the device did not solve the issue. I would be grateful if the responsible office could review the details instead of asking me to repeat the same process. I request technical support for this issue.,IT Services
"I need help because the corridor lights is not available when it is needed. A maintenance complaint was already reported, but the problem remains. I have been trying to get this sorted out, but there has not been a clear resolution yet. I request urgent maintenance of this issue.",Maintenance & Facilities
Can someone check why the registrar application was supposed to be completed earlier but remains unresolved. I have already checked this more than once. Please ask the concerned administrative office to resolve this.,Administrative Offices
There seems to be an issue with the migration certificate has not been approved even after verification. I have already checked this more than once. The concerned office is requested to check and complete this matter.,Administrative Offices
"I would like to complain that the printing system is extremely slow during class hours. This is affecting my ability to complete university work. I have been trying to get this sorted out, but there has not been a clear resolution yet. I request technical support for this issue.",IT Services
"I am facing an issue because my scholarship application has not been processed even though the documents were submitted. I have already visited the concerned office more than once. I have been trying to get this sorted out, but there has not been a clear resolution yet. I request verification and completion of the pending process.",Administrative Offices
"There is a problem with the hostel washroom is affecting basic hostel facilities. I informed the hostel staff earlier, but the issue continues. Kindly inspect the issue and arrange the required solution.",Hostel/Provost Office
I want to bring this issue to your attention: the classroom windows is not available when it is needed. Kindly send the maintenance team to inspect and fix it.,Maintenance & Facilities
There seems to be an issue with my GPA calculation has not been approved despite repeated follow-up. Kindly review this issue and update the academic record.,Academic
I need help because the room furniture has become worse this week. I have already checked this more than once. Please resolve this hostel-related problem soon.,Hostel/Provost Office
the hostel security desk was reported to the warden but no action has been taken. This is affecting normal hostel routine. Please take action and update me about the complaint.,Hostel/Provost Office
Im facing an issue because the university WiFi is preventing me from accessing course material. The problm started recently and has continued since then. Kindly ask IT support to resolve this problem.,IT Services
the mess food has been pending with the hostel office. The problem is especially difficult during evening hours. Please handle the matter according to hostel policy.,Hostel/Provost Office
the duplicate student card request was returned without explaining what is missing. Please process the request and correct the record.,Administrative Offices
I am facing an issue because the LMS course page is preventing me from accessing course material. This is affecting my ability to complete university work. The IT team is requested to inspect and correct this.,IT Services
"the hostel gate procedure is not being handled according to the hostel procedure. The warden was informed, but I have not received any update. Kindly have the warden or relevant staff check this issue.",Hostel/Provost Office
I am having trouble because the drainage line is blocked and water is collecting around it. A maintenance complaint was already reported but the problem remains. I request urgent maintenance of this issue.,Maintenance & Facilities
"I want to report that the university server has been unavailable since this morning. I already changed the password, but the error remains. Please investigate the error and update the service.",IT Services
the registered credit hours does not include marks for work that I submitted. This issue is causing difficulty with my current semester planning. Kindly investigate the discrepancy and make the required correction.,Academic
I am facing an issue because the hostel gate procedure was reported to the warden but no action has been taken. Please take action and update me about the complaint.,Hostel/Provost Office
I want to bring this issue to your attention: the student portal is not connected to the campus network. I have already checked this more than once. Please resolve the technical problem before the deadline.,IT Services
"I want to report that the transcript was uploaded late and now I cannot complete the next process. This issue is causing difficulty with my current semester planning. I have been trying to get this sorted out, but there has not been a clear resolution yet. Could the concerned office please confirm the correct status?",Academic
my portal login is not connected to the campus network. pls check whether there is an account or server-side problem. Please check the account or system and fix the issue.,IT Services
"Can someone check why my midterm marks is preventing me from completing registration. The department office asked me to wait, but there has been no update. Kindly investigate the discrepancy and make the required correction.",Academic
the final exam result was uploaded late and now I cannot complete the next process. Please update the record according to the submitted documents.,Academic
the registered credit hours is still missing from the student record. I need the corrected record for an upcoming academic requirement. I request the department to resolve this as soon as possible.,Academic
There is a problm with the printing system shows an error whenever I try to submit work. I request technical support for this issue.,IT Services
the fee refund request has not been forwarded to the concerned office. I have already visited the concerned office more than once. Kindly review the documents and process the request.,Administrative Offices
"Can someone check why the lab computer is not detecting the connected device. I already changed the password, but the error remains. I would be grateful if the responsible office could review the details instead of asking me to repeat the same process. Please resolve the technical problem before the deadline.",IT Services
I am having trouble because the fee correction application has not been forwarded to the concerned office. I have already checked this more than once. Please correct the record and confirm the updated status.,Administrative Offices
the lecture desk is creating an uncomfortable environment in the room. The issue becomes worse during afternoon classes. Please arrange repair as soon as possible.,Maintenance & Facilities
Please check why the semester timetable does not include marks for work that I submitted. Please check the matter before it affects my semester further.,Academic
"the online registration portal works for a few minutes and then goes offline. The issue occurs both in the lab and on my own device. Because the issue is still unresolved, it is now affecting my normal university work. Please restore access as soon as possible.",IT Services
Can someone check why my fee challan is causing difficulty with another university process. The required documents and receipt were submitted. The concerned office is requested to check and complete this matter.,Administrative Offices
There seems to be an issue with the drinking water supply is overflowing during busy hours. I have already checked this more than once. I request urgent maintenance of this issue.,Maintenance & Facilities
my fee challan was entered under the wrong category. The delay is creating difficulty with my semester matters. I request verification and completion of the pending process.,Administrative Offices
"Can someone check why the laundry area has become worse this week. The condition has been causing inconvenience for several days. I have been trying to get this sorted out, but there has not been a clear resolution yet. Please resolve this hosel-related problem soon.",Hostel/Provost Office
"This is getting difficult, i am writing regarding the makeup exam request has not been shared with students. I submitted the required application before the deadline. Please verify the record and correct it.",Academic
I am facing an issue because the network connection is not loading the required page. Kindly check the network or account configuration.,IT Services
the department printer shows an error whenever I try to submit work. The problem started recently and has continued since then. Please resolve the technical problem before the deadline.,IT Services
the university server has not been restored after an earlier complaint. The problem started recently and has continued since then. Please restore access as soon as possible.,IT Services
the corridor lights is overflowing during busy hours. Kindly send the maintenance team to inspect and fix it.,Maintenance & Facilities
"Please help, could you please look into this: the hostel gate procedure is creating hygiene concerns for residents. I have already checked this more than once. Please ask the hostel administration to resolve it.",Hostel/Provost Office
"the common room is not available at the stated time. The condition has been causing inconvenience for several days. Because the issue is still unresolved, it is now affecting my normal university work. The concerned hostel staff are requested to take action.",Hostel/Provost Office
Please check why the student portal is not detecting the connected device. I reported this earlier to the IT desk but it is still unresolved. The IT team is requested to inspect and correct this.,IT Services
"Sir please check, can someone check why the practical marks does not include marks for work that I submitted. I have already checked this more than once. Please update the record according to the submitted documents.",Academic
There seems to be an issue with the lab internet connection is preventing me from accessing course material. I request technical support for this issue.,IT Services
There seems to be an issue with the accounts office receipt has been pending without any clear update. The delay is creating difficulty with my semester matters. Please process the request and correct the record.,Administrative Offices
"the lab computer is rejecting files that meet the stated requirements. This is affecting my ability to complete university work. Because the issue is still unresolved, it is now affecting my normal university work. Please investigate the error and update the service.",IT Services
"Please help, the common room is still unresolved after several days.",Hostel/Provost Office
Please check why the hostel cleaning schedule has not been updated in the hostel record. I have already submitted a request at the hostel office. The concerned hostel staff are requested to take action.,Hostel/Provost Office
"Sir please check, i would like to complain that the electrical sockets is making a loud noise throughout lectures. It would be better to repair it before the damage increases. I request urgent maintenance of this issue.",Maintenance & Facilities
my student card has no status update despite repeated visits. Please process the request and correct the record.,Administrative Offices
"I am having trouble because the laundry area has been pending with the hosel office. This is affecting normal hostel routine. I have been trying to get this sorted out, but there hasnt been a clear resolution yet. Please take action and update me about the complaint.",Hostel/Provost Office
my hostel room allocation is making it difficult to stay in the room. Please resolve this hostel-related problem soon.,Hostel/Provost Office
I want to report that my CGPA has not been shared with students. I submitted the required application before the deadline. Could the concerned office please confirm the correct status?,Academic
"Sir please check, i want to report that the classroom ceiling is blocked and water is collecting around it. I have already checked this more than once. Please send the maintenance team to inspect and fix it.",Maintenance & Facilities
I want to bring this issue to your attention: the bonafide certificate was returned without explaining what is missing. This matter has remained unresolved for several working days. Please correct the record and confirm the updated status.,Administrative Offices
the fee refund request was supposed to be completed earlier but remains unresolved. I would appreciate a clear status instead of being sent between offices. Please resolve the issue without further unnecessary delay.,Administrative Offices
There seems to be an issue with the official certificate request has been pending without any clear update. I have already checked this more than once. Please ask the concerned administrative office to resolve this.,Administrative Offices
There is a problem with the lab internet connection keeps disconnecting during use. Please resolve the technical problem before the deadline.,IT Services
I am having trouble because the toilet flush is causing difficulty for students during lectures. This is especially difficult when the room is full. plz inspect the area and take the necessary action.,Maintenance & Facilities
"Can someone check why my financial aid application has not been approved even after verification. The delay is creating difficulty with my semester matters. I have been trying to get this sorted out, but there has not been a clear resolution yet. I request verification and completion of the pending process.",Administrative Offices
There is a problem with my fee challan has not been issued yet. I have already visited the concerned office more than once. I request verification and completion of the pending process.,Administrative Offices
Can someone check why the accounts office receipt was supposed to be completed earlier but remains unresolved. Kindly review the documents and process the request.,Administrative Offices
Can someone check why my portal login has stopped working after the latest update. The problem started recently and has continued since then. Kindly check the network or account configuration.,IT Services
I want to report that the air conditioner is overflowing during busy hours. I have already checked this more than once. Please inspect the area and take the necessary action.,Maintenance & Facilities
I need help because the viva schedule was marked absent although I attended the class. Please update the record according to the submitted documents.,Academic
Please check why the online registration portal is not responding at all. Kindly check the network or account configuration.,IT Services
the classroom fan needs urgent cleaning and maintenance. The condition is affecting normal use of the area. Please check the problem and restore the facility.,Maintenance & Facilities
I am facing an issue because the accounts ofice receipt was returned without explaining what is missing. I request verification and completion of the pending process.,Administrative Offices
There seems to be an issue with my financial aid application is causing difficulty with another university process. I have already checked this more than once. Please ask the concerned administrative office to resolve this.,Administrative Offices
the lab internet connection is not syncing with my student account. I reported this earlier to the IT desk but it is still unresolved. Please resolve the technical problem before the deadline.,IT Services
the hostel room lock has not been resolved after repeated reporting. Please ask the hostel administration to resolve it.,Hostel/Provost Office
I want to report that the projector connection does not recognize my account. The issue occurs both in the lab and on my own device. I would be grateful if the responsible office could review the details instead of asking me to repeat the same process. Please investigate the error and update the service.,IT Services
"This is getting difficult, i want to bring this issue to your attention: the university WiFi is not syncing with my student account. I have already checked this more than once. Please investigate the error and update the service.",IT Services
I want to bring this issue to your attention: the admission document is being delayed because the counter staff keep asking me to return later. I have kept a copy of the submitted form and payment receipt. Please resolve the issue without further unnecessary delay.,Administrative Offices
"Hi, the common room is not available at the stated time. I informed the hostel staff earlier, but the issue continues. Please resolve this hostel-related problem soon.",Hostel/Provost Office
the migration certificate needs correction in the administrative record.,Administrative Offices
"Sir please check, i want to report that the department elevator has been out of order for several days. A maintenance complaint was already reported but the problm remains. I have been trying to get this sorted out, but there has not been a clear resolution yet. Please have this facility repaired or replaced.",Maintenance & Facilities
There seems to be an issue with the email verification link doesnt accept my correct login details. I reported this earlier to the IT desk but it is still unresolved. Please restore access as soon as possible.,IT Services
I want to bring this issue to your attention: the university WiFi has stopped working after the latest update. This is affecting my ability to complete university work. Kindly ask IT support to resolve this problem.,IT Services
"Sir please check, the quiz score was marked absent although I attended the class. The department office asked me to wait, but there has been no update. Because the issue is still unresolved, it is now affecting my normal universirty work. Please update the record according to the submitted documents.",Academic
"Hi, i would like to complain that my midterm marks is creating a clash with another registered course. Other students in the same class can see the correct information. Please check the matter before it affects my semester further.",Academic
"Hi, the registrar application was entered under the wrong category. The concerned office is requested to check and complete this matter.",Administrative Offices
I want to report that the hot water facility is creating hygiene concerns for residents. This is affecting normal hostel routine. Please ask the hostel administration to resolve it.,Hostel/Provost Office
the student portal has not been restored after an earlier complaint.,IT Services
I am writing regarding my scholarship applicaton contains incorrect student information. I have already checked this more than once. Please process the request and correct the record.,Administrative Offices
I am facing an issue because the password reset service is not detecting the connected device. This is affecting my ability to complete universirty work. Please resolve the technical problem before the deadline.,IT Services
"the air conditioner is damaged and unsafe to use. A maintenance complaint was already reported, but the problem remains. Kindly send the maintenance team to inspect and fix it.",Maintenance & Facilities
I need help because the computer lab software shows a server error repeatedly. I have already checked this more than once. Kindly check the network or account configuration.,IT Services
"Can u check this, could you please look into this: the parking area has been out of order for several days. The facility is currently difficult to use safely. The concerned staff are requested to repair this promptly.",Maintenance & Facilities
"Please help, i want to report that the result card is showing the wrong course information. I have already checked this more than once. Please recheck the entry and let me know once it is fixed.",Academic
"the makeup exam request is different from what appears on the departmental notice. I would appreciate verification from the concerned academic office. Because the issue is still unresolved, it is now affecting my normal university work. Kindly review this issue and update the academic record.",Academic
Please check why the mess food is affecting basic hostel facilities. Several residents on the floor are facing the same problem. Please handle the matter according to hostel policy.,Hostel/Provost Office
Could you please look into this: the password reset service is extremely slow during class hours. I have already checked this more than once. Please check the account or system and fix the issue.,IT Services
"I have a problem, i am writing regarding the email verification link shows a server error repeatedly. Please check the network or account configuration.",IT Services
"my GPA calculation has been pending for several days. This issue is causing difficulty with my current semester planning. Because the issue is still unresolved, it is now affecting my normal university work. Please recheck the entry and let me know once it is fixed.",Academic
I am writing regarding the hostel water supply is creating hygiene concerns for residents. Please take action and update me about the complaint.,Hostel/Provost Office
Could you pls look into this: the projector connection fails before the process is completed. I have already checked this more than once. Please resolve the technical problem before the deadline.,IT Services
"I want to bring this issue to your attention: the room cleanliness is affecting basic hostel facilities. The warden was informed, but I have not received any update. I have been trying to get this sorted out, but there has not been a clear resolution yet. Please handle the matter according to hostel policy.",Hostel/Provost Office
There seems to be an issue with the official certificate request does not match the payment receipt. This matter has remained unresolved for several working days. Please ask the concerned administrative office to resolve this.,Administrative Offices
Could you please look into this: the network connection is not responding at all. I tried from more than one device and the problm is the same. Please check the account or system and fix the issue.,IT Services
Could you please look into this: the migration certificate needs correction in the administrative record. The delay is creating difficulty with my semester matters. I would be grateful if the responsible office could review the details instead of asking me to repeat the same process. Please correct the record and confirm the updated status.,Administrative Offices
I need help because the hostel security desk is making it difficult to stay in the room. Several residents on the floor are facing the same problem. Please handle the matter according to hostel policy.,Hostel/Provost Office
I need help because the quiz score was entered under the wrong course code. I have already checked this more than once. Please update the record according to the submitted documents.,Academic
the quiz score was entered under the wrong course code. Please check the matter before it affects my semester further.,Academic
I would like to complain that the hostel cleaning schedule requires inspection by hostel staff. I have already checked this more than once. Kindly inspect the issue and arrange the required solution.,Hostel/Provost Office
the laundry area has become worse this week. Please check the hostel record for my earlier complaint. Kindly inspect the issue and arrange the required solution.,Hostel/Provost Office
my financial aid application contains incorrect student information.,Administrative Offices
"This is getting difficult, i want to bring this issue to your attention: the registrar application has been delayed beyond the stated processing time. I have already checked this more than once. pls review the documents and process the request.",Administrative Offices
the printing system hasnt been restored after an earlier complaint. The problem started recently and has continued since then. pls investigate the error and update the service.,IT Services
I want to report that the admission fee record has not been forwarded to the concerned office. I need the document for another university process. The concerned office is requested to check and complete this matter.,Administrative Offices
"Sir please check, i want to report that the course section is creating a clash with another registered course. I have already checked this more than once. Please verify the record and correct it.",Academic
the assignment grade still shows the old information after correction. Please check the matter before it affects my semester further.,Academic
the assignment grade was entered under the wrong course code. Please check the matter before it affects my semester further.,Academic
I want to report that the classroom windows is overflowing during busy hours. I have already checked this more than once. Kindly resolve the maintenance problem at the earliest.,Maintenance & Facilities
the washroom plumbing is in poor condition and needs replacement.,Maintenance & Facilities
I am having trouble because my scholarship application has no status update despite repeated visits. The required documents and receipt were submitted. I request verification and completion of the pending process.,Administrative Offices
the hostel washroom requires inspection by hostel staff. The issue needs attention before it becomes more serious. Please handle the matter according to hostel policy.,Hostel/Provost Office
I want to bring this issue to your attention: my clearance form was supposed to be completed earlier but remains unresolved. This matter has remained unresolved for several working days. I would be grateful if the responsible offce could review the details instead of asking me to repeat the same process. The concerned office is requested to check and complete this matter.,Administrative Offices
my thesis supervision was marked absent although I attended the class. I need the corrected record for an upcoming academic requirement. Please verify the record and correct it.,Academic
I want to report that the transcript was entered under the wrong course code. Please recheck the entry and let me know once it is fixed.,Academic
the biometric attendance machine shows a server error repeatedly. I tried from more than one device and the problem is the same. Please investigate the error and update the service.,IT Services
There is a problem with the registered credit hours contains an error that is affecting my semester record. I have checked the portal more than once and the same problem remains. Please verify the record and correct it.,Academic
"Hi, the electrical sockets has loose parts that may cause an accident. The condition is affecting normal use of the area. pleas send the maintenance team to inspect and fix it.",Maintenance & Facilities
I am having trouble because the classroom projector is rejecting files that meet the stated requirements. I have already checked this more than once. Please check the account or system and fix the issue.,IT Services
the hostel gate procedure is creating hygiene concerns for residents.,Hostel/Provost Office
my portal login does not accept my correct login details. Please check whether there is an account or server-side problem. I request technical support for this issue.,IT Services
There is a problem with the university server shows an error whenever I try to submit work. Please restore access as soon as possible.,IT Services
"This is getting difficult, the practical marks is creating a clash with another registered course. Please update the record according to the submitted documents.",Academic
the accounts office receipt has not been approved even after verification. Please verify the record with the accounts or registrar office. Please process the request and correct the record.,Administrative Offices
I need help because the prerequisite approval has not been shared with students. Please check the matter before it affects my semester further.,Academic
I want to bring this issue to your attention: the washroom plumbing has been out of order for several days. The condition is affecting normal use of the area. I would be grateful if the responsible office could review the details instead of asking me to repeat the same process. The concerned staff are requested to repair this promptly.,Maintenance & Facilities
Please check why the hostel security refund is stuck between two administrative offices. I have already checked this more than once. The concerned office is requested to check and complete this matter.,Administrative Offices
There seems to be an issue with the room furniture requires inspection by hostel staff. The condition has been causing inconvenience for several days. The concerned hostel staff are requested to take action.,Hostel/Provost Office
There is a problem with my university email fails before the process is completed. Please check whether there is an account or server-side problem. Please check the account or system and fix the issue.,IT Services
the hosel security refund hasnt been forwarded to the concerned office.,Administrative Offices
"Please help, the building staircase has been left unrepaired since last week. Please send someone to inspect the location. Please send the maintenance team to inspect and fix it.",Maintenance & Facilities
"I want to bring this issue to your attention: the lab internet connection is extremely slow during class hours. This is affecting my ability to complete university work. I have been trying to get this sorted out, but there has not been a clear resolution yet. Kindly check the network or account configuration.",IT Services
I am having trouble because the result card is still missing from the student record. I have already checked this more than once. Please check the matter before it affects my semester further.,Academic
"There is a problem with the prerequisite approval has an incorrect total after the latest update. I have checked the portal more than once and the same problem remains. I have been trying to get this sorted out, but there has not been a clear resolution yet. Kindly investigate the discrepancy and make the required correction.",Academic
There is a problem with the classroom windows has not been repaired after an earlier complaint. Kindly resolve the maintenance problem at the earliest.,Maintenance & Facilities
Im facing an issue because the admission document was supposed to be completed earlier but remains unresolved. The application was submitted within the announced dates. Please resolve the issue without further unnecessary delay.,Administrative Offices
the room cleanliness is creating repeated arguments among residents. Several residents on the floor are facing the same problem. Please handle the matter according to hostel policy.,Hostel/Provost Office
There is a problem with the university WiFi does not accept my correct login details. I have already checked this more than once. Please investigate the error and update the service.,IT Services
"Please help, i am facing an issue because the hostel corridor lights is not available at the stated time. Please ask the hostel administration to resolve it.",Hostel/Provost Office
There is a problem with my fee challan needs correction in the administrative record. The application was submitted within the announced dates. I request verification and completion of the pending process.,Administrative Offices
the classroom chairs is causing difficulty for students during lectures.,Maintenance & Facilities
I need help because the lab internet connection is not syncing with my student account. The problem started recently and has continued since then. Kindly check the network or account configuration.,IT Services
There is a problem with the common room has not been repaired despite an earlier request. Kindly have the warden or relevant staff check this issue.,Hostel/Provost Office
I am facing an issue because the laundry area is making it difficult to stay in the room. I have already checked this more than once. Please take action and update me about the complaint.,Hostel/Provost Office
Please check why the washroom taps is producing a strong smell and needs maintenance. The problem is now affecting more than one class. I would be grateful if the responsible office could review the details instead of asking me to repeat the same process. Please check the problem and restore the facility.,Maintenance & Facilities
There seems to be an issue with the admission fee record needs correction in the administrative record. I would appreciate a clear status instead of being sent between offices. I would be grateful if the responsible office could review the details instead of asking me to repeat the same process. Kindly review the documents and process the request.,Administrative Offices
the room furniture was handled differently from the stated hostel rules. Please ask the hostel administration to resolve it.,Hostel/Provost Office
"the quiz score has not been updated even though the instructor confirmed the correction. I have checked the portal more than once and the same problem remains. Because the issue is still unresolved, it is now affecting my normal university work. Please update the record according to the submitted documents.",Academic
"the corridor lights is not available when it is needed. A maintenance complaint was already reported but the problem remains. Because the issue is still unresolved, it is now affecting my normal university work. Please inspect the area and take the necessary action.",Maintenance & Facilities
Can someone check why the email verification link is not detecting the connected device. I have already checked this more than once. Kindly check the network or account configuration.,IT Services
the scholarship payment was submitted before the deadline but still shows pending.,Administrative Offices
I would like to complain that the lab computer has not been restored after an earlier complaint. Restarting the device did not solve the issue. Please restore access as soon as possible.,IT Services
Can someone check why the thesis progress review is creating a clash with another registered course. I have already checked this more than once. pls recheck the entry and let me know once it is fixed.,Academic
I need help because the scholarship payment was submitted before the deadline but still shows pending. Please correct the record and confirm the updated status.,Administrative Offices
my attendance record was uploaded late and now I cannot complete the next process. Kindly review this issue and update the academic record.,Academic
I need help becase the makeup exam request was entered under the wrong course code. I have already checked this more than once. Kindly investigate the discrepancy and make the required correction.,Academic
I want to report that the common room hasnt been updated in the hostel record. I would like the matter to be handled according to hostel rules. Please resolve this hostel-related problem soon.,Hostel/Provost Office
I would like to complain that my CGPA was marked absent although I attended the class. I already contacted the relevant teacher but the record is unchanged. I would be grateful if the responsible office could review the details instead of asking me to repeat the same process. Kindly investigate the discrepancy and make the required correction.,Academic
the laboratory ventilation is causing difficulty for students during lectures. The facility is currently difficult to use safely. Please check the problem and restore the facility.,Maintenance & Facilities
the email verification link is not syncing with my student account. Restarting the device did not solve the issue. Kindly check the network or account configuration.,IT Services
my portal login is not connected to the campus network. Please restore access as soon as possible.,IT Services
"Im facing an issue because the network connection is not syncing with my student account. I need access before the current submission deadline. I have been trying to get this sorted out, but there has not been a clear resolution yet. Please resolve the technical problem before the deadline.",IT Services
Could you please look into this: my hostel room allocation has not been repaired despite an earlier request. I have already checked this more than once. Please take action and update me about the complaint.,Hostel/Provost Office
There seems to be an issue with the electrical sockets is creating an uncomfortable environment in the room. The condition is affecting normal use of the area. I would be grateful if the responsible office could review the details instead of asking me to repeat the same process. Please have this facility repaired or replaced.,Maintenance & Facilities
"This is getting difficult, i want to report that the document attestation request has no status update despite repeated visits. The counter staff asked me to check again later, but there is still no progress. The concerned office is requested to check and complete this matter.",Administrative Offices
Please check why the official certificate request has no status update despite repeated visits. I have already checked this more than once. The concerned office is requested to check and complete this matter.,Administrative Offices
"Hi, my university email has stopped working after the latest update. I already changed the password but the error remains. Please check the account or system and fix the issue.",IT Services
"the LMS course page is not syncing with my student account. Other university websites are opening normally. Because the issue is still unresolved, it is now affecting my normal university work. Please resolve the technical problem before the deadline.",IT Services
I want to bring this issue to your attention: the building staircase is not providing adequate service. I have already checked this more than once. I request urgent maintenance of this issue.,Maintenance & Facilities
my attendance record hasnt been approved despite repeated follow-up. I have checked the portal more than once and the same problem remains. Please recheck the entry and let me know once it is fixed.,Academic
"I want to report that my degree verification request has no status update despite repeated visits. The counter staff asked me to check again later, but there is still no progress. I would be grateful if the responsible office could review the details instead of asking me to repeat the same process. I request verification and completion of the pending process.",Administrative Offices
I want to bring this issue to your attention: my GPA calculation was uploaded late and now I cannot complete the next process. I submitted the required application before the deadline. Please recheck the entry and let me know once it is fixed.,Academic
I want to bring this issue to your attention: the assignment grade was not accepted even though I met the deadline. I have already checked this more than once. Please check the matter before it affects my semester further.,Academic
"This is getting difficult, there seems to be an issue with the scholarship payment has been delayed beyond the stated processing time. I have kept a copy of the submitted form and payment receipt. I have been trying to get this sorted out, but there has not been a clear resolution yet. Please ask the concerned administrative office to resolve this.",Administrative Offices
the email verification link is not loading the required page. I need access before the current submission deadline. Kindly ask IT support to resolve this problem.,IT Services
Could you please look into this: the classroom chairs needs urgent cleaning and maintenance. Please check the problem and restore the facility.,Maintenance & Facilities
"the hostel water supply is causing problems for residents every day. The warden was informed, but I have not received any update. Because the issue is still unresolved, it is now affecting my normal university work. Please handle the matter according to hostel policy.",Hostel/Provost Office
the drainage line has broken fittings.,Maintenance & Facilities
I am facing an issue because the classroom fan has exposed wiring that should be inspected. I have already checked this more than once. Kindly send the maintenance team to inspect and fix it.,Maintenance & Facilities
the fee refund request has not been processed even though the documents were submitted. I have already visited the concerned office more than once. The concerned office is requested to check and complete this matter.,Administrative Offices
the water cooler has broken fittings. A maintenance complaintt was already reported but the problem remains. I request urgent maintenance of this issue.,Maintenance & Facilities
"Could you please look into this: the room cleanliness is not available at the stated time. The warden was informed, but I have not received any update. I would be grateful if the responsible office could review the details instead of asking me to repeat the same process. Please handle the matter according to hostel policy.",Hostel/Provost Office
my scholarship aplication is stuck between two administrative offices.,Administrative Offices
There is a problem with the mess timing has not been updated in the hostel record. I would like the matter to be handled according to hostel rules. Please take action and update me about the complaint.,Hostel/Provost Office
I am facing an issue because the air conditioner has loose parts that may cause an accident. The issue becomes worse during afternoon classes. Please have this facility repaired or replaced.,Maintenance & Facilities
my attendance record has been pending for several days.,Academic
I am facing an issue because the laboratory ventilation is creating an uncomfortable environment in the room. I have already checked this more than once. Please have this facility repaired or replaced.,Maintenance & Facilities
"Sir please check, i need help because the fee refund request contains incorrect student information. The required documents and receipt were submtted. I have been trying to get this sorted out, but there has not been a clear resolution yet. Please ask the concerned administrative office to resolve this.",Administrative Offices
"I have a problem, can someone check why the exam date sheet was changed without any explanation. Please verify the record and correct it.",Academic
my attendance record has been pending for several days. Other students in the same class can see the correct information. Please check the matter before it affects my semester further.,Academic
"This is getting difficult, i am having trouble because the assignment grade is still missing from the student record. I have already checked this more than once. Please review this issue and update the academic record.",Academic
"Hi, the classroom fan is not providing adequate service. The issue becomes worse during afternoon classes. pleas check the problem and restore the facility.",Maintenance & Facilities
"the final exam result was not accepted even though I met the deadline. Because of this error, I am unable to proceed with the next academic step. Please check the matter before it affects my semester further.",Academic
I am writing regarding the lab computer has not been restored after an earlier complaint. Restarting the device did not solve the issue. Please resolve the technical problem before the deadline.,IT Services
Could you please look into this: the department printer shows a server error repeatedly. I have already checked this more than once. The IT team is requested to inspect and correct this.,IT Services
"I need help becase the biometric attendance machine has been unavailable since this morning. Other university websites are opening normally. I have been trying to get this sorted out, but there has not been a clear resolution yet. Please restore access as soon as possible.",IT Services
I am writing regarding the university server is showing outdated information. Please check the account or system and fix the issue.,IT Services
Im writing regarding my GPA calculation was marked absent although I attended the class. I request the department to resolve this as soon as possible.,Academic
I am writing regarding the lecture desk has been out of order for several days. The condition is affecting normal use of the area. The concerned staff are requested to repair this promptly.,Maintenance & Facilities
"the quiz score was changed without any explanation. Because of this error, Im unable to proceed with the next academic step. Kindly review this issue and update the academic record.",Academic
"Can someone check why the biometric attendence machine is not connected to the campus network. Restarting the device did not solve the issue. I have been trying to get this sorted out, but there hasnt been a clear resolution yet. I request technical support for this issue.",IT Services
I want to report that the washroom plumbing needs urgent cleaning and maintenance. I have already checked this more than once. I request urgent maintenance of this issue.,Maintenance & Facilities
"the official certificate request needs correction in the administrative record. I need the document for another university process. Because the issue is still unresolved, it is now affecting my normal university work. Please resolve the issue without further unnecessary delay.",Administrative Offices
I am writing regarding the hostel gate procedure is creating hygiene concerns for residents. Please check the hostel record for my earlier complaint. I would be grateful if the responsible office could review the details instead of asking me to repeat the same process. Please ask the hostel administration to resolve it.,Hostel/Provost Office
There seems to be an issue with the departmnt printer shows a server error repeatedly. I have already checked this more than once. Kindly check the network or account configuration.,IT Services
the corridor lights is producing a strong smell and needs maintenance.,Maintenance & Facilities
my student card has not been issued yet.,Administrative Offices
"Sir please check, there is a problem with the final exam result was not accepted even though I met the deadline. The supporting document was submitted at the department office. I would be grateful if the responsible office could review the details instead of asking me to repeat the same process. I request the department to resolve this as soon as possible.",Academic
"Can u check this, the hot water facility is creating hygiene concerns for residents. The concerned hostel staff are requested to take action.",Hostel/Provost Office
"This is getting difficult, i would like to complain that the laundry area requires inspection by hostle staff. I informed the hostel staff earlier, but the issue continues. I would be grateful if the responsible office could review the details instead of asking me to repeat the same process. The concerned hostel staff are requested to take action.",Hostel/Provost Office
the drainage line has been out of order for several days. Please check the problem and restore the facility.,Maintenance & Facilities
I want to bring this issue to your attention: course registration was entered under the wrong course code. I have already checked this more than once. Please update the record according to the submitted documents.,Academic
Could you please look into this: the room furniture is creating an uncomfortable living situation. I have already checked this more than once. Kindly have the warden or relevant staff check this issue.,Hostel/Provost Office
"Please check why the viva schedule was uploaded late and now I cannot complete the next process. Because of this error, I am unable to proceed with the next academic step. Please recheck the entry and let me know once it is fixed.",Academic
Can someone check why the admission status is not appearing in the official record. I have already checked this more than once. Kindly check the application and provide an update.,Administrative Offices
"Please help, i need help because the prerequisite approval has not been shared with students. This issue is causing difficulty with my current semester planning. Please review this issue and update the academic record.",Academic
I want to report that the water cooler is leaking and making the floor wet. Please send someone to inspect the location. I request urgent maintenance of this issue.,Maintenance & Facilities
"This is getting difficult, there seems to be an issue with the official certificate request is being delayed because the counter staff keep asking me to return later. I need the document for another university process. I have been trying to get this sorted out, but there has not been a clear resolution yet. Please resolve the issue without further unnecessary delay.",Administrative Offices
I need help because my attendance record was uploaded late and now I cannot complete the next process. I already contacted the relevant teacher but the record is unchanged. Kindly review this issue and update the academic record.,Academic
"the hostel WiFi complaint record is not being handled according to the hostel procedure. The warden was informed, but I have not received any update. Please ask the hostel administration to resolve it.",Hostel/Provost Office
There is a problem with the washroom plumbing has been left unrepaired since last week. I have already checked this more than once. The concerned staff are requested to repair this promptly.,Maintenance & Facilities
Please check why the accounts office receipt was returned without explaining what is missing. I have already visited the concerned office more than once. Please ask the concerned administrative office to resolve this.,Administrative Offices
Could you please look into this: the drainage line is not providing adequate service. It would be better to repair it before the damage increases. I request urgent maintenance of this issue.,Maintenance & Facilities
the lab internet connection shows an error whenever I try to submit work. Please check the account or system and fix the issue.,IT Services
Could you please look into this: the registrar application is not appearing in the official record. I have kept a copy of the submitted form and payment receipt. I would be grateful if the responsible office could review the details instead of asking me to repeat the same process. Please ask the concerned administrative office to resolve this.,Administrative Offices
"the computer lab software shows a server error repeatedly. I tried from more than one device and the problem is the same. Because the issue is still unresolved, it is now affecting my normal university work. Please resolve the technical problem before the deadline.",IT Services
Please check why the backup generator is not working properly during class hours. It would be better to repair it before the damage increases. Kindly resolve the maintenance problem at the earliest.,Maintenance & Facilities
"the building staircase has been left unrepaired since last week. The issue becomes worse during afternoon classes. Because the issue is still unresolved, it is now affecting my normal university work. Please check the problem and restore the facility.",Maintenance & Facilities
"Hi, the drinking water supply is in poor condition and needs replacement. A maintenance complaint was already reported, but the problem remains. Because the issue is still unresolved, it is now affecting my normal university work. The concerned staff are requested to repair this promptly.",Maintenance & Facilities
"Can u check this, there seems to be an issue with the duplicate student card request contains incorrect student information. The required documents and receipt were submitted. Please review the documents and process the request.",Administrative Offices
I am facing an issue because the corridor lights is not available when it is needed. Please send someone to inspect the location. Kindly send the maintenance team to inspect and fix it.,Maintenance & Facilities
"Can someone check why the practical marks was not accepted even though I met the deadline. The department office asked me to wait, but there has been no update. I would be grateful if the responsible office could review the details instead of asking me to repeat the same process. plz check the matter before it affects my semester further.",Academic
"I want to report that the course section has not been approved despite repeated follow-up. Other students in the same class can see the correct information. I have been trying to get this sorted out, but there has not been a clear resolution yet. Please update the record according to the submitted documents.",Academic
I am writing regarding the campus network is not syncing with my student account. The issue occurs both in the lab and on my own device. I have been trying to get this sorted out but there has not been a clear resolution yet. Please investigate the error and update the service.,IT Services
the hostel security refund shows an incorrect amount. This matter has remained unresolved for several working days. Please process the request and correct the record.,Administrative Offices
"the mess food has not been updated in the hostel record. The problem is especially difficult during evening hours. Because the issue is still unresolved, it is now affecting my normal university work. The concerned hostel staff are requested to take action.",Hostel/Provost Office
"Can u check this, i am facing an issue because the registrar applicaton was returned without explaining what is missing. I have kept a copy of the submitted form and payment receipt. The concerned office is requested to check and complete this matter.",Administrative Offices
"my university email is preventing me from accessing course material. I reported this earlier to the IT desk but it is still unresolved. Because the issue is still unresolved, it is now affecting my normal university work. The IT team is requested to inspect and correct this.",IT Services
"the quiz score is showing the wrong course information. The department ofice asked me to wait, but there has been no update. Because the issue is still unresolved, it is now affecting my normal university work. I request the department to resolve this as soon as possible.",Academic
the toilet flush has loose parts that may cause an accident. Please arrange repair as soon as possible.,Maintenance & Facilities
the online registration portal is not loading the required page. I request technical support for this issue.,IT Services
the migration certificate has been delayed beyond the stated processing time.,Administrative Offices
the classroom chairs is not providing adequate service. The problem is now affecting more than one class. Kindly send the maintenance team to inspect and fix it.,Maintenance & Facilities
"the student portal has not been restored after an earlier complaint. The issue occurs both in the lab and on my own device. becase the issue is still unresolved, it is now affecting my normal university work. The IT team is requested to inspect and correct this.",IT Services
"This is getting difficult, i need help because my thesis supervision still shows the old information after correction. Please investigate the discrepancy and make the required correction.",Academic
There seems to be an issue with my roommate issue is making it difficult to stay in the room. I request the Provost Office to look into this matter.,Hostel/Provost Office
"the lecture room lights has not been repaired after an earlier complaint. Students are facing this problem every day. Because the issue is still unresolved, it is now affecting my normal university work. Please arrange repair as soon as possible.",Maintenance & Facilities
the admission fee record shows an incorrect amount.,Administrative Offices
the mess food was reported to the warden but no action has been taken. Please ask the hostel administration to resolve it.,Hostel/Provost Office
the air conditioner is not working properly during class hours. Please inspect the area and take the necessary action.,Maintenance & Facilities
I want to report that the network connection has not been restored after an earlier complaint. This is affecting my ability to complete university work. Please check the account or system and fix the issue.,IT Services
the corridor lights is making a loud noise throughout lectures. The condition is affecting normal use of the area. Please check the problem and restore the facility.,Maintenance & Facilities
I need help because the drinking water supply has exposed wiring that should be inspected. This is especially difficult when the room is full. Please inspect the area and take the necessary action.,Maintenance & Facilities
There is a problem with the hostel corridor lights was reported to the warden but no action has been taken. This is affecting normal hostel routine. Please ask the hostel administration to resolve it.,Hostel/Provost Office
my scholarship application has not been forwarded to the concerned office. I have kept a copy of the submitted form and payment receipt. Please process the request and correct the record.,Administrative Offices
I would like to complain that the department printer is not detecting the connected device. Please check whether there is an account or server-side problem. I request technical support for this issue.,IT Services
the thesis progress review is showing the wrong course information.,Academic
the hostel security desk is causing unnecessary difficulty at night. Kindly inspect the issue and arrange the required solution.,Hostel/Provost Office
"Hi, i am facing an issue because the projector connection is showing outdated information. I have already checked this more than once. Please ask IT support to resolve this problem.",IT Services
"I have a problem, i want to bring this issue to your attention: the common room needs attention from the provost office. I have already checked this more than once. I request the Provost Office to look into this matter.",Hostel/Provost Office
Please check why the room ceiling fan has been pending with the hostel office. Kindly have the warden or relevant staff check this issue.,Hostel/Provost Office
course registration was not accepted even though I met the deadline. Other students in the same class can see the correct information. I request the department to resolve this as soon as possible.,Academic
Please check why the online registration portal is not detecting the connected device. I have already checked this more than once. Please restore access as soon as possible.,IT Services
my portal login is not responding at all. Kindly check the network or account configuration.,IT Services
Can someone check why the prerequisite approval has not been approved despite repeated follow-up. Could the concerned office please confirm the correct status?,Academic
There seems to be an issue with the practical marks is still missing from the student record. I have already checked this more than once. Please update the record according to the submitted documents.,Academic
the scholarship payment shows an incorrect amount. The delay is creating difficulty with my semester matters. Please correct the record and confirm the updated status.,Administrative Offices
Im writing regarding the printing system keeps disconnecting during use. I request technical support for this issue.,IT Services
I would like to complain that the fee refund request is causing difficulty with another universty process. The required documents and receipt were submitted. Kindly check the application and provide an update.,Administrative Offices
"This is getting difficult, course registration has not been updated even though the instructor confirmed the correction. Please investigate the discrepancy and make the required correction.",Academic
the department printer is not syncing with my student account. I reported this earlier to the IT desk but it is still unresolved. Kindly check the network or account configuration.,IT Services
the quiz score is different from what appears on the departmental notice. I need the corrected record for an upcoming academic requirement. Kindly review this issue and update the academic record.,Academic
pleas check why the washroom taps has broken fittings. I request urgent maintenance of this issue.,Maintenance & Facilities
"Please help, please check why the mess timing was handled differently from the stated hostel rules. I have already submtted a request at the hostel office. Please handle the matter according to hostel policy.",Hostel/Provost Office
"Can someone check why my hostel room allocation is creating an uncomfortable living situation. The warden was informed, but I have not received any update. Please handle the matter according to hostel policy.",Hostel/Provost Office
I would like to complain that my CGPA is different from what appears on the departmental notice. Kindly investigate the discrepancy and make the required correction.,Academic
Please check why my clearance form is stuck between two administrative offices. I have already checked this more than once. Please correct the record and confirm the updated status.,Administrative Offices
There seems to be an issue with my hostle room allocation is creating hygiene concerns for residents. I have already checked this more than once. Please resolve this hostel-related problem soon.,Hostel/Provost Office
I am having trouble because the parking area is blocked and water is collecting around it. The issue becomes worse during afternoon classes. I have been trying to get this sorted out but there has not been a clear resolution yet. The concerned staff are requested to repair this promptly.,Maintenance & Facilities
the drainage line has been out of order for several days.,Maintenance & Facilities
"I am facing an issue because the final exam result was not accepted even though I met the deadline. I submitted the required application before the deadline. I have been trying to get this sorted out, but there has not been a clear resolution yet. Could the concerned office please confirm the correct status?",Academic
I want to report that the final exam result does not reflect the form I submitted on time. Please recheck the entry and let me know once it is fixed.,Academic
I need help because the washroom plumbing needs urgent cleaning and maintenance. I have already checked this more than once. I request urgent maintenance of this issue.,Maintenance & Facilities
There is a problem with the common room is still unresolved after several days. Kindly inspect the issue and arrange the required solution.,Hostel/Provost Office
"the parking area is overflowing during busy hours. It would be better to repair it before the damage increases. Because the issue is still unresolved, it is now affecting my normal university work. Please have this facility repaired or replaced.",Maintenance & Facilities
the department elevator is producing a strong smell and needs maintenance. Please inspect the area and take the necessary action.,Maintenance & Facilities
the classroom ceiling has been left unrepaired since last week. It would be better to repair it before the damage increases. Please arrange repair as soon as possible.,Maintenance & Facilities
There seems to be an issue with the classroom chairs keeps stopping and starting. plz check the problem and restore the facility.,Maintenance & Facilities
Please check why the backup generator is not working properly during class hours. Please check the problem and restore the facility.,Maintenance & Facilities
"Can u check this, the hostle cleaning schedule is not working properly.",Hostel/Provost Office
"the water cooler is overflowing during busy hours. A maintenance complaint was already reported, but the problem remains. The concerned staff are requested to repair this promptly.",Maintenance & Facilities
"This is getting difficult, the hostel security desk is causing unnecessary difficulty at night. The problm is especially difficult during evening hours. Please have the warden or relevant staff check this issue.",Hostel/Provost Office
I want to report that the building staircase has been out of order for several days. Please have this facility repaired or replaced.,Maintenance & Facilities
I am facing an issue because the classroom ceiling is leaking and making the floor wet. Please send someone to inspect the location. The concerned staff are requested to repair this promptly.,Maintenance & Facilities
I want to bring this issue to your attention: the hostel WiFi complaint record has become worse this week. I have already checked this more than once. Please ask the hostel administration to resolve it.,Hostel/Provost Office
the room furniture is creating hygiene concerns for residents. I request the Provost Office to look into this matter.,Hostel/Provost Office
"This is getting difficult, i want to bring this issue to your attention: the online registration portal is not connected to the campus network. I have already checked this more than once. Please restore access as soon as possible.",IT Services
"Sir please check, i want to report that the parking area has been out of order for several days. A maintenance complaint was already reported, but the problem remains. I have been trying to get this sorted out, but there has not been a clear resolution yet. Please arrange repair as soon as possible.",Maintenance & Facilities
the registrar application needs correction in the administrative record. Please process the request and correct the record.,Administrative Offices
There is a problem with my thesis supervision is creating a clash with another registered course. I already contacted the relevant teacher but the record is unchanged. I have been trying to get this sorted out but there hasnt been a clear resolution yet. I request the department to resolve this as soon as possible.,Academic
"Could you please look into this: the lecture room lights has not been repaired after an earlier complaint. A maintenance complaint was already reported, but the problem remains. I have been trying to get this sorted out, but there has not been a clear resolution yet. Please inspect the area and take the necessary action.",Maintenance & Facilities
the network connection has not been restored after an earlier complaint.,IT Services
I am facing an issue because my fee challan has been pending without any clear update. This matter has remained unresolved for several working days. I request verification and completion of the pending process.,Administrative Offices
"Hi, i need help because the hosel cleaning schedule requires inspection by hostel staff. Several residents on the floor are facing the same problem. Please inspect the issue and arrange the required solution.",Hostel/Provost Office
"the network connection is not detecting the connected device. I already changed the password, but the error remains. Please investigate the error and update the service.",IT Services
"Sir please check, i want to bring this issue to your attention: my thesis supervision is still missing from the student record. I have already checked this more than once. Please recheck the entry and let me know once it is fixed.",Academic
Could you please look into this: the classroom windows is causing difficulty for students during lectures. It would be better to repair it before the damage increases. Please have this facility repaired or replaced.,Maintenance & Facilities
"This is getting difficult, i want to report that the assignment grade contains an error that is affecting my semester record. I have checked the portal more than once and the same problemm remains. Please investigate the discrepancy and make the required correction.",Academic
the department printer is showing outdated information. Other university websites are opening normally. The IT team is requested to inspect and correct this.,IT Services
my degree verification request has been pending without any clear update. I request verification and completion of the pending process.,Administrative Offices
"the classroom projector does not send the verification message. Restarting the device did not solve the issue. Because the issue is still unresolved, it is now affecting my normal university work. Please restore access as soon as possible.",IT Services
my midterm marks has an incorrect total after the latest update. Other students in the same class can see the correct information. Please verify the record and correct it.,Academic
"the electrical sockets is damaged and unsafe to use. A maintenance complaint was already reported, but the problem remains. Because the issue is still unresolved, it is now affecting my normal universirty work. Please arrange repair as soon as possible.",Maintenance & Facilities
"my clearance form has not been issued yet. The required documents and receipt were submitted. becase the issue is still unresolved, it is now affecting my normal university work. Please resolve the issue without further unnecessary delay.",Administrative Offices
Im writing regarding my scholarship application has no status update despite repeated visits. Kindly review the documents and process the request.,Administrative Offices
the hostel room lock is creating hygiene concerns for residents.,Hostel/Provost Office
"There seems to be an issue with the password reset service is rejecting files that meet the stated requirements. The issue occurs both in the lab and on my own device. I have been trying to get this sorted out, but there has not been a clear resolution yet. Kindly check the network or account configuration.",IT Services
Can someone check why the duplicate student card request is not appearing in the official record. This matter has remained unresolved for several working days. I would be grateful if the responsible office could review the details instead of asking me to repeat the same process. pleas ask the concerned administrative office to resolve this.,Administrative Offices
Im facing an issue because my clearance form has not been approved even after verification. This matter has remained unresolved for several working days. Please process the request and correct the record.,Administrative Offices
I am having trouble because the laboratory ventilation keeps stopping and starting. Please send someone to inspect the location. I request urgent maintenance of this issue.,Maintenance & Facilities
the room cleanliness is not available at the stated time. Kindly have the warden or relevant staff check this issue.,Hostel/Provost Office
I am writing regarding the parking area is not available when it is needed. I have already checked this more than once. I request urgent maintenance of this issue.,Maintenance & Facilities
the university server is extremely slow during class hours. This is affecting my ability to complete university work. Please resolve the technical problem before the deadline.,IT Services
I am having trouble because the drinking water supply has loose parts that may cause an accident. I have already checked this more than once. Please check the problem and restore the facility.,Maintenance & Facilities
I am having trouble because the hot water facility is not available at the stated time. Please take action and update me about the complaintt.,Hostel/Provost Office
"I need help because the email verification link keeps disconnecting during use. I already changed the password, but the error remains. I would be grateful if the responsible office could review the details instead of asking me to repeat the same process. I request technical support for this issue.",IT Services
I would like to complain that the lecture room lights has been out of order for several days. I have already checked this more than once. Please arrange repair as soon as possible.,Maintenance & Facilities
There is a problem with the LMS course page is not detecting the connected device. I need access before the current submission deadline. I request technical support for this issue.,IT Services
Could you please look into this: the computer lab software is not syncing with my student account. Other university websites are opening normally. Kindly ask IT support to resolve this problem.,IT Services
"the backup generator has exposed wiring that should be inspected. The area is frequently used by students and staff. Because the issue is still unresolved, it is now affecting my normal university work. Please arrange repair as soon as possible.",Maintenance & Facilities
Could you please look into this: the printing system keeps disconnecting during use. I need access before the current submission deadline. I would be grateful if the responsible office could review the details instead of asking me to repeat the same process. Please check the account or system and fix the issue.,IT Services
"I would like to complain that the printing system does not send the verification message. I tried from more than one device and the problem is the same. I have been trying to get this sorted out, but there has not been a clear resolution yet. Please restore access as soon as possible.",IT Services
"Please help, i want to bring this issue to your attention: the common room has become worse this week. I have already checked this more than once. The concerned hostel staff are requested to take action.",Hostel/Provost Office
There seems to be an issue with the hostel security refund does not match the payment receipt. The application was submitted within the announced dates. I would be grateful if the responsible office could review the details instead of asking me to repeat the same process. I request verification and completion of the pending process.,Administrative Offices
I am having trouble because the computer lab software fails before the process is completed. I have already checked this more than once. I request technical support for this issue.,IT Services
Please check why the electrical sockets is not providing adequate service. This is especially difficult when the room is full. The concerned staff are requested to repair this promptly.,Maintenance & Facilities
"Please help, there is a problem with the hostel corridor lights requires inspection by hostel staff. The condition has been causing inconvenience for several days. Please inspect the issue and arrange the required solution.",Hostel/Provost Office
"I am writing regarding the classroom chairs is not working properly during class hours. The area is frequently used by students and staff. I have been trying to get this sorted out, but there has not been a clear resolution yet. Kindly resolve the maintenance problem at the earliest.",Maintenance & Facilities
I am facing an issue becuase the network connection is rejecting files that meet the stated requirements. I have already checked this more than once. Please investigate the error and update the service.,IT Services
"plz help, the drinking water supply is creating an uncomfortable environment in the room.",Maintenance & Facilities
I want to bring this issue to your attention: the fee correction application shows an incorrect amount. I would appreciate a clear status instead of being sent between offices. I would be grateful if the responsible offce could review the details instead of asking me to repeat the same process. I request verification and completion of the pending process.,Administrative Offices
the hostel security refund has not been forwarded to the concerned office. This matter has remained unresolved for several working days. I request verification and completion of the pending process.,Administrative Offices
"the room ceiling fan is not available at the stated time. This is affecting normal hostel routine. Because the issue is still unresolved, it is now affecting my normal university work. I request the Provost Office to look into this matter.",Hostel/Provost Office
the exam date sheet has not been updated even though the instructor confirmed the correction. Kindly review this issue and update the academic record.,Academic
the electrical sockets is not available when it is needed.,Maintenance & Facilities
the fee correction aplication has been pending without any clear update.,Administrative Offices
I want to bring this issue to your attention: the migration certificate has no status update despite repeated visits. The application was submitted within the announced dates. I would be grateful if the responsible office could review the details instead of asking me to repeat the same process. Kindly review the documents and process the request.,Administrative Offices
the quiz score still shows the old information after correction. Please check the matter before it affects my semester further.,Academic
"I need help because the thesis progress review shows a value that does not match the marks announced in class. The department office asked me to wait, but there has been no update. Please update the record according to the submitted documents.",Academic
the corridor lights is making a loud noise throughout lectures. The condition is affecting normal use of the area. Kindly send the maintenance team to inspect and fix it.,Maintenance & Facilities
I want to bring this issue to your attention: the result card was entered under the wrong course code. This issue is causing difficulty with my current semester planning. I would be grateful if the responsible offce could review the details instead of asking me to repeat the same process. I request the department to resolve this as soon as possible.,Academic
"the laboratory ventilation has loose parts that may cause an accident. Please send someone to inspect the location. Because the issue is still unresolved, it is now affecting my normal university work. Please check the problem and restore the facility.",Maintenance & Facilities
There seems to be an issue with the air conditioner is in poor condition and needs replacement. Please send someone to inspect the location. Please arrange repair as soon as possible.,Maintenance & Facilities
I want to report that the drainage line is producing a strong smell and needs maintenance. Kindly send the maintenance team to inspect and fix it.,Maintenance & Facilities
"There is a problem with the hostel water supply is causing problems for residents every day. Please check the hostel record for my earlier complaint. I have been trying to get this sorted out, but there has not been a clear resolution yet. Please take action and update me about the complaint.",Hostel/Provost Office
Can someone check why the exam date sheet is preventing me from completing registration. pls check the matter before it affects my semester further.,Academic
I would like to complain that the hostel gate procedure was handled differently from the stated hostel rules. I have already checked this more than once. Please handle the matter according to hostel policy.,Hostel/Provost Office
Could you please look into this: the official certificate request has no status update despite repeated visits. I have already visited the concerned office more than once. I would be grateful if the responsible office could review the details instead of asking me to repeat the same process. I request verification and completion of the pending process.,Administrative Offices
the accounts office receipt is being delayed because the counter staff keep asking me to return later. This matter has remained unresolved for several working days. Please correct the record and confirm the updated status.,Administrative Offices
"I am having trouble because the semester timetable is still missing from the student record. Because of this error, I am unable to proceed with the next academic step. Please update the record according to the submitted documents.",Academic
I would like to complain that the hostel corridor lights is making it difficult to stay in the room. I have already checked this more than once. Please resolve this hostel-related problem soon.,Hostel/Provost Office
"I have a problem, i am writing regarding the makeup exam request contains an error that is affecting my semester record. I have checked the portal more than once and the same problem remains. I have been trying to get this sorted out, but there has not been a clear resolution yet. can the offce confirm the correct status?",Academic
I am facing an issue because the semester timetable is preventing me from completing registration. Could the concerned office please confirm the correct status?,Academic
"This is getting difficult, please check why the lecture desk keeps stopping and starting. I have already checked this more than once. Please have this facility repaired or replaced.",Maintenance & Facilities
"Can someone check why my thesis supervision shows a value that does not match the marks announced in class. Because of this error, I am unable to proceed with the next academic step. I would be grateful if the responsible office could review the details instead of asking me to repeat the same process. Please check the matter before it affects my semester further.",Academic
I am facing an issue because course registration is preventing me from completing registration. Could the concerned office please confirm the correct status?,Academic
Could you please look into this: my midterm marks hasnt been updated even though the instructor confirmed the correction. Please update the recrod according to the submitted documents.,Academic
"Can someone check why the department printer is not connected to the campus network. The problem started recently and has continued since then. I have been trying to get this sorted out, but there has not been a clear resolution yet. Please restore access as soon as possible.",IT Services
I want to report that the drinking water supply is not providing adequate service. The issue becomes worse during afternoon classes. Please have this facility repaired or replaced.,Maintenance & Facilities
"the transcript is different from what appears on the departmental notice. I have checked the portal more than once and the same problem remains. Because the issue is still unresolved, it is now affecting my normal university work. Please update the record according to the submitted documents.",Academic
the hostel security desk is affecting basic hostel facilities. I request the Provost offce to look into this matter.,Hostel/Provost Office
I would like to complain that the campus network is not connected to the campus network. Please check whether there is an account or server-side problem. Please investigate the error and update the service.,IT Services
"Can someone check why the thesis progress review shows a value that does not match the marks announced in class. I need the corrected record for an upcoming academic requirement. I have been trying to get this sorted out, but there has not been a clear resolution yet. Could the concerned office please confirm the correct status?",Academic
the final exam reslt is different from what appears on the departmental notice. This issue is causing difficulty with my current semester planning. Kindly review this issue and update the academic record.,Academic
I want to report that the bonafide certificate has not been issued yet. I have already visited the concerned office more than once. I would be grateful if the responsible office could review the details instead of asking me to repeat the same process. Kindly review the documents and process the request.,Administrative Offices
"This is getting difficult, i need help because the toilet flush is damaged and unsafe to use. Please send someone to inspect the location. I have been trying to get this sorted out but there has not been a clear resolution yet. Please have this facility repaired or replaced.",Maintenance & Facilities
"This is getting difficult, could you please look into this: the bonafide certificate was entered under the wrong category. I need the document for another university process. Please ask the concerned administrative office to resolve this.",Administrative Offices
I am having trouble because the official certificate request has no status update despite repeated visits. Please verify the record with the accounts or registrar office. I would be grateful if the responsible office could review the details instead of asking me to repeat the same process. Please resolve the issue without further unnecessary delay.,Administrative Offices
I want to bring this issue to your attention: course registration does not reflect the form I submitted on time. I have already checked this more than once. Please verify the record and correct it.,Academic
Could you please look into this: the document attestation request is stuck between two administrative offices. This matter has remained unresolved for several working days. I would be grateful if the responsible office could review the details instead of asking me to repeat the same process. Please ask the concerned administrative office to resolve this.,Administrative Offices
I am facing an issue because the hostel gate procedure has not been repaired despite an earlier request. I have already submitted a request at the hostel office. Kindly inspect the issue and arrange the required solution.,Hostel/Provost Office
"I would like to complain that the lab internet connection has not been restored after an earlier complaint. I already changed the password, but the error remains. Kindly check the network or account configuration.",IT Services
the classroom ceiling is not providing adequate service. It would be better to repair it before the damage increases. Please arrange repair as soon as possible.,Maintenance & Facilities
"This is getting difficult, the toilet flush is leaking and making the floor wet. Please inspect the area and take the necessary action.",Maintenance & Facilities
I am facing an issue because the room cleanliness is causing unnecessary difficulty at night. The issue needs attention before it becomes more serious. Kindly inspect the issue and arrange the required solution.,Hostel/Provost Office
"the university server has not been restored after an earlier complaint. I reported this earlier to the IT desk but it is still unresolved. Because the issue is still unresolved, it is now affecting my normal university work. Please investigate the error and update the service.",IT Services
I am writing regarding course registration was changed without any explanation. I have already checked this more than once. Please verify the record and correct it.,Academic
"Sir please check, the lab internet connection does not recognize my account.",IT Services
I want to bring this issue to your attention: the printing system keeps disconnecting during use. I have already checked this more than once. Kindly check the network or account configuration.,IT Services
"Please help, the lab computer shows a server error repeatedly. I need access before the current submission deadline. The IT team is requested to inspect and correct this.",IT Services
Can someone check why my attendance record has been pending for several days. Other students in the same class can see the correct information. I would be grateful if the responsible office could review the details instead of asking me to repeat the same process. Please check the matter before it affects my semester further.,Academic
"There is a problemm with the exam date sheet was not accepted even though I met the deadline. Because of this error, I am unable to proceed with the next academic step. Please check the matter before it affects my semester further.",Academic
I would like to complain that the prerequisite approval has not been updated even though the instructor confirmed the correction. I already contacted the relevant teacher but the record is unchanged. Kindly investigate the discrepancy and make the required correction.,Academic
the admission fee record was submitted before the deadline but still shows pending. I need the document for another university process. Kindly check the application and provide an update.,Administrative Offices
"Can someone check why the backup generator is making a loud noise throughout lectures. pls send someone to inspect the location. I have been trying to get this sorted out, but there has not been a clear resolution yet. The concerned staff are requested to repair this promptly.",Maintenance & Facilities
"the hostel WiFi complaint record is causing unnecessary difficulty at night. I informed the hostel staff earlier, but the issue continues. becase the issue is still unresolved, it is now affecting my normal university work. The concerned hostel staff are requested to take action.",Hostel/Provost Office
I am facing an issue because the lecture desk has been left unrepaired since last week. The issue becomes worse during afternoon classes. I would be grateful if the responsible office could review the details instead of asking me to repeat the same process. Please check the problem and restore the facility.,Maintenance & Facilities
"I want to report that the quiz score has been pending for several days. I have checked the protal more than once and the same problem remains. I have been trying to get this sorted out, but there hasnt been a clear resolution yet. Please check the matter before it affects my semester further.",Academic
the LMS course page is rejecting files that meet the stated requirements. Restarting the device did not solve the issue. The IT team is requested to inspect and correct this.,IT Services
"There is a problem with the hostel corridor lights is causing unnecessary difficulty at night. I informed the hostel staff earlier, but the issue continues. Kindly inspect the issue and arrange the required solution.",Hostel/Provost Office
Please check why my clearance form shows an incorrect amount. Please verify the record with the accounts or registrar offce. I would be grateful if the responsible office could review the details instead of asking me to repeat the same process. Please process the request and correct the record.,Administrative Offices
the biometric attendance machine has not been restored after an earlier complaint. I request technical support for this issue.,IT Services
the registered credit hours is creating a clash with another registered course.,Academic
I would like to complain that the duplicate student card request does not match the payment receipt. I have already checked this more than once. Please correct the record and confirm the updated status.,Administrative Offices
Can someone check why the semester timetable was not accepted even though I met the deadline. I would appreciate verification from the concerned academic office. Could the concerned office please confirm the correct status?,Academic
I need help because the university WiFi shows an error whenever I try to submit work. I have already checked this more than once. Kindly ask IT support to resolve this problem.,IT Services
the email verification link shows a server error repeatedly. I request technical support for this issue.,IT Services
There is a problem with the parking area has been out of order for several days. I have already checked this more than once. Please have this facility repaired or replaced.,Maintenance & Facilities
There is a problem with the exam date sheet contains an error that is affecting my semester record. I would appreciate verification from the concerned academic offce. I would be grateful if the responsible office could review the details instead of asking me to repeat the same process. Kindly investigate the discrepancy and make the required correction.,Academic
"This is getting difficult, i want to report that my roommate issue has been pending with the hostel office. I informed the hostel staff earlier, but the issue continues. I have been trying to get this sorted out, but there has not been a clear resolution yet. Please have the warden or relevant staff check this issue.",Hostel/Provost Office
There is a problem with the LMS account works for a few minutes and then goes offline. This is affecting my ability to complete university work. Kindly check the network or account configuration.,IT Services
the corridor lights is creating an uncomfortable environment in the room. It would be better to repair it before the damage increases. Kindly send the maintenance team to inspect and fix it.,Maintenance & Facilities
"Can someone check why the migration certificate was supposed to be completed earlier but remains unresolved. The required documents and receipt were submitted. I have been trying to get this sorted out, but there has not been a clear resolution yet. The concerned office is requested to check and complete this matter.",Administrative Offices
There is a problem with the lecture desk has been out of order for several days. The issue becomes worse during afternoon classes. I would be grateful if the responsible office could review the details instead of asking me to repeat the same process. Kindly send the maintenance team to inspect and fix it.,Maintenance & Facilities
my university email does not accept my correct login details. Please check the account or system and fix the issue.,IT Services
"Can u check this, i am writing regarding the hostel security desk is creating hygiene concerns for residents. The problem is especially difficult during evening hours. I would be grateful if the responsible offce could review the details instead of asking me to repeat the same process. The concerned hostel staff are requested to take action.",Hostel/Provost Office
"the migration certificate has not been issued yet. Please verify the record with the accounts or registrar office. Because the issue is still unresolved, it is now affecting my normal university work. Please correct the record and confirm the updated status.",Administrative Offices
"There seems to be an issue with the registrar application contains incorrect student information. The counter staff asked me to check again later, but there is still no progress. Kindly check the application and provide an update.",Administrative Offices
my roommate issue has not been repaired despite an earlier request. Please resolve this hostel-related problem soon.,Hostel/Provost Office
I would like to complain that the lecture desk is blocked and water is collecting around it. Kindly resolve the maintenance problem at the earliest.,Maintenance & Facilities
the email verification link is showing outdated information. This is affecting my ability to complete university work. I request technical support for this issue.,IT Services
"I am facing an issue because the hostel water supply has not been updated in the hostel record. Several residents on the floor are facing the same problem. I have been trying to get this sorted out, but there has not been a clear resolution yet. Kindly have the warden or relevant staff check this issue.",Hostel/Provost Office
plz check why the bonafide certificate has been pending without any clear update. The counter staff asked me to check again later but there is still no progress. Please correct the record and confirm the updated status.,Administrative Offices
I am having trouble because the campus network has stopped working after the latest update. The issue occurs both in the lab and on my own device. I would be grateful if the responsible office could review the details instead of asking me to repeat the same process. Kindly ask IT support to resolve this problem.,IT Services
my attendance record was marked absent although I attended the class. I need the corrected record for an upcoming academic requirement. Please verify the record and correct it.,Academic
the air conditioner has been out of order for several days. The problem is now affecting more than one class. Kindly resolve the maintenance problem at the earliest.,Maintenance & Facilities
"Can u check this, the email verification link does not recognize my account.",IT Services
"the admission document is stuck between two administrative offices. The counter staff asked me to check again later, but there is still no progress. Please correct the record and confirm the updated status.",Administrative Offices
I am facing an issue because the admission document has no status update despite repeated visits. The delay is creating difficulty with my semester matters. Please process the request and correct the record.,Administrative Offices
"I would like to complain that the university WiFi has been unavailable since this morning. I already changed the password, but the error remains. I have been trying to get this sorted out, but there has not been a clear resolution yet. Please investigate the error and update the service.",IT Services
I am writing regarding my hostel room allocation is affecting basic hostel facilities. Kindly have the warden or relevant staff check this issue.,Hostel/Provost Office
"Please help, the lab internet connection has stopped working after the latest update. Please restore access as soon as possible.",IT Services
I am facing an issue because the bonafide certificate is stuck between two administrative offices. I need the document for another university process. Kindly check the application and provide an update.,Administrative Offices
I am having trouble because the scholarship payment shows an incorrect amount. I have already visited the concerned office more than once. Please ask the concerned administrative office to resolve this.,Administrative Offices
Can someone check why the result card shows a value that doesnt match the marks announced in class. I request the department to resolve this as soon as possible.,Academic
I am having trouble because course registration has not been shared with students. I have already checked this more than once. I request the department to resolve this as soon as possible.,Academic
the hot water facility is still unresolved after several days. The condition has been causing inconvenience for several days. Kindly have the warden or relevant staff check this issue.,Hostel/Provost Office
the computer lab software is showing outdated information. Other university websites are opening normally. The IT team is requested to inspect and correct this.,IT Services
Please check why the result card is preventing me from completing registration. This issue is causing difficulty with my current semester planning. I would be grateful if the responsible office could review the details instead of asking me to repeat the same process. Please verify the record and correct it.,Academic
I want to bring this issue to your attention: my roommate issue has been pending with the hostel office. I have already checked this more than once. Kindly have the warden or relevant staff check this issue.,Hostel/Provost Office
the water cooler is making a loud noise throughout lectures.,Maintenance & Facilities
the washroom taps is not providing adequate service. Please send someone to inspect the location. I request urgent maintenance of this issue.,Maintenance & Facilities
I want to report that my financial aid application is stuck between two administrative offices. I have already checked this more than once. Please correct the record and confirm the updated status.,Administrative Offices
the deparment printer shows a server error repeatedly. Restarting the device did not solve the issue. I request technical support for this issue.,IT Services
"I have a problem, i want to report that the lecture desk has been left unrepaired since last week. The problem is now affecting more than one class. The concerned staff are requested to repair this promptly.",Maintenance & Facilities
"There is a problem with the lecture desk is not providing adequate service. It would be better to repair it before the damage increases. I have been trying to get this sorted out, but there has not been a clear resolution yet. The concerned staff are requested to repair this promptly.",Maintenance & Facilities
"This is getting difficult, the classroom projector is not connected to the campus network. Restarting the device did not solve the issue. Because the issue is still unresolved, it is now affecting my normal university work. Please resolve the technical problem before the deadline.",IT Services
"Could you pls look into this: the classroom windows is leaking and making the floor wet. The facility is currently difficult to use safely. I have been trying to get this sorted out, but there has not been a clear resolution yet. I request urgent maintenance of this issue.",Maintenance & Facilities
the washroom taps is leaking and making the floor wet.,Maintenance & Facilities
Could you pls look into this: the viva schedule was marked absent although I attended the class. I have already checked this more than once. Could the concerned office please confirm the correct status?,Academic
"the registrar application shows an incorrect amount. I need the document for another university process. Because the issue is still unresolved, it is now affecting my normal university work. Please process the request and correct the record.",Administrative Offices
Please check why the thesis progress review was marked absent although I attended the class. The department ofice asked me to wait but there has been no update. I request the department to resolve this as soon as possible.,Academic
There is a problem with my attendance record was entered under the wrong course code. I would appreciate verification from the concerned academic office. I would be grateful if the responsible office could review the details instead of asking me to repeat the same process. Please check the matter before it affects my semester further.,Academic
"Please help, the toilet flush is creating an uncomfortable environment in the room. The condition is affecting normal use of the area. Please arrange repair as soon as possible.",Maintenance & Facilities
"This is getting difficult, please check why my roommate issue is creating repeated arguments among residents. The issue needs attention before it becomes more serious. I would be grateful if the responsible office could review the details instead of asking me to repeat the same process. Please handle the matter according to hostel policy.",Hostel/Provost Office
"the hot water facility requires inspection by hostel staff. The issue needs attention before it becomes more serious. Because the issue is still unresolved, it is now affecting my normal university work. Please take action and update me about the complaint.",Hostel/Provost Office
"I have a problem, could you please look into this: the hostel washroom is still unresolved after several days. The issue needs attention before it becomes more serious. Please ask the hostel administration to resolve it.",Hostel/Provost Office
the final exam result was uploaded late and now I cannot complete the next process.,Academic
I need help because the corridor lights has been out of order for several days. The problem is now affecting more than one class. The concerned staff are requested to repair this promptly.,Maintenance & Facilities
the hostel gate procedure is not being handled according to the hostel procedure. Several residents on the floor are facing the same problem. Please ask the hostel administration to resolve it.,Hostel/Provost Office
There seems to be an issue with the registered credit hours contains an error that is affecting my semester record. This issue is causing difficulty with my current semester planning. Please update the record according to the submitted documents.,Academic
I am having trouble because the corridor lights is not working properly during class hours. The facility is currently difficult to use safely. Kindly resolve the maintenance problem at the earliest.,Maintenance & Facilities
"Can u check this, my fee challan has no status update despite repeated visits. I have kept a copy of the submitted form and payment receipt. I request verification and completion of the pending process.",Administrative Offices
I am facing an issue because my attendance record was not accepted even though I met the deadline. Other students in the same class can see the correct information. Kindly review this issue and update the academic record.,Academic
the building staircase has broken fittings. pls arrange repair as soon as possible.,Maintenance & Facilities
There is a problem with the semester timetable shows a value that does not match the marks announced in class. I have already checked this more than once. Please recheck the entry and let me know once it is fixed.,Academic
"Can u check this, the room furniture is not being handled according to the hosel procedure. The warden was informed but I have not received any update. The concerned hostel staff are requested to take action.",Hostel/Provost Office
I want to bring this issue to your attention: the result card was entered under the wrong course code. Kindly investigate the discrepancy and make the required correction.,Academic
"Can u check this, can someone check why the lab computer does not send the verification message. The problem started recently and has continued since then. I would be grateful if the responsible office could review the details instead of asking me to repeat the same process. Please investigate the error and update the service.",IT Services
"I would like to complain that the hostel curfew entry was reported to the warden but no action has been taken. The condition has been causing inconvenience for several days. I have been trying to get this sorted out, but there has not been a clear resolution yet. Please handle the matter according to hostel policy.",Hostel/Provost Office
I would like to complain that the course section was changed without any explanation. I have already checked this more than once. Kindly review this issue and update the academic record.,Academic
I want to bring this issue to your attention: the migration certificate was entered under the wrong category. The application was submitted within the announced dates. I would be grateful if the responsible office could review the details instead of asking me to repeat the same process. Kindly check the application and provide an update.,Administrative Offices
"I have a problemm, the result card has not been shared with students.",Academic
I am facing an issue because the bonafide certificate has not been issued yet. I would appreciate a clear status instead of being sent between offices. Please resolve the issue without further unnecessary delay.,Administrative Offices
my degree verification request contains incorrect student information. I would appreciate a clear status instead of being sent between offices. The concerned office is requested to check and complete this matter.,Administrative Offices
I want to report that the hosel cleaning schedule is not being handled according to the hostel procedure. Please check the hostel record for my earlier complaint. Please ask the hostel administration to resolve it.,Hostel/Provost Office
the room cleanliness is causing unnecessary difficulty at night.,Hostel/Provost Office
the classroom chairs is causing difficulty for students during lectures. Kindly resolve the maintenance problem at the earliest.,Maintenance & Facilities
the washroom taps is making a loud noise throughout lectures. The area is frequently used by students and staff. Kindly resolve the maintenance problem at the earliest.,Maintenance & Facilities
"Im having trouble because the washroom plumbing is blocked and water is collecting around it. It would be better to repair it before the damage increases. I have been trying to get this sorted out, but there has not been a clear resolution yet. Please check the problem and restore the facility.",Maintenance & Facilities
Could you please look into this: the hostel corridor lights requires inspection by hostel staff. I request the Provost Office to look into this matter.,Hostel/Provost Office
"There is a problem with the room ceiling fan is creating hygiene concerns for residents. The warden was informed, but I have not received any update. I have been trying to get this sorted out, but there has not been a clear resolution yet. Please take action and update me about the complaint.",Hostel/Provost Office
There seems to be an issue with the fee correction application does not match the payment receipt. I have already checked this more than once. Please correct the record and confirm the updated status.,Administrative Offices
I am facing an issue because my hostel room allocation requires inspection by hostel staff. Please check the hostel record for my earlier complaint. I request the Provost Office to look into this matter.,Hostel/Provost Office
There seems to be an issue with the department printer is rejecting files that meet the stated requirements. I reported this earlier to the IT desk but it is still unresolved. I would be grateful if the responsible office could review the details instead of asking me to repeat the same process. Kindly ask IT support to resolve this problem.,IT Services
"Can someone check why the lab computer is not responding at all. I need access before the current submission deadline. I have been trying to get this sorted out, but there has not been a clear resolution yet. Please restore access as soon as possible.",IT Services
the campus network is showing outdated information. Please restore access as soon as possible.,IT Services
"This is getting difficult, i am writing regarding my attendance record was entered under the wrong course code. I need the corrected record for an upcoming academic requirement. Please update the record according to the submitted documents.",Academic
"Hi, the fee correction application is causing difficulty with another universty process. Please process the request and correct the record.",Administrative Offices
I want to report that my scholarship application is causing difficulty with another university process. The delay is creating difficulty with my semester matters. The concerned office is requested to check and complete this matter.,Administrative Offices
There seems to be an issue with the LMS account has been unavailable since this morning. This is affecting my ability to complete university work. Please restore access as soon as possible.,IT Services
"the classroom ceiling is not working properly during class hours. The issue becomes worse during afternoon classes. Because the issue is still unresolved, it is now affecting my normal university work. Please arrange repair as soon as possible.",Maintenance & Facilities
I need help because the mess timing is not working properly. The problem is especially difficult during evening hours. I would be grateful if the responsible office could review the details instead of asking me to repeat the same process. Kindly have the warden or relevant staff check this issue.,Hostel/Provost Office
the mess timing is not being handled according to the hostel procedure. The warden was informed but I have not received any update. Kindly have the warden or relevant staff check this issue.,Hostel/Provost Office
the hostel water supply is causing unnecessary difficulty at night.,Hostel/Provost Office
"the admission document shows an incorrect amount. This matter has remained unresolved for several working days. Because the issue is still unresolved, it is now affecting my normal university work. Please resolve the issue without further unnecessary delay.",Administrative Offices
Please check why the drinking water supply is causing difficulty for students during lectures. It would be better to repair it before the damage increases. Please check the problem and restore the facility.,Maintenance & Facilities
the hostel wter supply is causing problems for residents every day.,Hostel/Provost Office
I am facing an issue because the parking area is damaged and unsafe to use. I have already checked this more than once. Please arrange repair as soon as possible.,Maintenance & Facilities
"the classroom chairs is not providing adequate service. It would be better to repair it before the damage increases. Because the issue is still unresolved, it is now affecting my normal university work. I request urgent maintenance of this issue.",Maintenance & Facilities
"pleas check why the water cooler is blocked and water is collecting around it. This is especially difficult when the room is full. I have been trying to get this sorted out, but there has not been a clear resolution yet. Kindly send the maintenance team to inspect and fix it.",Maintenance & Facilities
I would like to complain that the hosel gate procedure is still unresolved after several days. I have already checked this more than once. Kindly inspect the issue and arrange the required solution.,Hostel/Provost Office
Can someone check why the quiz score still shows the old information after correction. Other students in the same class can see the correct information. Please check the matter before it affects my semester further.,Academic
Please check why the classroom windows is making a loud noise throughout lectures. Please arrange repair as soon as possible.,Maintenance & Facilities
the bonafide certificate was returned without explaining what is missing. pls process the request and correct the record.,Administrative Offices
the bonafide certificate was submitted before the deadline but still shows pending. I would appreciate a clear status instead of being sent between offices. The concerned office is requested to check and complete this matter.,Administrative Offices
the exam date sheet is still missing from the student recoard. Kindly review this issue and update the academic record.,Academic
I want to report that the biometric attendance machine has not been restored after an earlier complaint. I have already checked this more than once. The IT team is requested to inspect and correct this.,IT Services
the practical marks is still missing from the student record. Kindly investigate the discrepancy and make the required correction.,Academic
I need help because the parking area is making a loud noise throughout lectures. I have already checked this more than once. plz have this facility repaired or replaced.,Maintenance & Facilities
"This is getting difficult, could you pls look into this: the washroom taps has been out of order for several days. The area is frequently used by students and staff. I have been trying to get this sorted out, but there has not been a clear resolution yet. Please resolve the maintenance problem at the earliest.",Maintenance & Facilities
the biometric attendance machine has not been restored after an earlier complaint. Kindly ask IT support to resolve this problem.,IT Services
"Hi, can someone check why the accounts office receipt shows an incorrect amount. pls ask the concerned administrative office to resolve this.",Administrative Offices
course registration was marked absent although I attended the class. I have checked the portal more than once and the same problem remains. plz recheck the entry and let me know once it is fixed.,Academic
I want to report that the admission document was marked incomplete although all listed documents were attached. I have already checked this more than once. Please process the request and correct the record.,Administrative Offices
