text,department
the LMS course page shows an error whenever I try to submit work. I tried from more than one device and the problem is the same. I request technical support for this issue.,IT Services
I am having trouble because the LMS course page is preventing me from accessing course material. I have already checked this more than once. Please resolve the technical problem before the deadline.,IT Services
"the viva schedule was entered under the wrong course code. Because of this error, I am unable to proceed with the next academic step. Please recheck the entry and let me know once it is fixed.",Academic
"Can u check this, my clearance form is causing difficulty with another university process. I need the document for another university process. Please review the documents and process the request.",Administrative Offices
Please check why the toilet flush is blocked and water is collecting around it. Please check the problem and restore the facility.,Maintenance & Facilities
"the campus network is not responding at all. Other university websites are opening normally. Because the issue is still unresolved, it is now affecting my normal university work. Please check the account or system and fix the issue.",IT Services
Please check why the hot water facility was handled differently from the stated hostel rules. Several residents on the floor are facing the same problem. Kindly inspect the issue and arrange the required solution.,Hostel/Provost Office
I would like to complain that the admission document has not been approved even after verification. Kindly review the documents and process the request.,Administrative Offices
the hostle gate procedure is not being handled according to the hostel procedure.,Hostel/Provost Office
"I am having trouble because the quiz score does not reflect the form I submitted on time. The department office asked me to wait, but there has been no update. Please check the matter before it affects my semester further.",Academic
I am writing regarding the hostel WiFi complaint record is causing unnecessary difficulty at night. The concerned hostel staff are requested to take action.,Hostel/Provost Office
Please check why my CGPA has been pending for several days. I have already checked this more than once. Please check the matter before it affects my semester further.,Academic
"I am having trouble because the prerequisite approval does not include marks for work that I submitted. Because of this error, I am unable to proceed with the next academic step. I have been trying to get this sorted out, but there has not been a clear resolution yet. I request the department to resolve this as soon as possible.",Academic
"Can u check this, the fee refund request shows an incorrect amount.",Administrative Offices
the email verification link fails before the process is completed. I need access before the current submission deadline. Please resolve the technical problem before the deadline.,IT Services
my student card has not been approved even after verification.,Administrative Offices
my portal login shows an error whenever I try to submit work.,IT Services
the parking area keeps stopping and starting. The problemm is now affecting more than one class. Kindly resolve the maintenance problem at the earliest.,Maintenance & Facilities
"There is a problem with course registration was entered under the wrong course code. The department office asked me to wait, but there has been no update. Kindly review this issue and update the academic record.",Academic
I am facing an issue because the registered credit hours has not been updated even though the instructor confirmed the correction. Please verify the record and correct it.,Academic
the lab computer is not connected to the campus network. I reported this earlier to the IT desk but it is still unresolved. Kindly check the network or account configuration.,IT Services
"Hi, there seems to be an issue with the hostel water supply is creating repeated arguments among residents. I have already checked this more than once. Please take action and update me about the complaint.",Hostel/Provost Office
There is a problem with the duplicate student card request has been delayed beyond the stated processing time. I have already checked this more than once. Please ask the concerned administrative office to resolve this.,Administrative Offices
my CGPA still shows the old information after correction. I request the department to resolve this as soon as possible.,Academic
Please check why the admission status is not appearing in the official record. The application was submitted within the announced dates. I request verification and completion of the pending process.,Administrative Offices
the document attestation request does not match the payment receipt. I would appreciate a clear status instead of being sent between offices. Please correct the record and confirm the updated status.,Administrative Offices
"Sir please check, i am having trouble because the common room is creating repeated arguments among residents. I have already checked this more than once. Please handle the matter according to hostel policy.",Hostel/Provost Office
"This is getting difficult, could you please look into this: the admission status needs correction in the administrative record. I have already checked this more than once. Please check the application and provide an update.",Administrative Offices
I am facing an issue because the migration certificate was entered under the wrong category. I have already visited the concerned office more than once. I would be grateful if the responsible office could review the details instead of asking me to repeat the same process. Please resolve the issue without further unnecessary delay.,Administrative Offices
I am having trouble because the drainage line is causing difficulty for students during lectures. I have already checked this more than once. Kindly send the maintenance team to inspect and fix it.,Maintenance & Facilities
"There is a problem with the parking area is causing difficulty for students during lectures. A maintenance complaint was already reported, but the problem remains. I would be grateful if the responsible office could review the details instead of asking me to repeat the same process. Please inspect the area and take the necessary action.",Maintenance & Facilities
"the room change request is creating hygiene concerns for residents. The condition has been causing inconvenience for several days. Because the issue is still unresolved, it is now affecting my normal university work. I request the Provost Office to look into this matter.",Hostel/Provost Office
"the classroom fan is blocked and water is collecting around it. The facility is currently difficult to use safely. Because the issue is still unresolved, it is now affecting my normal universty work. The concerned staff are requested to repair this promptly.",Maintenance & Facilities
the hostel WiFi complaint record is causing unnecessary difficulty at night. I request the Provost Office to look into this matter.,Hostel/Provost Office
There is a problem with the duplicate student card request was returned without explaining what is missing. I have already checked this more than once. Please correct the record and confirm the updated status.,Administrative Offices
"the toilet flush is blocked and water is collecting around it. The area is frequently used by students and staff. Because the issue is still unresolved, it is now affecting my normal university work. Please inspect the area and take the necessary action.",Maintenance & Facilities
"Can u check this, i would like to complain that my fee challan needs correction in the administrative recrod. I would appreciate a clear status instead of being sent between offices. I have been trying to get this sorted out, but there has not been a clear resolution yet. Please correct the record and confirm the updated status.",Administrative Offices
I am having trouble because the thesis progress review does not reflect the form I submitted on time. I submitted the required applicaton before the deadline. I would be grateful if the responsible office could review the details instead of asking me to repeat the same process. Please recheck the entry and let me know once it is fixed.,Academic
I want to bring this issue to your attention: the classroom windows is making a loud noise throughout lectures. I have already checked this more than once. The concerned staff are requested to repair this promptly.,Maintenance & Facilities
"the printing system does not recognize my account. The issue occurs both in the lab and on my own device. Because the issue is still unresolved, it is now affecting my normal university work. Kindly ask IT support to resolve this problm.",IT Services
"I want to bring this issue to your attention: the classroom projector is preventing me from accessing course material. I already changed the password, but the error remains. I have been trying to get this sorted out, but there has not been a clear resolution yet. Please resolve the technical problem before the deadline.",IT Services
"Please help, the classroom chairs is creating an uncomfortable environment in the room. The concerned staff are requested to repair this promptly.",Maintenance & Facilities
my thesis supervision does not include marks for work that I submitted. pleas verify the record and correct it.,Academic
my scholarship application was marked incomplete although all listed documents were attached. Please ask the concerned administrative office to resolve this.,Administrative Offices
the result card has an incorrect total after the latest update. Please verify the record and correct it.,Academic
"I have a problem, the LMS course page is not syncing with my student account. Please ask IT support to resolve this problem.",IT Services
the mess food was handled differently from the stated hostel rules. Please check the hostel record for my earlier complaint. Kindly inspect the issue and arrange the required solution.,Hostel/Provost Office
"the LMS account does not accept my correct login details. I need access before the current submission deadline. Because the issue is still unresolved, it is now affecting my normal university work. Please check the account or system and fix the issue.",IT Services
"I have a problem, i am facing an issue because the common room has been pending with the hostel office. The condition has been causing inconvenience for several days. Please take action and update me about the complaint.",Hostel/Provost Office
the lab internet connection does not accept my correct login details. Other university websites are opening normally. Please resolve the technical problem before the deadline.,IT Services
"Can u check this, the quiz score does not include marks for work that I submitted. The supporting document was submitted at the department office. Because the issue is still unresolved, it is now affecting my normal university work. Please investigate the discrepancy and make the required correction.",Academic
I would like to complain that the hostel WiFi complaint record is making it difficult to stay in the room. I informed the hostel staff earlier but the issue continues. Kindly inspect the issue and arrange the required solution.,Hostel/Provost Office
"I am facing an issue because my CGPA does not include marks for work that I submitted. The department office asked me to wait, but there has been no update. Please verify the record and correct it.",Academic
"Sir please check, the hosel washroom is causing problems for residents every day. The problem is especially difficult during evening hours. Please ask the hostel administration to resolve it.",Hostel/Provost Office
the mess food requires inspection by hostel staff. The condition has been causing inconvenience for several days. Kindly have the warden or relevant staff check this issue.,Hostel/Provost Office
"Hi, i am writing regarding the lecture room lights has been left unrepaired since last week. Students are facing this problem every day. The concerned staff are requested to repair this promptly.",Maintenance & Facilities
the washroom plumbing is overflowing during busy hours.,Maintenance & Facilities
"Can u check this, there is a problem with the practical marks was uploaded late and now I cannot complete the next process. This issue is causing difficulty with my current semester planning. I request the department to resolve this as soon as possible.",Academic
"Please check why the room change request is not available at the stated time. The problem is especially difficult during evening hours. I have been trying to get this sorted out, but there has not been a clear resolution yet. Kindly have the warden or relevant staff check this issue.",Hostel/Provost Office
Could you please look into this: the classroom fan has broken fittings. I have already checked this more than once. Kindly resolve the maintenance problem at the earliest.,Maintenance & Facilities
"I am having trouble because the mess timing has not been updated in the hostel record. I have already submitted a request at the hostel office. I have been trying to get this sorted out, but there has not been a clear resolution yet. Kindly inspect the issue and arrange the required solution.",Hostel/Provost Office
I am having trouble because the room change request was handled differently from the stated hostel rules. This is affecting normal hostel routine. Please resolve this hostel-related problem soon.,Hostel/Provost Office
"I would like to complain that the projector connection is not syncing with my student account. I already changed the password, but the error remains. Kindly check the network or account configuration.",IT Services
my thesis supervision was marked absent although I attended the class. Kindly review this issue and update the academic record.,Academic
"I have a problem, the projector connection is showing outdated information.",IT Services
"the final exam result was marked absent although I attended the class. The supporting document was submitted at the department office. Because the issue is still unresolved, it is now affecting my normal university work. Could the concerned office please confirm the correct status?",Academic
"the classroom windows is not working properly during class hours. Please send someone to inspect the location. Because the issue is still unresolved, it is now affecting my normal university work. Kindly send the maintenance team to inspect and fix it.",Maintenance & Facilities
"This is getting difficult, can someone check why the corridor lights has been out of order for several days. Students are facing this problem every day. Please have this facility repaired or replaced.",Maintenance & Facilities
the printing system has stopped working after the latest update. Other university websites are opening normally. Please resolve the technical problem before the deadline.,IT Services
"my scholarship applicaton has not been processed even though the documents were submitted. The counter staff asked me to check again later, but there is still no progress. I request verification and completion of the pending process.",Administrative Offices
There seems to be an issue with the air conditioner is not providing adequate service. Please send someone to inspect the location. I request urgent maintenance of this issue.,Maintenance & Facilities
I am facing an issue because the lab internet connection works for a few minutes and then goes offline. pls restore access as soon as possible.,IT Services
"the online registration portal is not syncing with my student account. I already changed the password, but the error remains. I request technical support for this issue.",IT Services
"I want to report that my financial aid application was supposed to be completed earlier but remains unresolved. The counter staff asked me to check again later, but there is still no progress. Please process the request and correct the record.",Administrative Offices
the hostel gate procedure is creating hygiene concerns for residents. Kindly have the warden or relevant staff check this issue.,Hostel/Provost Office
Could you please look into this: the hostel curfew entry has not been updated in the hostel record. I have already checked this more than once. Please ask the hostel administration to resolve it.,Hostel/Provost Office
"Can u check this, could you please look into this: the classroom chairs has been out of order for several days. The issue becomes worse during afternoon classes. Please arrange repair as soon as possible.",Maintenance & Facilities
my financial aid application is not appearing in the official record. I would appreciate a clear status instead of being sent between offices. Kindly check the application and provide an update.,Administrative Offices
I am writing regarding the hostel security desk is not available at the stated time. I have already checked this more than once. Please take action and update me about the complaint.,Hostel/Provost Office
Can someone check why the university WiFi is preventing me from accessing course material. I already changed the password but the error remains. I would be grateful if the responsible office could review the details instead of asking me to repeat the same process. The IT team is requested to inspect and correct this.,IT Services
"Please help, the lecture room lights is not providing adequate service. The issue becomes worse during afternoon classes. Please send the maintenance team to inspect and fix it.",Maintenance & Facilities
"I want to report that my GPA calculation is still missing from the student record. Because of this error, I am unable to proceed with the next academic step. Could the concerned office please confirm the correct status?",Academic
the hostel corridor lights is causing unnecessary difficulty at night. Several residents on the floor are facing the same problem. Kindly have the warden or relevant staff check this issue.,Hostel/Provost Office
I would like to complain that my hostel room allocation is creating hygiene concerns for residents. The condition has been causing inconvenience for several days. Please ask the hostel administration to resolve it.,Hostel/Provost Office
There seems to be an issue with my GPA calculation was changed without any explanation. This issue is causing difficulty with my current semester planning. I would be grateful if the responsible office could review the details instead of asking me to repeat the same process. Please recheck the entry and let me know once it is fixed.,Academic
There is a problem with the laboratory ventilation is leaking and making the floor wet. I have already checked this more than once. Kindly resolve the maintenance problem at the earliest.,Maintenance & Facilities
I want to report that the fee correction application has not been processed even though the documents were submitted. Please process the request and correct the record.,Administrative Offices
There is a problm with the network connection is not connected to the campus network. I have already checked this more than once. Please restore access as soon as possible.,IT Services
"course registration does not reflect the form I submitted on time. Because of this error, I am unable to proceed with the next academic step. Kindly review this issue and update the academic recrod.",Academic
Could you pls look into this: the registered credit hours was entered under the wrong course code. I have already checked this more than once. Please update the record according to the submitted documents.,Academic
Can someone check why my fee challan is stuck between two administrative offices. I would appreciate a clear status instead of being sent between offices. Please process the request and correct the record.,Administrative Offices
"I have a problem, the semester timetable was changed without any explanation. The supporting document was submitted at the department ofice. I request the department to resolve this as soon as possible.",Academic
the email verification link keeps disconnecting during use.,IT Services
I want to bring this issue to your attention: the university server is not responding at all. I have already checked this more than once. pls check the account or system and fix the issue.,IT Services
"the hostel water supply is causing problems for residents every day. Please check the hostel record for my earlier complaint. Because the issue is still unresolved, it is now affecting my normal university work. Kindly have the warden or relevant staff check this issue.",Hostel/Provost Office
"This is getting difficult, could you plz look into this: the lecture desk has broken fittings. It would be better to repair it before the damage increases. I have been trying to get this sorted out but there has not been a clear resolution yet. I request urgent maintenance of this issue.",Maintenance & Facilities
"Sir please check, the drinking water supply is damaged and unsafe to use. Please have this facility repaired or replaced.",Maintenance & Facilities
I need help becase my clearance form was entered under the wrong category. I have already checked this more than once. Kindly review the documents and process the request.,Administrative Offices
There seems to be an issue with the parking area is not available when it is needed. I have already checked this more than once. The concerned staff are requested to repair this promptly.,Maintenance & Facilities
"Sir please check, my portal login is not responding at all. The problem started recently and has continued since then. Please check the account or system and fix the issue.",IT Services
I want to report that the laboratory ventilation is creating an uncomfortable environment in the room. It would be better to repair it before the damage increases. Please arrange repair as soon as possible.,Maintenance & Facilities
I want to report that the final exam result was changed without any explanation. Please update the record according to the submitted documents.,Academic
"I want to bring this issue to your attention: the hostel water supply is causing unnecessary difficulty at night. Please check the hostel record for my earlier complaint. I have been trying to get this sorted out, but there has not been a clear resolution yet. Please ask the hostel administration to resolve it.",Hostel/Provost Office
the assignment grade is preventing me from completing registration. Please update the record according to the submitted documents.,Academic
"Hi, the admission document was submitted before the deadline but still shows pending. I have kept a copy of the submitted form and payment receipt. I request verification and completion of the pending process.",Administrative Offices
"I am writing regarding the exam date sheet is still missing from the student record. becase of this error, I am unable to proceed with the next academic step. I have been trying to get this sorted out, but there hasnt been a clear resolution yet. Please verify the record and correct it.",Academic
"Please help, the practical marks does not include marks for work that I submitted. The departmnt office asked me to wait, but there has been no update. Please check the matter before it affects my semester further.",Academic
the hosel security desk is creating an uncomfortable living situation.,Hostel/Provost Office
"the lecture desk is leaking and making the floor wet. Students are facing this problem every day. Because the issue is still unresolved, it is now affecting my normal university work. Kindly send the maintenance team to inspect and fix it.",Maintenance & Facilities
"Im facing an issue because the lab internet connection is extremely slow during class hours. Restarting the device did not solve the issue. I have been trying to get this sorted out, but there has not been a clear resolution yet. Please investigate the error and update the service.",IT Services
"Please check why the backup generator has exposed wiring that should be inspected. It would be better to repair it before the damage increases. I have been trying to get this sorted out, but there has not been a clear resolution yet. I request urgent maintenance of this issue.",Maintenance & Facilities
course registration was not accepted even though I met the deadline. I already contacted the relevant teacher but the record is unchanged. Kindly investigate the discrepancy and make the required correction.,Academic
the classroom windows needs urgent cleaning and maintenance. Please check the problem and restore the facility.,Maintenance & Facilities
"Could you plz look into this: the document attestation request is not appearing in the official record. I would appreciate a clear status instead of being sent between offices. I have been trying to get this sorted out, but there hasnt been a clear resolution yet. I request verification and completion of the pending process.",Administrative Offices
the washroom taps is making a loud noise throughout lectures.,Maintenance & Facilities
Could you please look into this: the hostel washroom is creating an uncomfortable living situation. Kindly have the warden or relevant staff check this issue.,Hostel/Provost Office
the university server is showing outdated information.,IT Services
I want to bring this issue to your attention: the LMS account shows a server error repeatedly. I have already checked this more than once. Please investigate the error and update the service.,IT Services
"Hi, the classroom ceiling is blocked and water is collecting around it.",Maintenance & Facilities
"This is getting difficult, my GPA calculation does not include mraks for work that I submitted.",Academic
"the university WiFi has been unavailable since this morning. I already changed the password, but the error remains. Because the issue is still unresolved, it is now affecting my normal university work. Please restore access as soon as possible.",IT Services
the drinking water supply is blocked and water is collecting around it. pls send someone to inspect the location. Please inspect the area and take the necessary action.,Maintenance & Facilities
"Sir please check, please check why the biometric attendance machine is not responding at all. The problem started recently and has continued since then. I would be grateful if the responsible ofice could review the details instead of asking me to repeat the same process. Please check the account or system and fix the issue.",IT Services
I want to bring this issue to your attention: the final exam result was entered under the wrong course code. I have already checked this more than once. I request the department to resolve this as soon as possible.,Academic
"the admission document was returned without explaining what is missing. I have kept a copy of the submitted form and payment receipt. Because the issue is still unresolved, it is now affecting my normal university work. Kindly review the documents and process the request.",Administrative Offices
"I have a problem, i would like to complain that the computer lab software works for a few minutes and then goes offline. I reported this earlier to the IT desk but it is still unresolved. I request technical support for this issue.",IT Services
"Sir please check, my university email shows a server error repeatedly. This is affecting my ability to complete university work. Because the issue is still unresolved, it is now affecting my normal university work. The IT team is requested to inspect and correct this.",IT Services
the quiz score was uploaded late and now I cannot complete the next process. Please update the record according to the submitted documents.,Academic
"the practical marks was uploaded late and now I cannot complete the next process. I would appreciate verification from the concerned academic office. Because the issue is still unresolved, it is now affecting my normal university work. Could the concerned office please confirm the correct status?",Academic
I want to bring this issue to your attention: the admission fee record does not match the payment receipt. I have already checked this more than once. I request verification and completion of the pending process.,Administrative Offices
"Hi, the hostel curfew entry is not available at the stated time. The issue needs attention before it becomes more serious. Please have the warden or relevant staff check this issue.",Hostel/Provost Office
"This is getting difficult, i need help because the hostel security desk has not been repaired despite an earlier request. I have already submitted a request at the hostel office. Please inspect the issue and arrange the required solution.",Hostel/Provost Office
I need help because the classroom ceiling is overflowing during busy hours. It would be better to repair it before the damage increases. Kindly resolve the maintenance problem at the earliest.,Maintenance & Facilities
"I have a problem, please check why the result card has been pending for several days. I would appreciate verification from the concerned academic office. I have been trying to get this sorted out, but there has not been a clear resolution yet. Please verify the record and correct it.",Academic
the prerequisite approval contains an error that is affecting my semester recoard.,Academic
the prerequisite approval has not been shared with students. I already contacted the relevant teacher but the record is unchanged. Kindly investigate the discrepancy and make the required correction.,Academic
I would like to complain that the classroom windows is in poor condition and needs replacement. The condition is affecting normal use of the area. I would be grateful if the responsible office could review the details instead of asking me to repeat the same process. The concerned staff are requested to repair this promptly.,Maintenance & Facilities
"my roommate issue was handled differently from the stated hostel rules. I would like the matter to be handled according to hostel rules. Because the issue is still unresolved, it is now affecting my normal university work. Please resolve this hostel-related problem soon.",Hostel/Provost Office
I want to report that the practical marks is still missing from the student record. The supporting document was submitted at the department office. Kindly review this issue and update the academic record.,Academic
"I am facing an issue because the common room has not been resolved after repeated reporting. I informed the hostel staff earlier, but the issue continues. I request the Provost Office to look into this matter.",Hostel/Provost Office
"Please help, the hostel gate procedure is not being handled according to the hostel procedure. This is affecting normal hostel routine. Please take action and update me about the complaint.",Hostel/Provost Office
I would like to complain that the projector connection does not accept my correct login details. I have already checked this more than once. Please restore access as soon as possible.,IT Services
"Can someone check why the classroom chairs is in poor condition and needs replacement. Students are facing this problem every day. I have been trying to get this sorted out, but there has not been a clear resolution yet. Please have this facility repaired or replaced.",Maintenance & Facilities
I need help because the laundry area has become worse this week. I have already checked this more than once. Please handle the matter according to hostel policy.,Hostel/Provost Office
the hostel washroom is making it difficult to stay in the room. Please check the hostel record for my earlier complaint. Please resolve this hostel-related problem soon.,Hostel/Provost Office
"Hi, the scholarship payment is stuck between two administrative offices. Please resolve the issue without further unnecessary delay.",Administrative Offices
"my hostel room allocation is causing unnecessary difficulty at night. I informed the hostel staff earlier, but the issue continues. Because the issue is still unresolved, it is now affecting my normal university work. Please take action and update me about the complaint.",Hostel/Provost Office
the printing system does not recognize my account. I reported this earlier to the IT desk but it is still unresolved. The IT team is requested to inspect and correct this.,IT Services
"Sir please check, the university WiFi is rejecting files that meet the stated requirements. This is affecting my ability to complete university work. Because the issue is still unresolved, it is now affecting my normal university work. Please check the network or account configuration.",IT Services
the hostel gate procedure is affecting basic hostel facilities. Please resolve this hostel-related problem soon.,Hostel/Provost Office
I want to bring this issue to your attention: the computer lab software is preventing me from accessing course material. Please check whether there is an account or server-side problem. I request technical support for this issue.,IT Services
There is a problem with the classroom projector fails before the process is completed. The issue occurs both in the lab and on my own device. Please resolve the technical problem before the deadline.,IT Services
the room change request requires inspection by hostel staff. I informed the hostel staff earlier but the issue continues. Please handle the matter according to hostel policy.,Hostel/Provost Office
"I have a problem, there seems to be an issue with the washroom taps is making a loud noise throughout lectures. I have already checked this more than once. The concerned staff are requested to repair this promptly.",Maintenance & Facilities
I would like to complain that the makeup exam request has been pending for several days. Please verify the record and correct it.,Academic
I would like to complain that the fee refund request was marked incomplete although all listed documents were attached. The application was submitted within the announced dates. Kindly check the application and provide an update.,Administrative Offices
the washroom plumbing is leaking and making the floor wet. pls arrange repair as soon as possible.,Maintenance & Facilities
"I have a problem, i want to bring this issue to your attention: the admission document has not been processed even though the documents were submitted. Please resolve the issue without further unnecessary delay.",Administrative Offices
I need help because the department printer keeps disconnecting during use. I have already checked this more than once. I request technical support for this issue.,IT Services
the hostel security desk is affecting basic hostel facilities. I have already submitted a request at the hostel office. I request the Provost Office to look into this matter.,Hostel/Provost Office
"Please help, the classroom projector does not accept my correct login details. Please check the account or system and fix the issue.",IT Services
"There seems to be an issue with course registration is showing the wrong course information. I need the corrected record for an upcoming academic requirement. I have been trying to get this sorted out, but there has not been a clear resolution yet. Could the concerned office please confirm the correct status?",Academic
"Can someone check why my GPA calculation has an incorrect total after the latest update. I need the corrected record for an upcoming academic requirement. I have been trying to get this sorted out, but there has not been a clear resolution yet. Please verify the record and correct it.",Academic
the prerequisite approval has been pending for several days. Please recheck the entry and let me know once it is fixed.,Academic
I am writing regarding the document attestation request has been delayed beyond the stated processing time. I have already checked this more than once. Please resolve the issue without further unnecessary delay.,Administrative Offices
There is a problem with the water cooler is not working properly during class hours. Please send someone to inspect the location. I have been trying to get this sorted out but there has not been a clear resolution yet. The concerned staff are requested to repair this promptly.,Maintenance & Facilities
I want to report that the migration certificate has no status update despite repeated visits. I request verification and completion of the pending process.,Administrative Offices
There seems to be an issue with the final exam result was changed without any explanation. This issue is causing difficulty with my current semester planning. I would be grateful if the responsible office could review the details instead of asking me to repeat the same process. Kindly review this issue and update the academic record.,Academic
I am facing an issue because the admission document was submitted before the deadline but still shows pending. The application was submitted within the announced dates. I would be grateful if the responsible office could review the details instead of asking me to repeat the same process. Kindly check the application and provide an update.,Administrative Offices
"the university WiFi is showing outdated information. I tried from more than one device and the problem is the same. Because the issue is still unresolved, it is now affecting my normal university work. Kindly check the network or account configuration.",IT Services
There is a problem with the bonafide certificate was marked incomplete although all listed documents were attached. Please verify the record with the accounts or registrar office. The concerned office is requested to check and complete this matter.,Administrative Offices
I want to bring this issue to your attention: the result card is preventing me from completing registration. I have already checked this more than once. Kindly investigate the discrepancy and make the required correction.,Academic
"I have a problem, i am having trouble because the air conditioner is causing difficulty for students during lectures. I have already checked this more than once. Please inspect the area and take the necessary action.",Maintenance & Facilities
"I have a problem, can someone check why the common room is still unresolved after several days. I have already checked this more than once. Please inspect the issue and arrange the required solution.",Hostel/Provost Office
the scholarship payment was marked incomplete although all listed documents were attached. The required documents and receipt were submitted. Please ask the concerned administrative office to resolve this.,Administrative Offices
I am facing an issue because the hostel gate procedure is not working properly. The problem is especially difficult during evening hours. I would be grateful if the responsible office could review the details instead of asking me to repeat the same process. Kindly have the warden or relevant staff check this issue.,Hostel/Provost Office
"pleas help, i am writing regarding the washroom taps is making a loud noise throughout lectures. I have already checked this more than once. The concerned staff are requested to repair this promptly.",Maintenance & Facilities
the lecture room lights has not been repaired after an earlier complaint. Please check the problem and restore the facility.,Maintenance & Facilities
"Can u check this, the campus network shows a server error repeatedly. I reported this earlier to the IT desk but it is still unresolved. I request technical support for this issue.",IT Services
"This is getting difficult, the campus network shows an error whenever I try to submit work. plz check the account or system and fix the issue.",IT Services
the hostel cleaning schedule was handled differently from the stated hostel rules. The issue needs attention before it becomes more serious. Please handle the matter according to hostel policy.,Hostel/Provost Office
"my CGPA has not been updated even though the instructor confirmed the correction. I would appreciate verification from the concerned academic office. Because the issue is still unresolved, it is now affecting my normal university work. I request the department to resolve this as soon as possible.",Academic
"I need help because the password reset service is showing outdated information. I need access before the current submission deadline. I have been trying to get this sorted out, but there has not been a clear resolution yet. I request technical support for this issue.",IT Services
"pleas help, i would like to complain that the email verification link shows a server error repeatedly. I have already checked this more than once. Please investigate the error and update the service.",IT Services
the electrical sockets has been out of order for several days. The concerned staff are requested to repair this promptly.,Maintenance & Facilities
"the hostel corridor lights is not available at the stated time. The warden was informed, but I have not received any update. Kindly inspect the issue and arrange the required solution.",Hostel/Provost Office
"Can u check this, i want to report that the prerequisite approval has not been approved despite repeated follow-up. I submitted the required application before the deadline. I would be grateful if the responsible office could review the details instead of asking me to repeat the same process. Please investigate the discrepancy and make the required correction.",Academic
"Can u check this, there is a problem with the registrar application has no status update despite repeated visits. I would appreciate a clear status instead of being sent between offices. The concerned office is requested to check and complete this matter.",Administrative Offices
I am facing an issue because the hostel corridor lights has been pending with the hostel office. Several residents on the floor are facing the same problem. I request the Provost Office to look into this matter.,Hostel/Provost Office
I need help because the online registration portal has been unavailable since this morning. The problem started recently and has continued since then. I would be grateful if the responsible office could review the details instead of asking me to repeat the same process. The IT team is requested to inspect and correct this.,IT Services
"I have a problem, please check why the backup generator is leaking and making the floor wet. I have already checked this more than once. Please send the maintenance team to inspect and fix it.",Maintenance & Facilities
"This is getting difficult, the bonafide certificate has not been processed even though the documents were submited.",Administrative Offices
I want to bring this issue to your attention: the hostel room lock is creating repeated arguments among residents. This is affecting normal hostel routine. I would be grateful if the responsible office could review the details instead of asking me to repeat the same process. Kindly have the warden or relevant staff check this issue.,Hostel/Provost Office
"Sir please check, i am having trouble because my roommate issue has not been resolved after repeated reporting. This is affecting normal hostel routine. Please ask the hostel administration to resolve it.",Hostel/Provost Office
Can someone check why the university WiFi is not detecting the connected device. I have already checked this more than once. Please check the account or system and fix the issue.,IT Services
the building staircase is overflowing during busy hours. The condition is affecting normal use of the area. The concerned staff are requested to repair this promptly.,Maintenance & Facilities
the bonafide certificate needs correction in the administrative record. I have kept a copy of the submtted form and payment receipt. Please resolve the issue without further unnecessary delay.,Administrative Offices
I want to bring this issue to your attention: the makeup exam request contains an error that is affecting my semester record. I have already checked this more than once. Please verify the record and correct it.,Academic
"Can u check this, i am writing regarding the room cleanliness has not been updated in the hostel recoard. The concerned hostel staff are requested to take action.",Hostel/Provost Office
the room cleanliness is creating repeated arguments among residents.,Hostel/Provost Office
I am having trouble because the document attestation request was submitted before the deadline but still shows pending. I have already checked this more than once. Please resolve the issue without further unnecessary delay.,Administrative Offices
"Can u check this, the document attestation request has not been issued yet. Please ask the concerned administrative office to resolve this.",Administrative Offices
"Can someone check why the result card is showing the wrong course information. The department office asked me to wait, but there has been no update. Please recheck the entry and let me know once it is fixed.",Academic
"the viva schedule has an incorrect total after the latest update. I submitted the required application before the deadline. Because the issue is still unresolved, it is now affecting my normal university work. Could the concerned office please confirm the correct status?",Academic
I need help because the mess food is not available at the stated time. Please resolve this hostel-related problem soon.,Hostel/Provost Office
my fee challan was marked incomplete although all listed documents were attached. Please process the request and correct the record.,Administrative Offices
Im facing an issue because the air conditioner is blocked and water is collecting around it. The area is frequently used by students and staff. Please arrange repair as soon as possible.,Maintenance & Facilities
Can someone check why the fee refund request has not been forwarded to the concerned office. The required documents and receipt were submitted. Kindly review the documents and process the request.,Administrative Offices
Could you please look into this: the bonafide certificate was entered under the wrong category. Please correct the recoard and confirm the updated status.,Administrative Offices
"Sir please check, the room ceiling fan has been pending with the hostel office. Several residents on the floor are facing the same problem. Because the issue is still unresolved, it is now affecting my normal university work. Please handle the matter according to hostel policy.",Hostel/Provost Office
the hostel gate procedure is affecting basic hostel facilities. Please check the hostel record for my earlier complaint. Kindly have the warden or relevant staff check this issue.,Hostel/Provost Office
the registrar application is not appearing in the official record. Please ask the concerned administrative office to resolve this.,Administrative Offices
my scholarship application has been pending without any clear update. Please correct the record and confirm the updated status.,Administrative Offices
I am having trouble because the biometric attendance machine keeps disconnecting during use. Other university websites are opening normally. I would be grateful if the responsible office could review the details instead of asking me to repeat the same process. Please investigate the error and update the service.,IT Services
"Please help, i would like to complain that the classroom fan has been out of order for several days. Students are facing this problem every day. I would be grateful if the responsible office could review the details instead of asking me to repeat the same process. The concerned staff are requested to repair this promptly.",Maintenance & Facilities
"I would like to complain that the washroom taps is causing difficulty for students during lectures. A maintenance complaint was already reported, but the problem remains. plz have this facility repaired or replaced.",Maintenance & Facilities
"Can u check this, my clearance form has no status update despite repeated visits. Please verify the record with the accounts or registrar office. Because the issue is still unresolved, it is now affecting my normal university work. I request verification and completion of the pending process.",Administrative Offices
the backup generator needs urgent cleaning and maintenance. Please inspect the area and take the necessary action.,Maintenance & Facilities
"There is a problem with the online registration portal is not syncing with my student account. I need access before the current submission deadline. I have been trying to get this sorted out, but there has not been a clear resolution yet. Please restore access as soon as possible.",IT Services
I am facing an issue because the lab internet connection is not loading the required page. I have already checked this more than once. Please check the account or system and fix the issue.,IT Services
the computer lab software has not been restored after an earlier complaint.,IT Services
I am having trouble because the hostel WiFi complaint record is not working properly. The concerned hostel staff are requested to take action.,Hostel/Provost Office
"the fee correction application is being delayed because the counter staff keep asking me to return later. The counter staff asked me to check again later, but there is still no progress. Please correct the record and confirm the updatd status.",Administrative Offices
"I am facing an issue because the bonafide certificate has not been approved even after verification. I have kept a copy of the submitted form and payment receipt. I have been trying to get this sorted out, but there has not been a clear resolution yet. Please ask the concerned administrative office to resolve this.",Administrative Offices
I am writing regarding the room furniture was reported to the warden but no action has been taken. I have already checked this more than once. Please take action and update me about the complant.,Hostel/Provost Office
"I want to bring this issue to your attention: the department printer is rejecting files that meet the stated requirements. This is affecting my ability to complete university work. I have been trying to get this sorted out, but there has not been a clear resolution yet. I request technical support for this issue.",IT Services
Can someone check why the biometric attendance machine shows a server error repeatedly. I have already checked this more than once. Kindly ask IT support to resolve this problem.,IT Services
the LMS course page shows an error whenever I try to submit work. I reported this earlier to the IT desk but it is still unresolved. Please resolve the technical problem before the deadline.,IT Services
I am facing an issue because the common room has not been updated in the hostel record. Several residents on the floor are facing the same problem. Kindly have the warden or relevant staff check this issue.,Hostel/Provost Office
I want to bring this issue to your attention: the mess timing is making it difficult to stay in the room. The problem is especially difficult during evening hours. I would be grateful if the responsible office could review the details instead of asking me to repeat the same process. I request the Provost Office to look into this matter.,Hostel/Provost Office
"the prerequisite approval does not include marks for work that I submitted. Other students in the same class can see the correct information. Because the issue is still unresolved, it is now affecting my normal university work. Kindly investigate the discrepancy and make the required correction.",Academic
"the electrical sockets has exposed wiring that should be inspected. A maintenance complaint was already reported, but the problemm remains. Please have this facility repaired or replaced.",Maintenance & Facilities
I want to report that the viva schedule has an incorrect total after the latest update. I have already checked this more than once. Kindly investigate the discrepancy and make the required correction.,Academic
Can someone check why the course section was uploaded late and now I cannot complete the next process. Please update the record according to the submitted documents.,Academic
"the network connection shows an error whenever I try to submit work. I need access before the current submission deadline. Because the issue is still unresolved, it is now affecting my normal university work. Kindly check the network or account configuration.",IT Services
the course section was entered under the wrong course code. I submitted the required application before the deadline. Kindly investigate the discrepancy and make the required correction.,Academic
the room cleanliness is creating hygiene concerns for residents. This is affecting normal hostel routine. Kindly have the warden or relevant staff check this issue.,Hostel/Provost Office
I would like to complain that the classroom fan is not providing adequate service. The area is frequently used by students and staff. Kindly resolve the maintenance problem at the earliest.,Maintenance & Facilities
my attendance record shows a value that does not match the marks announced in class. Kindly investigate the discrepancy and make the required correction.,Academic
I want to bring this issue to your attention: the classroom fan has exposed wiring that should be inspected. Students are facing this problem every day. Kindly resolve the maintenance problem at the earliest.,Maintenance & Facilities
"I am having trouble because the final exam result has not been updated even though the instructor confirmed the correction. The department office asked me to wait, but there has been no update. I have been trying to get this sorted out, but there has not been a clear resolution yet. Please check the matter before it affects my semester further.",Academic
"the registered credit hours is different from what appears on the departmental notice. I would appreciate verification from the concerned academic office. Because the issue is still unresolved, it is now affecting my normal university work. Could the concerned office please confirm the correct status?",Academic
"This is getting difficult, the LMS course page shows an error whenever I try to submit work.",IT Services
Please check why the document attestation request has not been processed even though the documents were submitted. Please process the request and correct the record.,Administrative Offices
I am having trouble because the biometric attendance machine has not been restored after an earlier complaint. I have already checked this more than once. I request technical support for this issue.,IT Services
Could you please look into this: the duplicate student card request needs correction in the administrative record. I have already visited the concerned office more than once. I would be grateful if the responsible office could review the details instead of asking me to repeat the same process. Please ask the concerned administrative office to resolve this.,Administrative Offices
the toilet flush is overflowing during busy hours.,Maintenance & Facilities
the hostel curfew entry has not been repaired despite an earlier request. I have already submitted a request at the hostel office. Please handle the matter according to hostel policy.,Hostel/Provost Office
"the LMS account fails before the process is completed. Restarting the device did not solve the issue. Because the issue is still unresolved, it is now affecting my normal university work. Please investigate the error and update the service.",IT Services
the assignment grade shows a value that does not match the marks announced in class. I have checked the portal more than once and the same problem remains. Kindly investigate the discrepancy and make the required correction.,Academic
"I would like to complain that the registered credit hours doesnt include marks for work that I submitted. Because of this error, Im unable to proceed with the next academic step. Kindly review this issue and update the academic record.",Academic
I am facing an issue because the building staircase is blocked and water is collecting around it. I have already checked this more than once. Kindly send the maintenance team to inspect and fix it.,Maintenance & Facilities
"Sir please check, i am having trouble because the university WiFi is extremely slow during class hours. This is affecting my ability to complete university work. I would be grateful if the responsible office could review the details instead of asking me to repeat the same process. Please resolve the technical problemm before the deadline.",IT Services
"the classroom fan is overflowing during busy hours. The facility is currently difficult to use safely. Because the issue is still unresolved, it is now affecting my normal university work. Please arrange repair as soon as possible.",Maintenance & Facilities
the air conditioner has been left unrepaired since last week. The condition is affecting normal use of the area. Please have this facility repaired or replaced.,Maintenance & Facilities
course registration was not accepted even though I met the deadline. Please recheck the entry and let me know once it is fixed.,Academic
I am writing regarding the official certificate request shows an incorrect amount. This matter has remained unresolved for several working days. Kindly review the documents and process the request.,Administrative Offices
I want to bring this issue to your attention: the transcript does not reflect the form I submitted on time. I have already checked this more than once. Could the concerned office please confirm the correct status?,Academic
the hostel water supply is creating hygiene concerns for residents. The condition has been causing inconvenience for several days. Kindly have the warden or relevant staff check this issue.,Hostel/Provost Office
I am facing an issue because the corridor lights is creating an uncomfortable environment in the room. I have already checked this more than once. Please check the problem and restore the facility.,Maintenance & Facilities
the toilet flush is blocked and water is collecting around it. The problem is now affecting more than one class. Kindly resolve the maintenance problem at the earliest.,Maintenance & Facilities
"I would like to complain that the duplicate student card request was returned without explaining what is missing. The counter staff asked me to check again later, but there is still no progress. Please resolve the issue without further unnecessary delay.",Administrative Offices
I am having trouble becase the fee refund request has not been issued yet. I request verification and completion of the pending process.,Administrative Offices
"I want to bring this issue to your attention: the parking area keeps stopping and starting. A maintenance complaint was already reported, but the problem remains. Please have this facility repaired or replaced.",Maintenance & Facilities
my financial aid application does not match the payment receipt.,Administrative Offices
"Hi, there seems to be an issue with my degree verification request has not been approved even after verification. I have already checked this more than once. I request verification and completion of the pending process.",Administrative Offices
"Can u check this, the computer lab software works for a few minutes and then goes offline. I need access before the current submission deadline. Because the issue is still unresolved, it is now affecting my normal university work. Please resolve the technical problem before the deadline.",IT Services
I want to bring this issue to your attention: the university server is extremely slow during class hours. Kindly check the network or account configuration.,IT Services
the biometric attendance machine is not loading the required page. The IT team is requested to inspect and correct this.,IT Services
"Sir pls check, there seems to be an issue with my fee challan needs correction in the administrative record. Please check the application and provide an update.",Administrative Offices
the assignment grade was uploaded late and now I cannot complete the next process. The supporting document was submitted at the department office. Please update the record according to the submitted documents.,Academic
I want to report that my portal login fails before the process is completed. I have already checked this more than once. The IT team is requested to inspect and correct this.,IT Services
There seems to be an issue with my fee challan was entered under the wrong category. I have already checked this more than once. Please resolve the issue without further unnecessary delay.,Administrative Offices
"Sir please check, i need help becuase the prerequisite approval still shows the old information after correction. I have already checked this more than once. Please recheck the entry and let me know once it is fixed.",Academic
the final exam reuslt was uploaded late and now I cannot complete the next process. Please verify the record and correct it.,Academic
I am facing an issue because the biometric attendance machine does not send the verification message. I have already checked this more than once. The IT team is requested to inspect and correct this.,IT Services
the transcript still shows the old information after correction. Other students in the same class can see the correct information. Could the concerned office please confirm the correct status?,Academic
"Sir please check, there seems to be an issue with the common room is still unresolved after several days. Please resolve this hostel-related problem soon.",Hostel/Provost Office
I am facing an issue becuase the LMS account fails before the process is completed. The IT team is requested to inspect and correct this.,IT Services
"the result card has been pending for several days. I submitted the required application before the deadline. Because the issue is still unresolved, it is now affecting my normal university work. I request the department to resolve this as soon as possible.",Academic
"Please check why the transcript has been pending for several days. Other students in the same class can see the correct information. I have been trying to get this sorted out, but there has not been a clear resolution yet. Please update the record according to the submitted documents.",Academic
the accounts office receipt is being delayed because the counter staff keep asking me to return later. Please process the request and correct the record.,Administrative Offices
the viva schedule was marked absent although I attended the class. The supporting document was submitted at the department office. Please check the matter before it affects my semester further.,Academic
the semester timetable has not been shared with students.,Academic
the room cleanliness was handled differently from the stated hostel rules. The issue needs attention before it becomes more serious. Please resolve this hostel-related problem soon.,Hostel/Provost Office
I am writing regarding the classroom ceiling is not available when it is needed. I have already checked this more than once. The concerned staff are requested to repair this promptly.,Maintenance & Facilities
my portal login is rejecting files that meet the stated requirements. Restarting the device did not solve the issue. Kindly check the network or account configuration.,IT Services
Can someone check why the air conditioner has been left unrepaired since last week. The area is frequently used by students and staff. Kindly send the maintenance team to inspect and fix it.,Maintenance & Facilities
I am facing an issue because the parking area has been out of order for several days. Please send someone to inspect the location. Please have this facility repaired or replaced.,Maintenance & Facilities
I need help because the hot water facility hasnt been updated in the hostel record. Please ask the hostel administration to resolve it.,Hostel/Provost Office
the document attestation request was entered under the wrong category. I have kept a copy of the submitted form and payment receipt. Please correct the record and confirm the updated status.,Administrative Offices
"Sir please check, my degree verification request is stuck between two administrative offices. This matter has remained unresolved for several working days. Because the issue is still unresolved, it is now affecting my normal university work. The concerned office is requested to check and complete this matter.",Administrative Offices
"This is getting difficult, there is a problem with the room cleanliness is making it difficult to stay in the room. I have already submitted a request at the hostel office. Please take action and update me about the complaint.",Hostel/Provost Office
Could you please look into this: the result card is still missing from the student record. I would appreciate verification from the concerned academic office. Please check the matter before it affects my semester further.,Academic
I want to bring this issue to your attention: the department elevator is not available when it is needed. I have already checked this more than once. Please arrange repair as soon as possible.,Maintenance & Facilities
Im facing an issue because the hot water facility is making it difficult to stay in the room. Kindly have the warden or relevant staff check this issue.,Hostel/Provost Office
"I need help because the laboratory ventilation is creating an uncomfortable environment in the room. A maintenance complaint was already reported, but the problem remains. Please arrange repair as soon as possible.",Maintenance & Facilities
"This is getting difficult, i want to report that the university WiFi fails before the process is completed. I reported this earlier to the IT desk but it is still unresolved. Please check the network or account configuration.",IT Services
There is a problem with my degree verification request hasnt been processed even though the documents were submitted. I have already checked this more than once. Kindly review the documents and process the request.,Administrative Offices
"I have a problem, the email verification link is showing outdated information.",IT Services
There is a problem with the drinking water supply is making a loud noise throughout lectures. The issue becomes worse during afternoon classes. Please have this facility repaired or replaced.,Maintenance & Facilities
"Sir please check, my university email keeps disconnecting during use. The IT team is requested to inspect and correct this.",IT Services
"Please help, there is a problem with the makeup exam request contains an error that is affecting my semester record. Other students in the same class can see the correct information. I request the department to resolve this as soon as possible.",Academic
There is a problem with the laundry area requires inspection by hostel staff. I have already checked this more than once. Please resolve this hostel-related problem soon.,Hostel/Provost Office
the migration certificate doesnt match the payment receipt. The delay is creating difficulty with my semester matters. The concerned office is requested to check and complete this matter.,Administrative Offices
"pls help, i am facing an issue because the admission document was marked incomplete although all listed documents were attached. Please verify the record with the accounts or registrar office. Please ask the concerned administrative office to resolve this.",Administrative Offices
I want to bring this issue to your attention: the transcript is creating a clash with another registered course. Other students in the same class can see the correct information. I would be grateful if the responsible office could review the details instead of asking me to repeat the same process. Kindly investigate the discrepancy and make the required correction.,Academic
the fee correction application shows an incorrect amount. Please ask the concerned administrative office to resolve this.,Administrative Offices
I am having trouble becase the accounts office receipt was returned without explaining what is missing. I have already checked this more than once. Please process the request and correct the record.,Administrative Offices
I want to bring this issue to your attention: the hostel water supply was reported to the warden but no action has been taken. I have already checked this more than once. Please ask the hostel administration to resolve it.,Hostel/Provost Office
"I have a problem, could you please look into this: the prerequisite approval is preventing me from completing registration. Please verify the record and correct it.",Academic
There seems to be an issue with the accounts office receipt has not been issued yet. I have already visited the concerned office more than once. I would be grateful if the responsible office could review the details instead of asking me to repeat the same process. pleas correct the record and confirm the updated status.,Administrative Offices
the assignment grade is still missing from the student record. I request the department to resolve this as soon as possible.,Academic
I need help because the hostel gate procedure is not working properly. Please check the hostel record for my earlier complaint. Please resolve this hostel-related problem soon.,Hostel/Provost Office
I am facing an issue because the registrar application has no status update despite repeated visits. I have already checked this more than once. Kindly check the application and provide an update.,Administrative Offices
"This is getting difficult, the hostel corridor lights has not been resolved after repeated reporting.",Hostel/Provost Office
There is a problem with the room ceiling fan is not working properly. The concerned hostel staff are requested to take action.,Hostel/Provost Office
"Hi, the electrical sockets is damaged and unsafe to use. It would be better to repair it before the damage increases. Please have this facility repaired or replaced.",Maintenance & Facilities
"Sir please check, please check why the document attestation request is causing difficulty with another university process. The delay is creating difficulty with my semester matters. Please correct the record and confirm the updated status.",Administrative Offices
Could you please look into this: the common room is not available at the stated time. The warden was informed but I have not received any update. Please handle the matter according to hostel policy.,Hostel/Provost Office
"the course section does not reflect the form I submitted on time. I need the corrected record for an upcoming academic requirement. Because the issue is still unresolved, it is now affecting my normal university work. pls check the matter before it affects my semester further.",Academic
I am writing regarding the department elevator is making a loud noise throughout lectures. I have already checked this more than once. Please inspect the area and take the necessary action.,Maintenance & Facilities
Im facing an issue because the printing system has not been restored after an earlier complaint. I have already checked this more than once. Please restore access as soon as possible.,IT Services
the viva schedule is preventing me from completing registration. Please update the record according to the submitted documents.,Academic
"the hostel washroom is still unresolved after several days. I informed the hostel staff earlier, but the issue continues. Because the issue is still unresolved, it is now affecting my normal university work. Kindly inspect the issue and arrange the required solution.",Hostel/Provost Office
Could you please look into this: the university server is not responding at all. I tried from more than one device and the problem is the same. Please investigate the error and update the service.,IT Services
I need help because my student card was supposed to be completed earlier but remains unresolved. Please verify the record with the accounts or registrar office. Please process the request and correct the record.,Administrative Offices
"Can u check this, please check why the washroom plumbing has broken fittings. This is especially difficult when the room is full. Please have this facility repaired or replaced.",Maintenance & Facilities
"I want to report that the air conditioner has broken fittings. The issue becomes worse during afternoon classes. I have been trying to get this sorted out, but there has not been a clear resolution yet. Kindly resolve the maintenance problem at the earliest.",Maintenance & Facilities
Im facing an issue because the biometric attendance machine is not detecting the connected device. I have already checked this more than once. The IT team is requested to inspect and correct this.,IT Services
"Please help, please check why course registration was changed without any explanation. I have already checked this more than once. Please investigate the discrepancy and make the required correction.",Academic
"the semester timetable shows a value that does not match the mraks announced in class. The department office asked me to wait, but there has been no update. Please check the matter before it affects my semester further.",Academic
"the result card shows a value that does not match the marks announced in class. The department office asked me to wait, but there has been no update. Because the issue is still unresolved, it is now affecting my normal university work. Please update the record according to the submitted documents.",Academic
the university WiFi fails before the process is completed. Kindly ask IT support to resolve this problm.,IT Services
"This is getting difficult, the classroom fan keeps stopping and starting. The concerned staff are requested to repair this promptly.",Maintenance & Facilities
the scholarship payment does not match the payment receipt. I need the document for another university process. Please process the request and correct the recoard.,Administrative Offices
Please check why the water cooler has broken fittings. The issue becomes worse during afternoon classes. Please have this facility repaired or replaced.,Maintenance & Facilities
the campus network has stopped working after the latest update. I tried from more than one device and the problem is the same. Please check the account or system and fix the issue.,IT Services
"Can u check this, the hostle corridor lights is not being handled according to the hostel procedure.",Hostel/Provost Office
"the corridor lights has exposed wiring that should be inspected. A maintenance complaint was already reported, but the problem remains. Please arrange repair as soon as possible.",Maintenance & Facilities
the accounts office receipt has been pending without any clear update. The delay is creating difficulty with my semester matters. Kindly review the documents and process the request.,Administrative Offices
"I have a problem, the LMS account has not been restored after an earlier complaint. I reported this earlier to the IT desk but it is still unresolved. Please investigate the error and update the service.",IT Services
the LMS account is extremely slow during class hours. The IT team is requested to inspect and correct this.,IT Services
"Please help, the semester timetable doesnt reflect the form I submitted on time. The department office asked me to wait, but there has been no update. Because the issue is still unresolved, it is now affecting my normal university work. can the office confirm the correct status?",Academic
I am having trouble because the campus network is not connected to the campus network. This is affecting my ability to complete university work. Kindly check the network or account configuration.,IT Services
"Can u check this, i am facing an issue because the parking area has been left unrepaired since last week. This is especially difficult when the room is full. I request urgent maintenance of this issue.",Maintenance & Facilities
the classroom chairs is overflowing during busy hours. The issue becomes worse during afternoon classes. Please arrange repair as soon as possible.,Maintenance & Facilities
"Can u check this, i want to report that the assignment grade has an incorrect total after the latest update. Other students in the same class can see the correct information. I have been trying to get this sorted out, but there has not been a clear resolution yet. pleas investigate the discrepancy and make the required correction.",Academic
the fee refund request shows an incorrect amount. The required documents and receipt were submitted. Kindly check the application and provide an update.,Administrative Offices
There seems to be an issue with the classroom chairs is overflowing during busy hours. Please send someone to inspect the location. Kindly send the maintenance team to inspect and fix it.,Maintenance & Facilities
"Can u check this, i would like to complain that the air conditioner is not working properly during class hours. I have already checked this more than once. The concerned staff are requested to repair this promptly.",Maintenance & Facilities
"Can u check this, the fee correction application contains incorrect student information. Please correct the record and confirm the updated status.",Administrative Offices
"Could you please look into this: the biometric attendance machine does not recognize my account. I already changed the password, but the error remains. Please check the account or system and fix the issue.",IT Services
the hot water facility was reported to the warden but no action has been taken. The concerned hostel staff are requested to take action.,Hostel/Provost Office
"I am facing an issue because my university email fails before the process is completed. The issue occurs both in the lab and on my own device. I have been trying to get this sorted out, but there hasnt been a clear resolution yet. Kindly ask IT support to resolve this problm.",IT Services
Can someone check why the building staircase has exposed wiring that should be inspected. Please send someone to inspect the location. I would be grateful if the responsible office could review the details instead of asking me to repeat the same process. I request urgent maintenance of this issue.,Maintenance & Facilities
Im having trouble because the classroom ceiling is in poor condition and needs replacement. I have already checked this more than once. Please inspect the area and take the necessary action.,Maintenance & Facilities
the classroom ceiling is not providing adequate service. Kindly send the maintenance team to inspect and fix it.,Maintenance & Facilities
"Please help, could you please look into this: the university WiFi is extremely slow during class hours. I have already checked this more than once. Please check the account or system and fix the issue.",IT Services
I want to report that the email verification link is not syncing with my student account. I have already checked this more than once. I request technical support for this issue.,IT Services
I am facing an issue because the laundry area has not been repaired despite an earlier request. Please handle the matter according to hostel policy.,Hostel/Provost Office
"This is getting difficult, i am writing regarding the bonafide certificate does not match the payment receipt. I have already checked this more than once. I request verification and completion of the pending process.",Administrative Offices
"Sir please check, i need help because my scholarship application has not been approved even after verification. The delay is creating difficulty with my semester matters. I have been trying to get this sorted out, but there has not been a clear resolution yet. Please process the request and correct the record.",Administrative Offices
"Can u check this, i would like to complain that the hostel water supply is creating an uncomfortable living situation. I have already checked this more than once. Please handle the matter according to hostel policy.",Hostel/Provost Office
my university email keeps disconnecting during use. Restarting the device did not solve the issue. I request technical support for this issue.,IT Services
the studnet portal is not syncing with my student account. I need access before the current submission deadline. I request technical support for this issue.,IT Services
"I have a problem, there is a problem with the laboratory ventilation has loose parts that may cause an accident. Please send someone to inspect the location. I have been trying to get this sorted out, but there has not been a clear resolution yet. Please arrange repair as soon as possible.",Maintenance & Facilities
"Can someone check why the corridor lights has been left unrepaired since last week. It would be better to repair it before the damage increases. I have been trying to get this sorted out, but there has not been a clear resolution yet. The concerned staff are requested to repair this promptly.",Maintenance & Facilities
the student protal is showing outdated information. The IT team is requested to inspect and correct this.,IT Services
"the hostel water supply is creating hygiene concerns for residents. The issue needs attention before it becomes more serious. Because the issue is still unresolved, it is now affecting my normal university work. Please ask the hostel administration to resolve it.",Hostel/Provost Office
my university email is not connected to the campus network.,IT Services
I need help because the scholarship payment has no status update despite repeated visits. I request verification and completion of the pending process.,Administrative Offices
"Can u check this, i am having trouble because the hostel WiFi complaint record was handled differently from the stated hostel rules. I would like the matter to be handled according to hostel rules. The concerned hostel staff are requested to take action.",Hostel/Provost Office
There seems to be an issue with the assignment grade does not reflect the form I submtted on time. Other students in the same class can see the correct information. Please verify the record and correct it.,Academic
the online registration portel does not recognize my account. I request technical support for this issue.,IT Services
the admission status was submitted before the deadline but still shows pending. I need the document for another university process. Please ask the concerned administrative office to resolve this.,Administrative Offices
"This is getting difficult, the final exam result has an incorrect total after the latest update. Please investigate the discrepancy and make the required correction.",Academic
"There is a problem with my scholarship application was submitted before the deadline but still shows pending. The application was submitted within the announced dates. I have been trying to get this sorted out, but there has not been a clear resolution yet. I request verification and completion of the pending process.",Administrative Offices
"I am facing an issue because the university WiFi is not syncing with my student account. I already changed the password, but the error remains. I have been trying to get this sorted out, but there has not been a clear resolution yet. I request technical support for this issue.",IT Services
"the printing system keeps disconnecting during use. I already changed the password, but the error remains. Please check the account or system and fix the issue.",IT Services
the fee correction application contains incorrect student information. The application was submitted within the announced dates. Kindly check the application and provide an update.,Administrative Offices
the room change request is causing unnecessary difficulty at night. Please check the hostel recrod for my earlier complaint. Please resolve this hostel-related problem soon.,Hostel/Provost Office
the laboratory ventilation is not working properly during class hours.,Maintenance & Facilities
Could you please look into this: the classroom windows has exposed wiring that should be inspected. It would be better to repair it before the damage increases. I would be grateful if the responsible office could review the details instead of asking me to repeat the same process. Please arrange repair as soon as possible.,Maintenance & Facilities
I am having trouble because the washroom taps is not working properly during class hours. Students are facing this problem every day. Please inspect the area and take the necessary action.,Maintenance & Facilities
the hostel corridor lights is making it difficult to stay in the room. Please check the hostel record for my earlier complaint. Please handle the matter according to hostel policy.,Hostel/Provost Office
"I would like to complain that my midterm marks was marked absent although I attended the class. The supporting document was submitted at the department office. I have been trying to get this sorted out, but there has not been a clear resolution yet. Please check the matter before it affects my semester further.",Academic
Could you please look into this: the room cleanliness requires inspection by hostel staff. The condition has been causing inconvenience for several days. I would be grateful if the responsible office could review the details instead of asking me to repeat the same process. Kindly inspect the issue and arrange the required solution.,Hostel/Provost Office
I want to bring this issue to your attention: the makeup exam request is still missing from the stuent record. I have already checked this more than once. Please check the matter before it affects my semester further.,Academic
"Please help, can someone check why the fee refund request has not been forwarded to the concerned office. I have already checked this more than once. Please correct the record and confirm the updated status.",Administrative Offices
I am having trouble becuase the printing system has not been restored after an earlier complaint. I need access before the current submission deadline. The IT team is requested to inspect and correct this.,IT Services
"I am facing an issue because the assignment grade was uploaded late and now I cannot complete the next process. I submitted the required application before the deadline. I have been trying to get this sorted out, but there hasnt been a clear resolution yet. I request the department to resolve this as soon as possible.",Academic
my fee challan was entered under the wrong category. I need the document for another university process. Please ask the concerned administrative office to resolve this.,Administrative Offices
"I am writing regarding my midterm marks contains an error that is affecting my semester record. becuase of this error, I am unable to proceed with the next academic step. Kindly review this issue and update the academic record.",Academic
"I want to bring this issue to your attention: the hot water facility is creating repeated arguments among residents. The warden was informed, but I have not received any update. I have been trying to get this sorted out, but there has not been a clear resolution yet. Please handle the matter according to hostel policy.",Hostel/Provost Office
There is a problem with the hostel security refund is not appearing in the official record. I have already checked this more than once. Please ask the concerned administrative office to resolve this.,Administrative Offices
"This is getting difficult, the room change request is making it difficult to stay in the room. I informed the hostel staff earlier, but the issue continues. Because the issue is still unresolved, it is now affecting my normal university work. plz take action and update me about the complaint.",Hostel/Provost Office
my portal login is showing outdated information. This is affecting my ability to complete university work. Please restore access as soon as possible.,IT Services
"This is getting difficult, my midterm mraks is different from what appears on the departmental notice. Because of this error, I am unable to proceed with the next academic step. I request the department to resolve this as soon as possible.",Academic
Can someone check why the drainage line has exposed wiring that should be inspected. I have already checked this more than once. Kindly resolve the maintenance problem at the earliest.,Maintenance & Facilities
"Can u check this, i am writing regarding the classroom ceiling has loose parts that may cause an accident. The area is frequently used by students and staff. Please check the problem and restore the facility.",Maintenance & Facilities
"This is getting difficult, please check why my roommate issue needs attention from the provost office. I have already checked this more than once. Please have the warden or relevant staff check this issue.",Hostel/Provost Office
my CGPA still shows the old information after correction. I submitted the required application before the deadline. Kindly review this issue and update the academic record.,Academic
I want to report that the air conditioner is producing a strong smell and needs maintenance. Kindly resolve the maintenance problem at the earliest.,Maintenance & Facilities
There is a problem with the online registration portal is not loading the required page. I need access before the current submission deadline. I request technical support for this issue.,IT Services
"This is getting difficult, i am facing an issue because my university email shows a server error repeatedly. I request technical support for this issue.",IT Services
I want to report that the lecture desk has broken fittings. The condition is affecting normal use of the area. I have been trying to get this sorted out but there has not been a clear resolution yet. Please arrange repair as soon as possible.,Maintenance & Facilities
"the universty WiFi is showing outdated information. I already changed the password, but the error remains. I request technical support for this issue.",IT Services
I am facing an issue because my thesis supervision shows a value that does not match the marks announced in class. I need the corrected recoard for an upcoming academic requirement. I request the department to resolve this as soon as possible.,Academic
Please check why the printing system keeps disconnecting during use. I request technical support for this issue.,IT Services
"the hostel water supply is not available at the stated time. The problem is especially difficult during evening hours. Because the issue is still unresolved, it is now affecting my normal university work. The concerned hostel staff are requested to take action.",Hostel/Provost Office
"my CGPA contains an error that is affecting my semester record. I would appreciate verification from the concerned academic office. Because the issue is still unresolved, it is now affecting my normal universty work. Please recheck the entry and let me know once it is fixed.",Academic
I am having trouble because the document attestation request has not been processed even though the documents were submitted. I have already checked this more than once. Kindly check the aplication and provide an update.,Administrative Offices
the hostel corridor lights is not being handled according to the hostel procedure. I would like the matter to be handled according to hostel rules. Please ask the hostel administration to resolve it.,Hostel/Provost Office
I am facing an issue because my portal login does not recognize my account. I have already checked this more than once. Please investigate the error and update the service.,IT Services
There seems to be an issue with my CGPA is creating a clash with another registered course. Kindly review this issue and update the academic record.,Academic
I want to bring this issue to your attention: the official certificate request has been delayed beyond the stated processing time. I have already checked this more than once. The concerned office is requested to check and complete this matter.,Administrative Offices
I want to bring this issue to your attention: the viva schedule contains an error that is affecting my semester record. I have checked the portal more than once and the same problem remains. I have been trying to get this sorted out but there has not been a clear resolution yet. Kindly review this issue and update the academic record.,Academic
the room change request is making it difficult to stay in the room. The issue needs attention before it becomes more serious. Kindly inspect the issue and arrange the required solution.,Hostel/Provost Office
"the classroom windows is overflowing during busy hours. It would be better to repair it before the damage increases. Because the issue is still unresolved, it is now affecting my normal university work. I request urgent maintenance of this issue.",Maintenance & Facilities
I am having trouble because the campus network does not send the verification message. Restarting the device did not solve the issue. Please resolve the technical problm before the deadline.,IT Services
"Can u check this, the hostel room lock is still unresolved after several days. plz inspect the issue and arrange the required solution.",Hostel/Provost Office
the accounts office receipt does not match the payment receipt.,Administrative Offices
Can someone check why the hostel security desk is causing problems for residents every day. I have already checked this more than once. Please resolve this hostel-related problem soon.,Hostel/Provost Office
Please check why the hostel cleaning schedule is creating an uncomfortable living situation. Please resolve this hostel-related problem soon.,Hostel/Provost Office
"This is getting difficult, could you please look into this: my scholarship application was entered under the wrong category. I have already checked this more than once. Please ask the concerned administrative office to resolve this.",Administrative Offices
"There seems to be an issue with my midterm marks is creating a clash with another registered course. The department office asked me to wait but there has been no update. I have been trying to get this sorted out, but there has not been a clear resolution yet. Please verify the record and correct it.",Academic
"Please help, the student portal does not recognize my account.",IT Services
"Sir please check, there is a problem with the bonafide certificate has not been approved even after verification. I have already visited the concerned office more than once. Please review the documents and process the request.",Administrative Offices
Can someone check why the room change request is creating an uncomfortable living situation. I have already checked this more than once. Please resolve this hostel-related problem soon.,Hostel/Provost Office
I am having trouble because my thesis supervision is creating a clash with another registered course. The supporting document was submitted at the department office. I would be grateful if the responsible office could review the details instead of asking me to repeat the same process. Kindly review this issue and update the academic record.,Academic
"the classroom chairs is leaking and making the floor wet. Students are facing this problem every day. Because the issue is still unresolved, it is now affecting my normal university work. I request urgent maintenance of this issue.",Maintenance & Facilities
"the thesis progress review is creating a clash with another registered course. Other students in the same class can see the correct information. Because the issue is still unresolved, it is now affecting my normal university work. Kindly review this issue and update the academic record.",Academic
the drainage line is overflowing during busy hours. The issue becomes worse during afternoon classes. pls have this facility repaired or replaced.,Maintenance & Facilities
"Hi, the transcript has not been approved despite repeated follow-up. Other students in the same class can see the correct information. Please recheck the entry and let me know once it is fixed.",Academic
the backup generator has broken fittings.,Maintenance & Facilities
"the admission fee record has not been processed even though the documents were submitted. The counter staff asked me to check again later, but there is still no progress. Because the issue is still unresolved, it is now affecting my normal university work. Kindly review the documents and process the request.",Administrative Offices
"Please help, i would like to complain that the quiz score has not been updated even though the instructor confirmed the correction. I need the corrected record for an upcoming academic requirement. I would be grateful if the responsible office could review the details instead of asking me to repeat the same process. can the office confirm the correct status?",Academic
the room furniture has been pending with the hostle office.,Hostel/Provost Office
"the room furniture was reported to the warden but no action has been taken. The problem is especially difficult during evening hours. Because the issue is still unresolved, it is now affecting my normal university work. The concerned hostel staff are requested to take action.",Hostel/Provost Office
I want to report that the classroom fan is not availble when it is needed. I have already checked this more than once. I request urgent maintenance of this issue.,Maintenance & Facilities
There is a problem with the laboratory ventilation is not working properly during class hours. This is especially difficult when the room is full. Kindly resolve the maintenance problem at the earliest.,Maintenance & Facilities
"Please help, the semester timetable shows a value that does not match the marks announced in class. Please review this issue and update the academic record.",Academic
I am having trouble because the hostel gate procedure is creating hygiene concerns for residents. I have already checked this more than once. Please take action and update me about the complaint.,Hostel/Provost Office
"I want to bring this issue to your attention: the prerequisite approval has been pending for several days. Because of this error, I am unable to proceed with the next academic step. Please recheck the entry and let me know once it is fixed.",Academic
my student card contains incorrect student information. The required documents and receipt were submitted. I request verification and completion of the pending process.,Administrative Offices
the classroom ceiling is creating an uncomfortable environment in the room. Students are facing this problem every day. pls check the problem and restore the facility.,Maintenance & Facilities
"I am facing an issue because the electrical sockets has loose parts that may cause an accident. Please send someone to inspect the location. I have been trying to get this sorted out, but there has not been a clear resolution yet. I request urgent maintenance of this issue.",Maintenance & Facilities
the admission document has not been issued yet.,Administrative Offices
There is a problem with the migration certificate has no status update despite repeated visits. The application was submitted within the announced dates. Kindly review the documents and process the request.,Administrative Offices
Could you please look into this: the semester timetable is creating a clash with another registered course. Please check the matter before it affects my semester further.,Academic
I am having trouble because the classroom projector keeps disconnecting during use. Please check the account or system and fix the issue.,IT Services
the biometric attendance machine shows an error whenever I try to submit work. The problem started recently and has continued since then. The IT team is requested to inspect and correct this.,IT Services
"Can u check this, i want to bring this issue to your attention: the hostel corridor lights is creating an uncomfortable living situation. The condition has been causing inconvenience for several days. I would be grateful if the responsible office could review the details instead of asking me to repeat the same process. The concerned hostel staff are requested to take action.",Hostel/Provost Office
I am facing an issue because the viva schedule shows a value that does not match the marks announced in class. I have already checked this more than once. Please update the record according to the submitted documents.,Academic
the network connection is rejecting files that meet the stated requirements.,IT Services
the admission status was returned without explaining what is missing.,Administrative Offices
the hostel water supply was handled differently from the stated hostel rules.,Hostel/Provost Office
"Can u check this, i want to bring this issue to your attention: the scholarship payment has not been forwarded to the concerned office. I would appreciate a clear status instead of being sent between offices. Please review the documents and process the request.",Administrative Offices
"This is getting difficult, please check why the practical marks was not accepted even though I met the deadline. The supporting document was submitted at the department office. Please recheck the entry and let me know once it is fixed.",Academic
"Could you please look into this: the washroom taps is leaking and making the floor wet. Please send someone to inspect the location. I have been trying to get this sorted out, but there has not been a clear resolution yet. I request urgent maintenance of this issue.",Maintenance & Facilities
"Please help, could you please look into this: the official certificate request has not been forwarded to the concerned office. The required documents and receipt were submitted. I would be grateful if the responsible office could review the details instead of asking me to repeat the same process. The concerned office is requested to check and complete this matter.",Administrative Offices
There is a problem with the hostel security desk is not available at the stated time. I have already checked this more than once. Please ask the hostel administration to resolve it.,Hostel/Provost Office
Can someone check why the course section was entered under the wrong course code. I request the department to resolve this as soon as possible.,Academic
"the quiz score was changed without any explanation. I need the corrected record for an upcoming academic requirement. Because the issue is still unresolved, it is now affecting my normal university work. Kindly investigate the discrepancy and make the required correction.",Academic
"my portal login shows an error whenever I try to submit work. I already changed the password, but the error remains. The IT team is requested to inspect and correct this.",IT Services
my roommate issue has been pending with the hostel office. This is affecting normal hostel routine. Please ask the hostel administration to resolve it.,Hostel/Provost Office
the prerequisite approval shows a value that does not match the marks announced in class.,Academic
"pleas help, the fee correction application has not been issued yet. The application was submitted within the announced dates. I request verification and completion of the pending process.",Administrative Offices
"There seems to be an issue with the accounts office receipt has not been approved even after verification. The counter staff asked me to check again later, but there is still no progress. I would be grateful if the responsible office could review the details instead of asking me to repeat the same process. Kindly check the application and provide an update.",Administrative Offices
I need help because the migration certificate is not appearing in the official recrod. I have already checked this more than once. Please ask the concerned administrative office to resolve this.,Administrative Offices
"I want to report that the admission fee record has been delayed beyond the stated processing time. I have kept a copy of the submitted form and payment receipt. I have been trying to get this sorted out, but there has not been a clear resolution yet. The concerned office is requested to check and complete this matter.",Administrative Offices
"the final exam result was uploaded late and now I cannot complete the next process. The department office asked me to wait, but there has been no update. Kindly investigate the discrepancy and make the required correction.",Academic
I want to bring this issue to your attention: the fee refund request does not match the payment receipt. Please ask the concerned administrative office to resolve this.,Administrative Offices
"I have a problem, could you please look into this: my university email has not been restored after an earlier complaint. Please check the network or account configuration.",IT Services
"Please help, i need help because the backup generator is not working properly during class hours. The area is frequently used by students and staff. Please inspect the area and take the necessary action.",Maintenance & Facilities
"Can u check this, my universty email is rejecting files that meet the stated requirements.",IT Services
the result card does not reflect the form I submtted on time.,Academic
Please check why the fee correction application is not appearing in the official record. I have kept a copy of the submitted form and payment receipt. I would be grateful if the responsible office could review the details instead of asking me to repeat the same process. Please ask the concerned administrative office to resolve this.,Administrative Offices
Could you please look into this: the room change request is making it difficult to stay in the room. Please handle the matter according to hostel policy.,Hostel/Provost Office
the bonafide certificate has been pending without any clear update.,Administrative Offices
"Sir please check, there is a problemm with the fee refund request was entered under the wrong category. I have already checked this more than once. Please process the request and correct the record.",Administrative Offices
"the toilet flush has loose parts that may cause an accident. The condition is affecting normal use of the area. Because the issue is still unresolved, it is now affecting my normal university work. I request urgent maintenance of this issue.",Maintenance & Facilities
Can someone check why my portal login fails before the process is completed. The issue occurs both in the lab and on my own device. I would be grateful if the responsible office could review the details instead of asking me to repeat the same process. Please restore access as soon as possible.,IT Services
the parking area has been left unrepaired since last week. Students are facing this problem every day. Please inspect the area and take the necessary action.,Maintenance & Facilities
I would like to complain that the classroom windows has been left unrepaired since last week. It would be better to repair it before the damage increases. plz have this facility repaired or replaced.,Maintenance & Facilities
"Can u check this, the backup generator is causing difficulty for students during lectures.",Maintenance & Facilities
There is a problem with the classroom ceiling has loose parts that may cause an accident. Please send someone to inspect the location. I have been trying to get this sorted out but there has not been a clear resolution yet. Please have this facility repaired or replaced.,Maintenance & Facilities
"Sir please check, the projector connection is showing outdated information. I need access before the current submission deadline. Please resolve the technical problem before the deadline.",IT Services
Please check why the hostel security refund was supposed to be completed earlier but remains unresolved. Please verify the record with the accounts or registrar office. I would be grateful if the responsible office could review the details instead of asking me to repeat the same process. Kindly review the documents and process the request.,Administrative Offices
"the common room needs attention from the provost office. Please check the hostle record for my earlier complaint. Because the issue is still unresolved, it is now affecting my normal university work. Kindly have the warden or relevant staff check this issue.",Hostel/Provost Office
I am writing regarding the hostel gate procedure is not available at the stated time. I have already checked this more than once. Please take action and update me about the complaint.,Hostel/Provost Office
"Hi, the admission fee recoard was entered under the wrong category. Please process the request and correct the record.",Administrative Offices
the classroom chairs has loose parts that may cause an accident. Please inspect the area and take the necessary action.,Maintenance & Facilities
my portal login does not send the verification message. Restarting the device did not solve the issue. Please restore access as soon as possible.,IT Services
"This is getting difficult, the room ceiling fan is causing unnecessary difficulty at night.",Hostel/Provost Office
I want to bring this issue to your attention: the projector connection is rejecting files that meet the stated requirements. I need access before the current submission deadline. The IT team is requested to inspect and correct this.,IT Services
"Hi, i am writing regarding the department printer is not connected to the campus network. I have already checked this more than once. Please check the network or account configuration.",IT Services
I need help because the university server is not syncing with my student account. I have already checked this more than once. Please investigate the error and update the service.,IT Services
I want to bring this issue to your attention: the lecture desk has not been repaired after an earlier complaint. I have already checked this more than once. Please arrange repair as soon as possible.,Maintenance & Facilities
the building staircase keeps stopping and starting. The condition is affecting normal use of the area. Kindly send the maintenance team to inspect and fix it.,Maintenance & Facilities
"I have a problem, i am writing regarding the practical marks was not accepted even though I met the deadline. I have already checked this more than once. Please recheck the entry and let me know once it is fixed.",Academic
"the hostel cleaning schedule has not been resolved after repeated reporting. Several residents on the floor are facing the same problem. Because the issue is still unresolved, it is now affecting my normal university work. Please ask the hostel administration to resolve it.",Hostel/Provost Office
my hostel room allocation has become worse this week.,Hostel/Provost Office
Im having trouble because the hostel security desk has become worse this week. Kindly inspect the issue and arrange the required solution.,Hostel/Provost Office
the password reset service is not responding at all.,IT Services
I need help because the classroom chairs is causing difficulty for students during lectures. The condition is affecting normal use of the area. I have been trying to get this sorted out but there hasnt been a clear resolution yet. plz inspect the area and take the necessary action.,Maintenance & Facilities
"I have a problem, my attandance record was uploaded late and now I cannot complete the next process.",Academic
the water cooler has loose parts that may cause an accident. Please have this facility repaired or replaced.,Maintenance & Facilities
Could you please look into this: the makeup exam request has not been updated even though the instructor confirmed the correction. I need the corrected record for an upcoming academic requirement. I request the department to resolve this as soon as possible.,Academic
"the migration certificate is stuck between two administrative offices. The counter staff asked me to check again later, but there is still no progress. Kindly check the application and provide an update.",Administrative Offices
the viva schedule has an incorrect total after the latest update. I submitted the required application before the deadline. Kindly review this issue and update the academic record.,Academic
the university server is not loading the required page. This is affecting my ability to complete university work. Please restore access as soon as possible.,IT Services
Could you please look into this: my portal login does not recognize my account. I request technical support for this issue.,IT Services
I would like to complain that the room ceiling fan has become worse this week. The condition has been causing inconvenience for several days. I would be grateful if the responsible office could review the details instead of asking me to repeat the same process. plz ask the hostel administration to resolve it.,Hostel/Provost Office
"I want to report that my degree verification request has no status update despite repeated visits. The counter staff asked me to check again later, but there is still no progress. The concerned office is requested to check and complete this matter.",Administrative Offices
the registrar application is causing difficulty with another university process. I have already visited the concerned office more than once. Kindly review the documents and process the request.,Administrative Offices
"Sir please check, could you please look into this: the registrar application was supposed to be completed earlier but remains unresolved. The delay is creating difficulty with my semester matters. I have been trying to get this sorted out, but there has not been a clear resolution yet. I request verification and completion of the pending process.",Administrative Offices
the air conditioner is not available when it is needed. Students are facing this problem every day. Please have this facility repaired or replaced.,Maintenance & Facilities
the mess food is not available at the stated time. Please check the hostel record for my earlier complaint. Please resolve this hostel-related problem soon.,Hostel/Provost Office
my hostel room allocation is still unresolved after several days. Please check the hostel record for my earlier complaint. Please resolve this hostel-related problem soon.,Hostel/Provost Office
"the projector connection is not responding at all. The problem started recently and has continued since then. Because the issue is still unresolved, it is now affecting my normal university work. Please resolve the technical problem before the deadline.",IT Services
"Please help, i want to report that the classroom windows needs urgent cleaning and maintenance. The problem is now affecting more than one class. I have been trying to get this sorted out, but there has not been a clear resolution yet. Please check the problem and restore the facility.",Maintenance & Facilities
the drinking water supply is making a loud noise throughout lectures.,Maintenance & Facilities
my university email is showing outdated information. I request technical support for this issue.,IT Services
There is a problem with the electrical sockets is blocked and water is collecting around it. I have already checked this more than once. I request urgent maintenance of this issue.,Maintenance & Facilities
the toilet flush has not been repaired after an earlier complaint. Kindly resolve the maintenance problem at the earliest.,Maintenance & Facilities
"Can u check this, the assignment grade has an incorrect total after the latest update. This issue is causing difficulty with my current semester planning. Because the issue is still unresolved, it is now affecting my normal university work. Please review this issue and update the academic record.",Academic
"my GPA calculation is showing the wrong course information. Because of this error, I am unable to proceed with the next academic step. Because the issue is still unresolved, it is now affecting my normal university work. Kindly investigate the discrepancy and make the required correction.",Academic
"my student card has been delayed beyond the stated processing time. The counter staff asked me to check again later but there is still no progress. Because the issue is still unresolved, it is now affecting my normal university work. The concerned office is requested to check and complete this matter.",Administrative Offices
the practical marks is preventing me from completing registration.,Academic
the hostel cleaning schedule is not available at the stated time. Please check the hostel record for my earlier complaint. Please resolve this hostel-related problem soon.,Hostel/Provost Office
Can someone check why the accounts office receipt has not been forwarded to the concerned office. Please ask the concerned administrative office to resolve this.,Administrative Offices
Please check why the official certificate request has not been processed even though the documents were submitted. I have already checked this more than once. The concerned office is requested to check and complete this matter.,Administrative Offices
There is a problem with the biometric attendance machine has not been restored after an earlier complaint. I have already checked this more than once. Kindly check the network or account configuration.,IT Services
I am writing regarding the viva schedule still shows the old information after correction. I have already checked this more than once. I request the department to resolve this as soon as possible.,Academic
"Please help, i need help because the admission fee record is not appearing in the official record. The required documents and receipt were submitted. I would be grateful if the responsible office could review the details instead of asking me to repeat the same process. I request verification and completion of the pending process.",Administrative Offices
I am having trouble because the laboratory ventilation has not been repaired after an earlier complaint. The facility is currently difficult to use safely. Please arrange repair as soon as possible.,Maintenance & Facilities
I need help because the washroom taps is in poor condition and needs replacement. This is especially difficult when the room is full. The concerned staff are requested to repair this promptly.,Maintenance & Facilities
Please check why the university WiFi works for a few minutes and then goes offline. Restarting the device did not solve the issue. Please resolve the technical problem before the deadline.,IT Services
the electrical sockets is not available when it is needed. Please send someone to inspect the location. The concerned staff are requested to repair this promptly.,Maintenance & Facilities
my hostel room allocation was handled differently from the stated hostel rules.,Hostel/Provost Office
There seems to be an issue with the classroom ceiling is in poor condition and needs replacement. Students are facing this problem every day. Kindly resolve the maintenance problem at the earliest.,Maintenance & Facilities
"I have a problemm, the lecture room lights is producing a strong smell and needs maintenance.",Maintenance & Facilities
"the department elevator has not been repaired after an earlier complant. The facility is currently difficult to use safely. Because the issue is still unresolved, it is now affecting my normal university work. Kindly resolve the maintenance problem at the earliest.",Maintenance & Facilities
"my university email is extremely slow during class hours. I already changed the password, but the error remains. Because the issue is still unresolved, it is now affecting my normal university work. Please check the account or system and fix the issue.",IT Services
"Can u check this, i want to bring this issue to your attention: the admission status was entered under the wrong category. The application was submitted within the announced dates. I have been trying to get this sorted out, but there has not been a clear resolution yet. Please ask the concerned administrative office to resolve this.",Administrative Offices
There is a problem with the computer lab software has not been restored after an earlier complaint. The issue occurs both in the lab and on my own device. Kindly ask IT support to resolve this problem.,IT Services
the drainage line is blocked and water is collecting around it.,Maintenance & Facilities
"Hi, i am having trouble because the document attestation request is not appearing in the official record. I would appreciate a clear status instead of being sent between offices. I request verification and completion of the pending process.",Administrative Offices
my student card is being delayed because the counter staff keep asking me to return later. Kindly check the application and provide an update.,Administrative Offices
I need help becase my thesis supervision has not been updated even though the instructor confirmed the correction. The supporting document was submitted at the department office. I would be grateful if the responsible office could review the details instead of asking me to repeat the same process. Please update the record according to the submitted documents.,Academic
"the hostel water supply was handled differently from the stated hostel rules. I informed the hostel staff earlier, but the issue continues. pleas ask the hostel administration to resolve it.",Hostel/Provost Office
the email verification link has been unavailable since this morning. The IT team is requested to inspect and correct this.,IT Services
I would like to complain that the room ceiling fan has become worse this week. I have already checked this more than once. Please handle the matter according to hosel policy.,Hostel/Provost Office
Can someone check why the exam date sheet is showing the wrong course information. Could the concerned office please confirm the correct status?,Academic
Please check why my GPA calculation was marked absent although I attended the class. I have already checked this more than once. Kindly investigate the discrepancy and make the required correction.,Academic
the document attestation request was entered under the wrong category. The counter staff asked me to check again later but there is still no progress. Please correct the record and confirm the updtaed status.,Administrative Offices
I want to bring this issue to your attention: the makeup exam request is preventing me from completing registration. I have checked the portal more than once and the same problem remains. Please update the record according to the submitted documents.,Academic
my scholarship application was marked incomplete although all listed documents were attached. Please verify the record with the accounts or registrar office. Please correct the record and confirm the updated status.,Administrative Offices
my thesis supervision still shows the old information after correction. I need the corrected recoard for an upcoming academic requirement. I request the department to resolve this as soon as possible.,Academic
"Can u check this, can someone check why the corridor lights is leaking and making the floor wet. It would be better to repair it before the damage increases. plz arrange repair as soon as possible.",Maintenance & Facilities
"I am writing regarding my hostel room allocation requires inspection by hostel staff. The condition has been causing inconvenience for several days. I have been trying to get this sorted out, but there has not been a clear resolution yet. Please ask the hostel administration to resolve it.",Hostel/Provost Office
the thesis progress review has not been approved despite repeated follow-up. Please update the record according to the submitted documents.,Academic
Please check why my student card needs correction in the administrative record. This matter has remained unresolved for several working days. The concerned office is requested to check and complete this matter.,Administrative Offices
Please check why the biometric attendence machine is not detecting the connected device. I have already checked this more than once. Please resolve the technical problem before the deadline.,IT Services
"the LMS account is not detecting the connected device. I already changed the password, but the error remains. Please resolve the technical problem before the deadline.",IT Services
the mess timing has not been repaired despite an earlier request. This is affecting normal hostel routine. I request the Provost Office to look into this matter.,Hostel/Provost Office
the fee correction application was submitted before the deadline but still shows pending.,Administrative Offices
I want to bring this issue to your attention: the hostel security refund was returned without explaining what is missing. Please process the request and correct the record.,Administrative Offices
I am facing an issue because the classroom chairs is not available when it is needed. I have already checked this more than once. The concerned staff are requested to repair this promptly.,Maintenance & Facilities
"Sir please check, i want to report that the lecture desk is creating an uncomfortable environment in the room. The issue becomes worse during afternoon classes. Please resolve the maintenance problem at the earliest.",Maintenance & Facilities
the electrical sockets is producing a strong smell and needs maintenance. Students are facing this problem every day. Kindly resolve the maintenance problem at the earliest.,Maintenance & Facilities
I would like to complain that my university email is not loading the required page. I have already checked this more than once. The IT team is requested to inspect and correct this.,IT Services
"the electrical sockets has exposed wiring that should be inspected. A maintenance complaint was already reported, but the problem remains. The concerned staff are requested to repair this promptly.",Maintenance & Facilities
"I am writing regarding my GPA calculation does not include marks for work that I submitted. I have checked the portal more than once and the same problm remains. I have been trying to get this sorted out, but there has not been a clear resolution yet. Kindly investigate the discrepancy and make the required correction.",Academic
Could you pls look into this: my portal login does not accept my correct login details. I have already checked this more than once. Please check the account or system and fix the issue.,IT Services
the toilet flush is not available when it is needed. The area is frequently used by students and staff. Kindly resolve the maintenance problem at the earliest.,Maintenance & Facilities
the assignment grade is different from what appears on the departmental notice.,Academic
Can someone check why the washroom plumbing has broken fittings. I request urgent maintenance of this issue.,Maintenance & Facilities
"I want to bring this issue to your attention: the hostel corridor lights has been pending with the hostel office. The issue needs attention before it becomes more serious. I have been trying to get this sorted out, but there has not been a clear resolution yet. I request the Provost Office to look into this matter.",Hostel/Provost Office
I am having trouble because the thesis progress review has been pending for several days. I have already checked this more than once. Please verify the record and correct it.,Academic
I am facing an issue because the migration certificate was marked incomplete although all listed documents were attached. I have already checked this more than once. I request verification and completion of the pending process.,Administrative Offices
"I have a problem, the projector connection is extremely slow during class hours. I need access before the current submission deadline. Please resolve the technical problem before the deadline.",IT Services
Could you please look into this: the fee correction application was entered under the wrong category. I have already checked this more than once. Please correct the record and confirm the updated status.,Administrative Offices
my GPA calculation is preventing me from completing registration. The supporting document was submitted at the department office. Could the concerned office please confirm the correct status?,Academic
There seems to be an issue with the campus network does not send the verification message. I have already checked this more than once. Please check the account or system and fix the issue.,IT Services
Can someone check why the room change request is not available at the stated time. Several residents on the floor are facing the same problem. The concerned hostel staff are requested to take action.,Hostel/Provost Office
I am facing an issue becuase my thesis supervision has not been approved despite repeated follow-up. I already contacted the relevant teacher but the record is unchanged. I would be grateful if the responsible office could review the details instead of asking me to repeat the same process. Please update the record according to the submitted documents.,Academic
"Hi, the course section was entered under the wrong course code. I already contacted the relevant teacher but the record is unchanged. Please verify the record and correct it.",Academic
"Hi, please check why the mess timing has become worse this week. Please ask the hostel administration to resolve it.",Hostel/Provost Office
I need help because the classroom ceiling has not been repaired after an earlier complaint. The facility is currently difficult to use safely. The concerned staff are requested to repair this promptly.,Maintenance & Facilities
"This is getting difficult, my university email is not connected to the campus network. plz check the account or system and fix the issue.",IT Services
"Could you please look into this: the document attestation request has not been issued yet. The delay is creating difficulty with my semester matters. I have been trying to get this sorted out, but there has not been a clear resolution yet. Please correct the record and confirm the updated status.",Administrative Offices
the printing system is preventing me from accessing course material. Other university websites are opening normally. Please check the account or system and fix the issue.,IT Services
"This is getting difficult, can someone check why the hostel gate procedure is not being handled according to the hostel procedure. Please take action and update me about the complaint.",Hostel/Provost Office
Please check why the university WiFi is not syncing with my student account. I have already checked this more than once. Please restore access as soon as possible.,IT Services
my CGPA was not accepted even though I met the deadline.,Academic
I want to report that the admission fee record has been delayed beyond the stated processing time. The required documents and receipt were submitted. I request verification and completion of the pending process.,Administrative Offices
the transcript was not accepted even though I met the deadline.,Academic
"I am facing an issue because the electrical sockets has loose parts that may cause an accident. Students are facing this problem every day. I have been trying to get this sorted out, but there has not been a clear resolution yet. I request urgent maintenance of this issue.",Maintenance & Facilities
"Sir please check, can someone check why my degree verification request is being delayed because the counter staff keep asking me to return later. I have already checked this more than once. The concerned office is requested to check and complete this matter.",Administrative Offices
"the admission fee record is being delayed because the counter staff keep asking me to return later. The delay is creating difficulty with my semester matters. Because the issue is still unresolved, it is now affecting my normal university work. Please process the request and correct the record.",Administrative Offices
Can someone check why the classroom ceiling is creating an uncomfortable environment in the room. The facility is currently difficult to use safely. I would be grateful if the responsible office could review the details instead of asking me to repeat the same process. Please check the problem and restore the facility.,Maintenance & Facilities
the computer lab software keeps disconnecting during use. Other university websites are opening normally. Kindly check the network or account configuration.,IT Services
Im writing regarding the room cleanliness is not working properly. The condition has been causing inconvenience for several days. Please take action and update me about the complaint.,Hostel/Provost Office
There seems to be an issue with the classroom projector has stopped working after the latest update. Please check whether there is an account or server-side problem. I request technical support for this issue.,IT Services
"I need help because my CGPA is creating a clash with another registered course. I already contacted the relevant teacher but the record is unchanged. I have been trying to get this sorted out, but there has not been a clear resolution yet. Kindly review this issue and update the academic record.",Academic
the hostel security refund has been delayed beyond the stated processing time.,Administrative Offices
I want to report that the document attestation request contains incorrect student information. I would appreciate a clear status instead of being sent between offices. I would be grateful if the responsible office could review the details instead of asking me to repeat the same process. Kindly check the application and provide an update.,Administrative Offices
the classroom fan has exposed wiring that should be inspected. It would be better to repair it before the damage increases. Kindly send the maintenance team to inspect and fix it.,Maintenance & Facilities
the practical marks shows a value that does not match the marks announced in class. I already contacted the relevant teacher but the record is unchanged. Please check the matter before it affects my semester further.,Academic
"Can u check this, i want to report that the hostel cleaning schedule is not being handled according to the hostel procedure. I have already submitted a request at the hostel office. I would be grateful if the responsible office could review the details instead of asking me to repeat the same process. Please take action and update me about the complaint.",Hostel/Provost Office
the registrar application was submitted before the deadline but still shows pending.,Administrative Offices
"I want to bring this issue to your attention: the viva schedule has not been shared with students. The department office asked me to wait, but there has been no update. Could the concerned office please confirm the correct status?",Academic
I am facing an issue because the hostel curfew entry hasnt been resolved after repeated reporting. I have already submitted a request at the hostel office. Please resolve this hostel-related problem soon.,Hostel/Provost Office
the classroom windows is leaking and making the floor wet. I request urgent maintenance of this issue.,Maintenance & Facilities
"Sir please check, the room cleanliness was reported to the warden but no action has been taken. The issue needs attention before it becomes more serious. Please handle the matter according to hostel policy.",Hostel/Provost Office
There seems to be an issue with the viva schedule has not been updated even though the instructor confirmed the correction. I have already checked this more than once. Please update the record according to the submitted documents.,Academic
"I want to bring this issue to your attention: the admission fee record contains incorrect student information. The counter staff asked me to check again later, but there is still no progress. I would be grateful if the responsible office could review the details instead of asking me to repeat the same process. Please correct the record and confirm the updated status.",Administrative Offices
"Please help, the fee refund request needs correction in the administrative record. I need the document for another university process. Please check the application and provide an update.",Administrative Offices
I want to report that the room ceiling fan has not been repaired despite an earlier request. The condition has been causing inconvenience for several days. I would be grateful if the responsible office could review the details instead of asking me to repeat the same process. Kindly have the warden or relevant staff check this issue.,Hostel/Provost Office
"the viva schedule was entered under the wrong course code. This issue is causing difficulty with my current semester planning. Because the issue is still unresolved, it is now affecting my normal university work. Kindly investigate the discrepancy and make the required correction.",Academic
Can someone check why the electrical sockets is damaged and unsafe to use. The issue becomes worse during afternoon classes. Kindly send the maintenance team to inspect and fix it.,Maintenance & Facilities
the hostel corridor lights has become worse this week. Please check the hostel record for my earlier complaint. Please resolve this hostel-related problem soon.,Hostel/Provost Office
There seems to be an issue with the university WiFi keeps disconnecting during use. I need access before the current submission deadline. Kindly ask IT support to resolve this problem.,IT Services
"the hostel water supply has become worse this week. Please check the hostel record for my earlier complaint. Because the issue is still unresolved, it is now affecting my normal university work. Kindly have the warden or relevant staff check this issue.",Hostel/Provost Office
"Hi, the network connection does not send the verification message.",IT Services
There is a problem with the drinking water supply has been out of order for several days. This is especially difficult when the room is full. I would be grateful if the responsible office could review the details instead of asking me to repeat the same process. Kindly send the maintenance team to inspect and fix it.,Maintenance & Facilities
"Sir please check, the common room is not available at the stated time. Please handle the matter according to hostel policy.",Hostel/Provost Office
the viva schedule has not been updated even though the instructor confirmed the correction.,Academic
my hostel room allocation is creating repeated arguments among residents.,Hostel/Provost Office
the makeup exam request is showing the wrong course information. I would appreciate verification from the concerned academic office. pleas verify the record and correct it.,Academic
"the admission document is being delayed because the counter staff keep asking me to return later. The required documents and receipt were submitted. Because the issue is still unresolved, it is now affecting my normal university work. The concerned office is requested to check and complete this matter.",Administrative Offices
I am facing an issue because the building staircase needs urgent cleaning and maintenance. It would be better to repair it before the damage increases. Kindly send the maintenance team to inspect and fix it.,Maintenance & Facilities
"the hostel corridor lights is causing problems for residents every day. The problem is especially difficult during evening hours. Because the issue is still unresolved, it is now affecting my normal university work. Please handle the matter according to hostel policy.",Hostel/Provost Office
"the lab computer is not connected to the campus network. Please check whether there is an account or server-side problem. Because the issue is still unresolved, it is now affecting my normal university work. Please resolve the technical problem before the deadline.",IT Services
"I am facing an issue because the room ceiling fan is not being handled according to the hostel procedure. Several residents on the floor are facing the same problem. I have been trying to get this sorted out, but there has not been a clear resolution yet. The concerned hostel staff are requested to take action.",Hostel/Provost Office
I would like to complain that the hostel water supply has not been resolved after repeated reporting. I request the Provost Office to look into this matter.,Hostel/Provost Office
"the final exam result is preventing me from completing registration. I would appreciate verification from the concerned academic office. Because the issue is still unresolved, it is now affecting my normal university work. Please verify the record and correct it.",Academic
I am facing an issue becuase the computer lab software is not syncing with my student account. Please check whether there is an account or server-side problem. Please restore access as soon as possible.,IT Services
the projector connection is not detecting the connected device. I reported this earlier to the IT desk but it is still unresolved. Please resolve the technical problem before the deadline.,IT Services
the hostel room lock is not avaiable at the stated time.,Hostel/Provost Office
"Sir please check, i am writing regarding the assignment grade has an incorrect total after the latest update. I would appreciate verification from the concerned academic office. Please verify the record and correct it.",Academic
the hostel room lock has been pending with the hostel office. This is affecting normal hostel routine. Please ask the hostel administration to resolve it.,Hostel/Provost Office
"I have a problem, there is a problem with the thesis progress review is creating a clash with another registered course. I have already checked this more than once. I request the department to resolve this as soon as possible.",Academic
I am having trouble because the official certificate request is being delayed because the counter staff keep asking me to return later. The delay is creating difficulty with my semester matters. I would be grateful if the responsible office could review the details instead of asking me to repeat the same process. Please process the request and correct the record.,Administrative Offices
"my attendance record was not accepted even though I met the deadline. The department office asked me to wait, but there has been no update. Please update the record according to the submitted documents.",Academic
my fee challan contains incorrect student information. The concerned ofice is requested to check and complete this matter.,Administrative Offices
my CGPA has not been approved despite repeated follow-up. I have checked the portal more than once and the same problem remains. Please recheck the entry and let me know once it is fixed.,Academic
the hostel washroom is causing unnecessary difficulty at night.,Hostel/Provost Office
"I have a problem, i want to report that the water cooler has loose parts that may cause an accident. Please arrange repair as soon as possible.",Maintenance & Facilities
"I have a problem, i want to bring this issue to your attention: the email verification link shows a server error repeatedly. The problem started recently and has continued since then. Please resolve the technical problem before the deadline.",IT Services
the campus network has been unavailable since this morning. This is affecting my ability to complete university work. Kindly ask IT support to resolve this problem.,IT Services
"Please help, the network connection is not loading the required page. I tried from more than one device and the problem is the same. Please check the account or system and fix the issue.",IT Services
Can someone check why the lecture room lights is leaking and making the floor wet. This is especially difficult when the room is full. Kindly resolve the maintenance problem at the earliest.,Maintenance & Facilities
I need help because the official certificate request is causing difficulty with another universty process. I request verification and completion of the pending process.,Administrative Offices
the duplicate student card request has been pending without any clear update. The required documents and receipt were submitted. Kindly check the application and provide an update.,Administrative Offices
the classroom chairs is not working properly during class hours. The issue becomes worse during afternoon classes. The concerned staff are requested to repair this promptly.,Maintenance & Facilities
I would like to complain that the classroom chairs has not been repaired after an earlier complaint. The facility is currently difficult to use safely. Please check the problem and restore the facility.,Maintenance & Facilities
Can someone check why the admission status was supposed to be completed earlier but remains unresolved. I have already checked this more than once. The concerned office is requested to check and complete this matter.,Administrative Offices
the LMS account has not been restored after an earlier complaint. I need access before the current submission deadline. Please restore access as soon as possible.,IT Services
"the water cooler keeps stopping and starting. Please send someone to inspect the location. Because the issue is still unresolved, it is now affecting my normal university work. The concerned staff are requested to repair this promptly.",Maintenance & Facilities
I want to bring this issue to your attention: the room change request was reported to the warden but no action has been taken. I have already submitted a request at the hostel office. I would be grateful if the responsible office could review the details instead of asking me to repeat the same process. Please ask the hostel administration to resolve it.,Hostel/Provost Office
"my university email has stopped workng after the latest update. The issue occurs both in the lab and on my own device. Because the issue is still unresolved, it is now affecting my normal university work. Please resolve the technical problem before the deadline.",IT Services
the water cooler is blocked and water is collecting around it. Please check the problem and restore the facility.,Maintenance & Facilities
"Sir please check, my financial aid application has not been approved even after verification.",Administrative Offices
"There seems to be an issue with the viva schedule doesnt reflect the form I submitted on time. The department office asked me to wait, but there has been no update. I have been trying to get this sorted out, but there has not been a clear resolution yet. Kindly investigate the discrepancy and make the required correction.",Academic
"I have a problem, the bonafide certificate contains incorrect student information. I have already visited the concerned office more than once. Please correct the record and confirm the updated status.",Administrative Offices
the bonafide certificate shows an incorrect amount.,Administrative Offices
"Sir please check, i want to report that the final exam result is different from what appears on the departmental notice. The department office asked me to wait but there has been no update. can the office confirm the correct status?",Academic
"Hi, the duplicate student card request has not been issued yet. The application was submitted within the announced dates. Because the issue is still unresolved, it is now affecting my normal university work. Please resolve the issue without further unnecessary delay.",Administrative Offices
I want to bring this issue to your attention: the official certificate request has no status update despite repeated visits. The application was submitted within the announced dates. I would be grateful if the responsible office could review the details instead of asking me to repeat the same process. I request verification and completion of the pending process.,Administrative Offices
the viva schedule has an incorrect total after the latest update. I would appreciate verification from the concerned academic office. Please verify the record and correct it.,Academic
"Can u check this, the projector connection is not connected to the campus network.",IT Services
the exam date sheet was not accepted even though I met the deadline.,Academic
the registrar application is being delayed because the counter staff keep asking me to return later. I have kept a copy of the submitted form and payment receipt. The concerned office is requested to check and complete this matter.,Administrative Offices
I want to bring this issue to your attention: the student portal doesnt send the verification message. I need access before the current submission deadline. Please check the account or system and fix the issue.,IT Services
"Hi, can someone check why the lab computer is not responding at all. I have already checked this more than once. Please restore access as soon as possible.",IT Services
I want to report that my studnet card has been pending without any clear update. I need the document for another university process. The concerned office is requested to check and complete this matter.,Administrative Offices
"Sir please check, can someone check why the hot water facility is not working properly. The warden was informed, but I have not received any update. I have been trying to get this sorted out, but there has not been a clear resolution yet. The concerned hostel staff are requested to take action.",Hostel/Provost Office
I need help because the lecture desk is making a loud noise throughout lectures. Students are facing this problem every day. Please check the problem and restore the facility.,Maintenance & Facilities
I need help because the computer lab software is not detecting the connected device. I have already checked this more than once. Please check the account or system and fix the issue.,IT Services
"the fee correction application has been delayed beyond the stated processing time. The counter staff asked me to check again later, but there is still no progress. Kindly check the application and provide an update.",Administrative Offices
"This is getting difficult, could you please look into this: my hosel room allocation is causing problems for residents every day. I have already checked this more than once. Please handle the matter according to hostel policy.",Hostel/Provost Office
"the water cooler keeps stopping and starting. A maintenance complaintt was already reported, but the problem remains. Kindly send the maintenance team to inspect and fix it.",Maintenance & Facilities
There is a problem with the electrical sockets has not been repaired after an earlier complaint. I have already checked this more than once. Please inspect the area and take the necessary action.,Maintenance & Facilities
I am writing regarding my midterm marks is preventing me from completing registration. I have checked the portal more than once and the same problem remains. I would be grateful if the responsible office could review the details instead of asking me to repeat the same process. Please update the record according to the submitted documents.,Academic
Could you please look into this: the viva schedule doesnt include marks for work that I submitted. Other students in the same class can see the correct information. Could the concerned office please confirm the correct status?,Academic
"the migration certificate was entered under the wrong category. The delay is creating difficulty with my semester matters. Because the issue is still unresolved, it is now affecting my normal university work. Kindly check the application and provide an update.",Administrative Offices
the official certificate request has no status update despite repeated visits. The delay is creating difficulty with my semester matters. Kindly check the application and provide an update.,Administrative Offices
the document attestation request was submitted before the deadline but still shows pending.,Administrative Offices
the washroom plumbing is leaking and making the floor wet.,Maintenance & Facilities
the final exam result does not include marks for work that I submitted.,Academic
the mess timing is still unresolved after several days. Please take action and update me about the complaint.,Hostel/Provost Office
"the practical marks was not accepted even though I met the deadline. Because of this error, I am unable to proceed with the next academic step. Please update the record according to the submitted documents.",Academic
the hostel cleaning schedule is not working properly. The issue needs attention before it becomes more serious. Please resolve this hostel-related problem soon.,Hostel/Provost Office
I am facing an issue because the exam date sheet was marked absent although I attended the class. I have already checked this more than once. Please check the matter before it affects my semester further.,Academic
my degree verification request was returned without explaining what is missing.,Administrative Offices
the hostel corridor lights is creating an uncomfortable living situation. I request the Provost ofice to look into this matter.,Hostel/Provost Office
I am writing regarding the laboratory ventilation is leaking and making the floor wet. Please send someone to inspect the location. I would be grateful if the responsible office could review the details instead of asking me to repeat the same process. The concerned staff are requested to repair this promptly.,Maintenance & Facilities
"Please help, the university WiFi shows an error whenever I try to submit work. The IT team is requested to inspect and correct this.",IT Services
I want to report that the department printer is not loading the required page. I reported this earlier to the IT desk but it is still unresolved. The IT team is requested to inspect and correct this.,IT Services
the department elevator needs urgent cleaning and maintenance.,Maintenance & Facilities
I want to report that the official certificate request was marked incomplete although all listed documents were attached. I have already checked this more than once. Please correct the record and confirm the updated status.,Administrative Offices
my fee challan is being delayed because the counter staff keep asking me to return later.,Administrative Offices
I want to bring this issue to your attention: the toilet flush has been out of order for several days. I have already checked this more than once. Kindly send the maintenance team to inspect and fix it.,Maintenance & Facilities
Could you please look into this: the water cooler has loose parts that may cause an accident. I request urgent maintenance of this issue.,Maintenance & Facilities
Please check why the hostel water supply is not working properly. I have already checked this more than once. Kindly inspect the issue and arrange the required solution.,Hostel/Provost Office
the registrar application does not match the payment receipt.,Administrative Offices
"There seems to be an issue with the registrar application is stuck between two administrative offices. The counter staff asked me to check again later, but there is still no progress. Kindly check the application and provide an update.",Administrative Offices
the course section is showing the wrong course information. I submitted the required application before the deadline. Could the concerned office pleas confirm the correct status?,Academic
"This is getting difficult, the hostle WiFi complaint record is not available at the stated time. The warden was informed but I have not received any update. The concerned hostel staff are requested to take action.",Hostel/Provost Office
I am facing an issue because the hostel security desk was reported to the warden but no action has been taken. I have already checked this more than once. Please resolve this hostel-related problem soon.,Hostel/Provost Office
"Sir please check, the toilet flush is causing difficulty for students during lectures. Please inspect the area and take the necessary action.",Maintenance & Facilities
"I want to bring this issue to your attention: the online registration portal fails before the process is completed. The problem started recently and has continued since then. I have been trying to get this sorted out, but there has not been a clear resolution yet. Kindly check the network or account configuration.",IT Services
I am facing an issue because course registration is creating a clash with another registered course. I have already checked this more than once. Please recheck the entry and let me know once it is fixed.,Academic
the prerequisite approval is still missing from the student record. The supporting document was submited at the department office. I request the department to resolve this as soon as possible.,Academic
I am writing regarding the water cooler is damaged and unsafe to use. The area is frequently used by students and staff. Kindly resolve the maintenance problem at the earliest.,Maintenance & Facilities
"my hostel room allocation has been pending with the hostel office. I have already submitted a request at the hostel office. Because the issue is still unresolved, it is now affecting my normal university work. Please ask the hostel administration to resolve it.",Hostel/Provost Office
the hot water facility is causing problems for residents every day. Several residents on the floor are facing the same problem. Kindly have the warden or relevant staff check this issue.,Hostel/Provost Office
the room cleanliness is still unresolved after several days.,Hostel/Provost Office
"the assignment grade is different from what appears on the departmental notice. I would appreciate verification from the concerned academic office. Because the issue is still unresolved, it is now affecting my normal university work. Kindly review this issue and update the academic record.",Academic
I am writing regarding the official certificate request has been pending without any clear update. I would appreciate a clear status instead of being sent between offices. Kindly review the documents and process the request.,Administrative Offices
"I want to report that my midterm marks does not reflect the form I submitted on time. Because of this error, I am unable to proceed with the next academic step. Could the concerned ofice please confirm the correct status?",Academic
"Sir please check, the lecture room lights is blocked and water is collecting around it. Students are facing this problem every day. Because the issue is still unresolved, it is now affecting my normal university work. The concerned staff are requested to repair this promptly.",Maintenance & Facilities
I am facing an issue because the hostel washroom is creating repeated arguments among residents. I have already checked this more than once. I request the Provost Office to look into this matter.,Hostel/Provost Office
"There is a problem with the hostel water supply is creating hygiene concerns for residents. I informed the hostel staff earlier, but the issue continues. Please take action and update me about the complaint.",Hostel/Provost Office
I need help because the viva schedule was uploaded late and now I cannot complete the next process. I have already checked this more than once. Please verify the record and correct it.,Academic
"I would like to complain that the LMS account has been unavailable since this morning. I already changed the password, but the error remains. I would be grateful if the responsible office could review the details instead of asking me to repeat the same process. Kindly ask IT support to resolve this problem.",IT Services
I am facing an issue because the printing system shows an error whenever I try to submit work. I have already checked this more than once. I request technical support for this issue.,IT Services
"Could you please look into this: the wter cooler is leaking and making the floor wet. Please send someone to inspect the location. I have been trying to get this sorted out, but there has not been a clear resolution yet. The concerned staff are requested to repair this promptly.",Maintenance & Facilities
"I have a problem, the hostle security desk needs attention from the provost office. The condition has been causing inconvenience for several days. Please have the warden or relevant staff check this issue.",Hostel/Provost Office
the final exam result is different from what appears on the departmental notice. Could the concerned office please confirm the correct status?,Academic
the lab computer hasnt been restored after an earlier complaint. I need access before the current submission deadline. I request technical support for this issue.,IT Services
I need help becuase the laundry area was handled differently from the stated hostel rules. I have already checked this more than once. Kindly inspect the issue and arrange the required solution.,Hostel/Provost Office
I am having trouble because the classroom chairs is making a loud noise throughout lectures. The area is frequently used by students and staff. I would be grateful if the responsible office could review the details instead of asking me to repeat the same process. Kindly resolve the maintenance problem at the earliest.,Maintenance & Facilities
There is a problem with the lab internet connection shows a server error repeatedly. I have already checked this more than once. The IT team is requested to inspect and correct this.,IT Services
"the assignment grade has not been updated even though the instructor confirmed the correction. This issue is causing difficulty with my current semester planning. Because the issue is still unresolved, it is now affecting my normal university work. Please update the record according to the submitted documents.",Academic
I am writing regarding the room cleanliness is creating an uncomfortable living situation. Several residents on the floor are facing the same problem. Please ask the hostel administration to resolve it.,Hostel/Provost Office
the classroom fan is blocked and water is collecting around it. Please inspect the area and take the necessary action.,Maintenance & Facilities
the projector connection does not accept my correct login details. I need access before the current submission deadline. Please investigate the error and update the service.,IT Services
Please check why my fee challan has not been forwarded to the concerned office. I have already checked this more than once. Please resolve the issue without further unnecessary delay.,Administrative Offices
I want to bring this issue to your attention: the admission fee record has been pending without any clear update. Please process the request and correct the record.,Administrative Offices
"This is getting difficult, i need help because the network connection is showing outdated information. I reported this earlier to the IT desk but it is still unresolved. I have been trying to get this sorted out, but there has not been a clear resolution yet. Please restore access as soon as possible.",IT Services
I am writing regarding the registered credit hours was changed without any explanation. Kindly investigate the discrepancy and make the required correction.,Academic
I need help because the quiz score was uploaded late and now I cannot complete the next process. I need the corrected record for an upcoming academic requirement. I have been trying to get this sorted out but there has not been a clear resolution yet. Kindly review this issue and update the academic record.,Academic
"There seems to be an issue with the document attestation request was supposed to be completed earlier but remains unresolved. The counter staff asked me to check again later, but there is still no progress. The concerned office is requested to check and complete this matter.",Administrative Offices
"the classroom fan has loose parts that may cause an accident. A maintenance complaint was already reported, but the problem remains. I request urgent maintenance of this issue.",Maintenance & Facilities
I want to report that my CGPA was marked absent although I attended the class. I have already checked this more than once. Could the concerned office please confirm the correct status?,Academic
I need help because the corridor lights is producing a strong smell and needs maintenance. I have already checked this more than once. Please inspect the area and take the necessary action.,Maintenance & Facilities
I would like to complain that the water cooler has been out of order for several days. The area is frequently used by students and staff. I would be grateful if the responsible office could review the details instead of asking me to repeat the same process. Kindly resolve the maintenance problem at the earliest.,Maintenance & Facilities
I am writing regarding the thesis progress review was not accepted even though I met the deadline. Please recheck the entry and let me know once it is fixed.,Academic
the mess timing is making it difficult to stay in the room. Please ask the hostel administration to resolve it.,Hostel/Provost Office
the LMS course page works for a few minutes and then goes offline. Please investigate the error and update the service.,IT Services
"Hi, the document attestation request was submitted before the deadline but still shows pending. I request verification and completion of the pending process.",Administrative Offices
"Can u check this, could you please look into this: the room furniture is creating repeated arguments among residents. I informed the hostel staff earlier, but the issue continues. I would be grateful if the responsible office could review the details instead of asking me to repeat the same process. Please ask the hostel administration to resolve it.",Hostel/Provost Office
Could you please look into this: the LMS course page is showing outdated information. I reported this earlier to the IT desk but it is still unresolved. Please investigate the error and update the service.,IT Services
I am writing regarding the room ceiling fan has not been updated in the hostel record. I have already checked this more than once. Please ask the hostel administration to resolve it.,Hostel/Provost Office
There is a problem with the classroom windows has been left unrepaired since last week. The facility is currently difficult to use safely. Please arrange repair as soon as possible.,Maintenance & Facilities
"I want to report that the student portal is not responding at all. I already changed the password, but the error remains. I have been trying to get this sorted out, but there has not been a clear resolution yet. I request technical support for this issue.",IT Services
my portal login is rejecting files that meet the stated requirements. Other university websites are opening normally. Kindly ask IT support to resolve this problem.,IT Services
"I want to bring this issue to your attention: the building staircase is not providing adequate service. Students are facing this problm every day. I have been trying to get this sorted out, but there has not been a clear resolution yet. The concerned staff are requested to repair this promptly.",Maintenance & Facilities
There is a problem with the washroom taps is in poor condition and needs replacement. I have already checked this more than once. Please have this facility repaired or replaced.,Maintenance & Facilities
the classroom ceiling is not providing adequate service.,Maintenance & Facilities
the department printer is not responding at all. The issue occurs both in the lab and on my own device. I request technical support for this issue.,IT Services
the student portal is not syncing with my student account.,IT Services
"Sir please check, the online registration portal is not responding at all.",IT Services
"There seems to be an issue with the quiz score contains an error that is affecting my semester recoard. Because of this error, I am unable to proceed with the next academic step. I would be grateful if the responsible office could review the details instead of asking me to repeat the same process. Kindly review this issue and update the academic record.",Academic
Can someone check why the hostel gate procedure is making it difficult to stay in the room. The concerned hostel staff are requested to take action.,Hostel/Provost Office
"the official certificate request contains incorrect student information. The delay is creating difficulty with my semester matters. Because the issue is still unresolved, it is now affecting my normal university work. Please correct the record and confirm the updated status.",Administrative Offices
"I am having trouble because the admission document has been delayed beyond the stated processing time. The required documents and receipt were submitted. I have been trying to get this sorted out, but there has not been a clear resolution yet. Kindly review the documents and process the request.",Administrative Offices
I want to bring this issue to your attention: the quiz score was marked absent although I attended the class. Please recheck the entry and let me know once it is fixed.,Academic
the university server does not recognize my account. I reported this earlier to the IT desk but it is still unresolved. Kindly check the network or account configuration.,IT Services
I want to report that the electrical sockets is not providing adequate service. I have already checked this more than once. Kindly send the maintenance team to inspect and fix it.,Maintenance & Facilities
"the common room hasnt been repaired despite an earlier request. I informed the hostle staff earlier, but the issue continues. Kindly inspect the issue and arrange the required solution.",Hostel/Provost Office
the hostel cleaning schedule was reported to the warden but no action has been taken. I request the Provost Office to look into this matter.,Hostel/Provost Office
Please check why the makeup exam request still shows the old information after correction. Kindly investigate the discrepancy and make the required correction.,Academic
I want to report that the bonafide certificate has been pending without any clear update. I have already checked this more than once. Please resolve the issue without further unnecessary delay.,Administrative Offices
"Sir please check, the fee correction application was marked incomplete although all listed documents were attached. Please process the request and correct the record.",Administrative Offices
my financial aid application is being delayed because the counter staff keep asking me to return later.,Administrative Offices
I want to report that the fee refund request is causing difficulty with another university process. I have already checked this more than once. Please process the request and correct the record.,Administrative Offices
"Hi, i need help becuase the registered credit hours is showing the wrong course information. I have already checked this more than once. can the office confirm the correct status?",Academic
Im facing an issue because the university WiFi fails before the process is completed. I need access before the current submission deadline. I have been trying to get this sorted out but there has not been a clear resolution yet. The IT team is requested to inspect and correct this.,IT Services
"the electrical sockets is not availble when it is needed. The area is frequently used by students and staff. Because the issue is still unresolved, it is now affecting my normal university work. Please have this facility repaired or replaced.",Maintenance & Facilities
I am having trouble because the semester timetable contains an error that is affecting my semester record. Please update the record according to the submitted documents.,Academic
the laundry area is creating hygiene concerns for residents. The issue needs attention before it becomes more serious. Please handle the matter according to hostle policy.,Hostel/Provost Office
"Please check why the building staircase has broken fittings. Students are facing this problem every day. I have been trying to get this sorted out, but there has not been a clear resolution yet. Kindly send the maintenance team to inspect and fix it.",Maintenance & Facilities
the LMS course page does not recognize my account. Kindly ask IT support to resolve this problem.,IT Services
"my degree verification request needs correction in the administrative record. The counter staff asked me to check again later, but there is still no progress. Kindly check the application and provide an update.",Administrative Offices
"Hi, the drainage line is not available when it is needed. Students are facing this problem every day. Because the issue is still unresolved, it is now affecting my normal university work. Please arrange repair as soon as possible.",Maintenance & Facilities
"Hi, the hostel security refund was marked incomplete although all listed documents were attached. The required documents and receipt were submitted. I request verification and completion of the pending process.",Administrative Offices
the semester timetable was entered under the wrong course code. Please verify the record and correct it.,Academic
the laundry area needs attention from the provost offce. I have already submitted a request at the hostel office. The concerned hostel staff are requested to take action.,Hostel/Provost Office
"the hostel security refund was submitted before the deadline but still shows pending. This matter has remained unresolved for several working days. Because the issue is still unresolved, it is now affecting my normal university work. I request verification and completion of the pending process.",Administrative Offices
the mess food was handled differently from the stated hostel rules.,Hostel/Provost Office
"Sir please check, i want to report that the common room has been pending with the hostel office. I have already checked this more than once. Please inspect the issue and arrange the required solution.",Hostel/Provost Office
"Please help, my roommate issue has not been updated in the hostel record. The condition has been causing inconvenience for several days. Please have the warden or relevant staff check this issue.",Hostel/Provost Office
There seems to be an issue with my clearance form has not been issued yet. I have kept a copy of the submited form and payment receipt. Kindly review the documents and process the request.,Administrative Offices
I am facing an issue because the hostel WiFi complaint record requires inspection by hostel staff. The issue needs attention before it becomes more serious. Please resolve this hostel-related problem soon.,Hostel/Provost Office
"Hi, the practical marks was uploaded late and now I cannot complete the next process.",Academic
"Please check why the hostel gate procedure is causing unnecessary difficulty at night. I would like the matter to be handled according to hostel rules. I have been trying to get this sorted out, but there has not been a clear resolution yet. I request the Provost Office to look into this matter.",Hostel/Provost Office
Can someone check why the backup generator has been out of order for several days. The issue becomes worse during afternoon classes. Please arrange repair as soon as possible.,Maintenance & Facilities
Can someone check why the admission document is stuck between two administrative offices. I would appreciate a clear status instead of being sent between offices. Please correct the record and confirm the updated status.,Administrative Offices
I am writing regarding the document attestation request has been delayed beyond the stated processing time. The delay is creating difficulty with my semester matters. I have been trying to get this sorted out but there has not been a clear resolution yet. Kindly check the applicaton and provide an update.,Administrative Offices
"pleas help, the computer lab software is preventing me from accessing course material.",IT Services
the printing system shows a server error repeatedly. This is affecting my ability to complete universirty work. The IT team is requested to inspect and correct this.,IT Services
"This is getting difficult, i am writing regarding the computer lab software is rejecting files that meet the stated requirements. I have already checked this more than once. The IT team is requested to inspect and correct this.",IT Services
"the student portal shows an error whenever I try to submit work. Please check whether there is an account or server-side problem. Because the issue is still unresolved, it is now affecting my normal university work. I request technical support for this issue.",IT Services
Could you please look into this: the department printer has stopped working after the latest update. I have already checked this more than once. The IT team is requested to inspect and correct this.,IT Services
I am having trouble because the department elevator has broken fittings. It would be better to repair it before the damage increases. Please check the problem and restore the facility.,Maintenance & Facilities
"Sir please check, the drinking water supply is making a loud noise throughout lectures. Students are facing this problem every day. becuase the issue is still unresolved, it is now affecting my normal university work. Please check the problem and restore the facility.",Maintenance & Facilities
"my portal login is preventing me from accessing course material. Other university websites are opening normally. Because the issue is still unresolved, it is now affecting my normal university work. Please resolve the technical problem before the deadline.",IT Services
"I have a problem, the result card does not reflect the form I submitted on time. Other students in the same class can see the correct information. Please recheck the entry and let me know once it is fixed.",Academic
"the final exam result was uploaded late and now I cannot complete the next process. I need the corrected record for an upcoming academic requirement. Because the issue is still unresolved, it is now affecting my normal university work. Please update the record according to the submitted documents.",Academic
"my CGPA has been pending for several days. Because of this error, I am unable to proceed with the next academic step. Please update the record according to the submitted documents.",Academic
I want to report that the mess food has become worse this week. I have already checked this more than once. Kindly have the warden or relevant staff check this issue.,Hostel/Provost Office
the registrar application has not been forwarded to the concerned office.,Administrative Offices
I would like to complain that the hostel room lock has not been repaired despite an earlier request. I have already checked this more than once. Please ask the hostel administration to resolve it.,Hostel/Provost Office
"the classroom fan is overflowing during busy hours. The facility is currently difficult to use safely. Because the issue is still unresolved, it is now affecting my normal university work. Kindly resolve the maintenance problem at the earliest.",Maintenance & Facilities
"Can u check this, i am facing an issue because the bonafide certificate has not been forwarded to the concerned office. The delay is creating difficulty with my semester matters. Please resolve the issue without further unnecessary delay.",Administrative Offices
There is a problem with my financial aid application is causing difficulty with another university process. Kindly check the application and provide an update.,Administrative Offices
"I have a problem, can someone check why the room change request has not been repaired despite an earlier request. I have already submitted a request at the hostel office. I have been trying to get this sorted out, but there has not been a clear resolution yet. I request the Provost Office to look into this matter.",Hostel/Provost Office
There is a problem with the washroom plumbing has exposed wiring that should be inspected. The area is frequently used by students and staff. I would be grateful if the responsible ofice could review the details instead of asking me to repeat the same process. Kindly send the maintenance team to inspect and fix it.,Maintenance & Facilities
I want to report that the classroom windows is not providing adequate service. I have already checked this more than once. Please have this facility repaired or replaced.,Maintenance & Facilities
"I need help because the quiz score has not been approved despite repeated follow-up. The department office asked me to wait, but there has been no update. I would be grateful if the responsible office could review the details instead of asking me to repeat the same process. I request the department to resolve this as soon as possible.",Academic
I am writing regarding the fee refund request has not been processed even though the documents were submitted. I have already checked this more than once. Please resolve the issue without further unnecessary delay.,Administrative Offices
"Can u check this, please check why the common room is not available at the stated time. I have already checked this more than once. I request the Provost Office to look into this matter.",Hostel/Provost Office
There seems to be an issue with the LMS account does not accept my correct login details. Restarting the device did not solve the issue. I would be grateful if the responsible offce could review the details instead of asking me to repeat the same process. Kindly ask IT support to resolve this problem.,IT Services
the biometric attendance machine has been unavailable since this morning. This is affecting my ability to complete university work. Please restore access as soon as possible.,IT Services
"the university WiFi is extremely slow during class hours. Restarting the device did not solve the issue. Because the issue is still unresolved, it is now affecting my normal university work. Please restore access as soon as possible.",IT Services
I need help because the hostel corridor lights needs attention from the provost office. The concerned hostel staff are requested to take action.,Hostel/Provost Office
I am having trouble because the final exam reslt has not been approved despite repeated follow-up. I already contacted the relevant teacher but the record is unchanged. I have been trying to get this sorted out but there has not been a clear resolution yet. I request the department to resolve this as soon as possible.,Academic
"I would like to complain that the viva schedule is still missing from the stuent record. The department office asked me to wait, but there has been no update. I would be grateful if the responsible office could review the details instead of asking me to repeat the same process. Please update the record according to the submitted documents.",Academic
"I have a problm, the migration certificate has no status update despite repeated visits.",Administrative Offices
my thesis supervision was marked absent although I attended the class. The department office asked me to wait but there has been no update. Kindly review this issue and update the academic record.,Academic
the hostel corridor lights is not working properly.,Hostel/Provost Office
I am having trouble because my degree verification request is causing difficulty with another university process. I have already checked this more than once. Please correct the record and confirm the updated status.,Administrative Offices
Could you pls look into this: my attendance record is preventing me from completing registration. I have already checked this more than once. Kindly review this issue and update the academic record.,Academic
Can someone check why the computer lab software is preventing me from accessing course material. I have already checked this more than once. Please check the account or system and fix the issue.,IT Services
"I would like to complain that the assignment grade has not been approved despite repeated follow-up. becase of this error, I am unable to proceed with the next academic step. I have been trying to get this sorted out, but there has not been a clear resolution yet. Kindly review this issue and update the academic record.",Academic
the mess food is causing problems for residents every day. Please resolve this hostel-related problem soon.,Hostel/Provost Office
my attendance recoard is different from what appears on the departmental notice.,Academic
I would like to complain that the room furniture is making it difficult to stay in the room. I have already checked this more than once. Please resolve this hostel-related problem soon.,Hostel/Provost Office
"Hi, i would like to complain that the fee correction application shows an incorrect amount. The delay is creating difficulty with my semester matters. Please review the documents and process the request.",Administrative Offices
I am writing regarding the exam date sheet was changed without any explanation. I have already checked this more than once. Please verify the recrod and correct it.,Academic
the hostel security desk is making it difficult to stay in the room. Please check the hostel record for my earlier complaint. Kindly have the warden or relevant staff check this issue.,Hostel/Provost Office
the quiz score was marked absent although I attended the class. I would appreciate verification from the concerned academic office. I request the department to resolve this as soon as possible.,Academic
"Sir please check, i am writing regarding my midterm marks has not been updated even though the instructor confirmed the correction. I already contacted the relevant teacher but the record is unchanged. Please verify the record and correct it.",Academic
Please check why the LMS account is preventing me from accessing course material. Restarting the device did not solve the issue. The IT team is requested to inspect and correct this.,IT Services
There seems to be an issue with the migration certificate does not match the payment receipt. I have already visited the concerned offce more than once. I request verification and completion of the pending process.,Administrative Offices
"the assignment grade is still missing from the student record. I submitted the required application before the deadline. Because the issue is still unresolved, it is now affecting my normal university work. I request the department to resolve this as soon as possible.",Academic
"Could you pls look into this: my clearance form was entered under the wrong category. This matter has remained unresolved for several working days. I have been trying to get this sorted out, but there has not been a clear resolution yet. Please ask the concerned administrative office to resolve this.",Administrative Offices
There seems to be an issue with the corridor lights has loose parts that may cause an accident. I have already checked this more than once. Please check the problem and restore the facility.,Maintenance & Facilities
the classroom chairs is creating an uncomfortable environment in the room. Please have this facility repaired or replaced.,Maintenance & Facilities
I am having trouble because the admission status has not been issued yet. Please correct the record and confirm the updated status.,Administrative Offices
I want to bring this issue to your attention: the room change request hasnt been repaired despite an earlier request. I would like the matter to be handled according to hostel rules. I would be grateful if the responsible office could review the details instead of asking me to repeat the same process. Kindly have the warden or relevant staff check this issue.,Hostel/Provost Office
Can someone check why the room furniture was reported to the warden but no action has been taken. The issue needs attention before it becomes more serious. Please resolve this hostel-related problem soon.,Hostel/Provost Office
There seems to be an issue with the hostel cleaning schedule is not being handled according to the hostel procedure. Please take action and update me about the complaint.,Hostel/Provost Office
"the room change request is making it difficult to stay in the room. I informed the hostel staff earlier, but the issue continues. Because the issue is still unresolved, it is now affecting my normal university work. I request the Provost Office to look into this matter.",Hostel/Provost Office
I am facing an issue because the room furniture was reported to the warden but no action has been taken. I have already checked this more than once. Kindly inspect the issue and arrange the required solution.,Hostel/Provost Office
my GPA calculation is different from what appears on the departmental notice. I already contacted the relevant teacher but the record is unchanged. Could the concerned office please confirm the correct status?,Academic
I would like to complain that the university server is extremely slow during class hours. I have already checked this more than once. Please investigate the error and update the service.,IT Services
Please check why the admission document hasnt been processed even though the documents were submitted. Please verify the record with the accounts or registrar office. Please process the request and correct the record.,Administrative Offices
"I want to bring this issue to your attention: my university email is not detecting the connected device. I already changed the password, but the error remains. Please resolve the technical problem before the deadline.",IT Services
Im writing regarding the online registration portal is not loading the required page. Kindly ask IT support to resolve this problem.,IT Services
Could you please look into this: the corridor lights is overflowing during busy hours. The area is frequently used by students and staff. Please check the problem and restore the facility.,Maintenance & Facilities
my degree verification request was returned without explaining what is missing. Please verify the record with the accounts or registrar office. Please correct the record and confirm the updated status.,Administrative Offices
the hostel room lock has not been resolved after repeated reporting. Please take action and update me about the complaint.,Hostel/Provost Office
the washroom taps is blocked and watre is collecting around it. The problem is now affecting more than one class. Please have this facility repaired or replaced.,Maintenance & Facilities
"Could you please look into this: the bonafide certificate needs correction in the administrative record. The required documents and receipt were submitted. I have been trying to get this sorted out, but there has not been a clear resolution yet. I request verification and completion of the pending process.",Administrative Offices
"Sir please check, could you please look into this: my portal login is not syncing with my student account. I have already checked this more than once. Please investigate the error and update the service.",IT Services
I am writing regarding the bonafide certificate was marked incomplete although all listed documents were attached. I request verification and completion of the pending process.,Administrative Offices
I would like to complain that the room cleanliness is causing problems for residents every day. Please check the hostel record for my earlier complaint. Please ask the hostel administration to resolve it.,Hostel/Provost Office
the classroom projector does not send the verification message. The IT team is requested to inspect and correct this.,IT Services
the hostel corridor lights was handled differently from the stated hostel rules. The problem is especially difficult during evening hours. The concerned hostel staff are requested to take action.,Hostel/Provost Office
"I would like to complain that the student portal has stopped working after the latest update. I reported this earlier to the IT desk but it is still unresolved. I have been trying to get this sorted out, but there has not been a clear resolution yet. plz investigate the error and update the service.",IT Services
"This is getting difficult, there seems to be an issue with my clearance form has no status update despite repeated visits. I have kept a copy of the submitted form and payment receipt. I have been trying to get this sorted out, but there has not been a clear resolution yet. I request verification and completion of the pending process.",Administrative Offices
I want to report that my university email is showing outdated information. The issue occurs both in the lab and on my own device. I would be grateful if the responsible offce could review the details instead of asking me to repeat the same process. Kindly check the network or account configuration.,IT Services
"I would like to complain that the result card was changed without any explanation. I already contacted the relevant teacher but the record is unchanged. I have been trying to get this sorted out, but there has not been a clear resolution yet. Could the concerned office please confirm the correct status?",Academic
"the hostel washroom was reported to the warden but no action has been taken. I would like the matter to be handled according to hostel rules. Because the issue is still unresolved, it is now affecting my normal university work. Kindly inspect the issue and arrange the required solution.",Hostel/Provost Office
"I need help because the accounts office receipt was returned without explaining what is missing. I need the document for another university process. I have been trying to get this sorted out, but there has not been a clear resolution yet. Please resolve the issue without further unnecessary delay.",Administrative Offices
Please check why the room furniture needs attention from the provost office. The problem is especially difficult during evening hours. Kindly inspect the issue and arrange the required solution.,Hostel/Provost Office
my midterm marks has not been approved despite repeated follow-up. Kindly review this issue and update the academic record.,Academic
"Could you please look into this: the viva schedule is still missing from the student record. Other students in the same class can see the correct information. I have been trying to get this sorted out, but there has not been a clear resolution yet. Kindly review this issue and update the academic record.",Academic
the registrar application has been pending without any clear update. I request verification and completion of the pending process.,Administrative Offices
I am having trouble because the department elevator is in poor condition and needs replacement. I have already checked this more than once. Please have this facility repaired or replaced.,Maintenance & Facilities
my clearance form was marked incomplete although all listed documents were attached. Please ask the concerned administrative office to resolve this.,Administrative Offices
"Please help, i am writing regarding my university email is not syncing with my student account. This is affecting my ability to complete university work. I would be grateful if the responsible office could review the details instead of asking me to repeat the same process. Please ask IT support to resolve this problem.",IT Services
I need help because the exam date sheet was entered under the wrong course code. I have already checked this more than once. Could the concerned office please confirm the correct status?,Academic
"Can u check this, can someone check why the classroom ceiling is overflowing during busy hours. This is especially difficult when the room is full. Please send the maintenance team to inspect and fix it.",Maintenance & Facilities
the computer lab software has been unavailable since this morning. Other university websites are opening normally. Please check the account or system and fix the issue.,IT Services
There seems to be an issue with the drinking water supply has been out of order for several days. I request urgent maintenance of this issue.,Maintenance & Facilities
"There is a problem with the LMS account fails before the process is completed. I already changed the password, but the error remains. I have been trying to get this sorted out, but there has not been a clear resolution yet. The IT team is requested to inspect and correct this.",IT Services
the laundry area has been pending with the hostel ofice.,Hostel/Provost Office
the air conditioner has not been repaired after an earlier complaintt.,Maintenance & Facilities
I would like to complain that the hostel room lock is creating hygiene concerns for residents. I have already checked this more than once. Please resolve this hostel-related problem soon.,Hostel/Provost Office
the registrar applicaton was supposed to be completed earlier but remains unresolved. This matter has remained unresolved for several working days. Please ask the concerned administrative office to resolve this.,Administrative Offices
I want to report that the hostle security refund doesnt match the payment receipt. I have kept a copy of the submitted form and payment receipt. Kindly review the documents and process the request.,Administrative Offices
"Can u check this, course registration is showing the wrong course information. I already contacted the relevant teacher but the record is unchanged. Please review this issue and update the academic record.",Academic
I am facing an issue because the classroom ceiling is not available when it is needed. Students are facing this problem every day. Please have this facility repaired or replaced.,Maintenance & Facilities
"This is getting difficult, could you please look into this: the course section was not accepted even though I met the deadline. I already contacted the relevant teacher but the record is unchanged. Please check the matter before it affects my semester further.",Academic
Could you please look into this: the laundry area is not working properly. Please handle the matter according to hostel policy.,Hostel/Provost Office
There seems to be an issue with the room change request needs attention from the provost office. Kindly inspect the issue and arrange the required solution.,Hostel/Provost Office
the mess timing was reported to the warden but no action has been taken.,Hostel/Provost Office
"Sir please check, there seems to be an issue with the result card was not accepted even though I met the deadline. I need the corrected record for an upcoming academic requirement. I would be grateful if the responsible office could review the details instead of asking me to repeat the same process. Please review this issue and update the academic record.",Academic
the drinking water supply has broken fittings.,Maintenance & Facilities
the electrical sockets is blocked and water is collecting around it.,Maintenance & Facilities
"I am facing an issue because the fee correction application was entered under the wrong category. I would appreciate a clear status instead of being sent between offices. I have been trying to get this sorted out, but there hasnt been a clear resolution yet. I request verification and completion of the pending process.",Administrative Offices
Can someone check why the room ceiling fan is not working properly. I have already checked this more than once. I request the Provost Office to look into this matter.,Hostel/Provost Office
I want to bring this issue to your attention: the thesis progress review does not reflect the form I submitted on time. Other students in the same class can see the correct information. I would be grateful if the responsible office could review the details instead of asking me to repeat the same process. Please update the record according to the submitted documents.,Academic
Please check why the registrar aplication has not been approved even after verification. I have already checked this more than once. Kindly check the application and provide an update.,Administrative Offices
There seems to be an issue with the water cooler has exposed wiring that should be inspected. I have already checked this more than once. Kindly resolve the maintenance problem at the earliest.,Maintenance & Facilities
"Could you please look into this: the hostel washroom is making it difficult to stay in the room. I informed the hostel staff earlier, but the issue continues. Please ask the hostel administration to resolve it.",Hostel/Provost Office
I want to report that the water cooler is not wroking properly during class hours. I have already checked this more than once. Kindly resolve the maintenance problem at the earliest.,Maintenance & Facilities
the password reset service has not been restored after an earlier complaint. Kindly check the network or account configuration.,IT Services
the admission document needs correction in the administrative record. I have kept a copy of the submitted form and payment receipt. Please resolve the issue without further unnecessary delay.,Administrative Offices
"I want to bring this issue to your attention: the registered credit hours was uploaded late and now I cannot complete the next process. Other students in the same class can see the correct information. I have been trying to get this sorted out, but there has not been a clear resolution yet. I request the department to resolve this as soon as possible.",Academic
my clearance form contains incorrect student information.,Administrative Offices
the lecture room lights has been left unrepaired since last week. This is especially difficult when the room is full. The concerned staff are requested to repair this promptly.,Maintenance & Facilities
the email verification link does not send the verification message. Please check the account or system and fix the issue.,IT Services
"Hi, i am writing regarding my thesis supervision is creating a clash with another registered course. I have checked the portal more than once and the same problm remains. I would be grateful if the responsible office could review the details instead of asking me to repeat the same process. Please review this issue and update the academic record.",Academic
"I have a problem, the university server works for a few minutes and then goes offline. This is affecting my ability to complete university work. The IT team is requested to inspect and correct this.",IT Services
Please check why the LMS course page is not loading the required page. I have already checked this more than once. Please resolve the technical problem before the deadline.,IT Services
Can someone check why the email verification link is extremely slow during class hours. I reported this earlier to the IT desk but it is still unresolved. Please restore access as soon as possible.,IT Services
"Please help, the course section has not been approved despite repeated follow-up. Other students in the same class can see the correct information. Please check the matter before it affects my semester further.",Academic
"the final exam result is different from what appears on the departmental notice. I would appreciate verification from the concerned academic office. Because the issue is still unresolved, it is now affecting my normal university work. I request the department to resolve this as soon as possible.",Academic
the department printer does not accept my correct login details. Please restore access as soon as possible.,IT Services
"the room change request is creating hygiene concerns for residents. The warden was informed, but I have not received any update. Kindly have the warden or relevant staff check this issue.",Hostel/Provost Office
"Hi, the printing system is not loading the required page. The issue occurs both in the lab and on my own device. Because the issue is still unresolved, it is now affecting my normal university work. Please restore access as soon as possible.",IT Services
the backup generator has exposed wiring that should be inspected. The issue becomes worse during afternoon classes. Kindly send the maintenance team to inspect and fix it.,Maintenance & Facilities
"I have a problemm, i would like to complain that my university email is not connected to the campus network. I tried from more than one device and the problem is the same. I would be grateful if the responsible office could review the details instead of asking me to repeat the same process. I request technical support for this issue.",IT Services
the lecture desk is overflowing during busy hours. The facility is currently difficult to use safely. Please inspect the area and take the necessary action.,Maintenance & Facilities
I want to report that the registrar application was submitted before the deadline but still shows pending. I have already checked this more than once. Please resolve the issue without further unnecessary delay.,Administrative Offices
I would like to complain that the corridor lights has exposed wiring that should be inspected. The issue becomes worse during afternoon classes. I request urgent maintenance of this issue.,Maintenance & Facilities
the official certificate request has been delayed beyond the stated processing time. I need the document for another university process. Kindly check the application and provide an update.,Administrative Offices
the classroom ceiling has loose parts that may cause an accident. The concerned staff are requested to repair this promptly.,Maintenance & Facilities
I want to report that my attendance record shows a value that does not match the mraks announced in class. I would appreciate verification from the concerned academic office. Please recheck the entry and let me know once it is fixed.,Academic
Can someone check why the university WiFi has not been restored after an earlier complaint. Kindly ask IT support to resolve this problem.,IT Services
"my roommate issue was reported to the warden but no action has been taken. Please check the hostel record for my earlier complaint. Because the issue is still unresolved, it is now affecting my normal university work. Kindly have the warden or relevant staff check this issue.",Hostel/Provost Office
Could you please look into this: the lab internet connection works for a few minutes and then goes offline. The problem started recently and has continued since then. Please check the account or system and fix the issue.,IT Services
"Hi, please check why the classroom ceiling is producing a strong smell and needs maintenance. Please send someone to inspect the location. I have been trying to get this sorted out, but there has not been a clear resolution yet. I request urgent maintenance of this issue.",Maintenance & Facilities
"the exam date sheet is preventing me from completing registration. Because of this error, I am unable to proceed with the next academic step. Kindly review this issue and update the academic record.",Academic
"Please check why the viva schedule is different from what appears on the departmental notice. Because of this error, I am unable to proceed with the next academic step. I have been trying to get this sorted out, but there has not been a clear resolution yet. I request the department to resolve this as soon as possible.",Academic
"the hostel water supply is causing unnecessary difficulty at night. The issue needs attention before it becomes more serious. Because the issue is still unresolved, it is now affecting my normal university work. I request the Provost Office to look into this matter.",Hostel/Provost Office
Please check why the registrar application needs correction in the administrative record. I have already checked this more than once. Please correct the record and confirm the updated status.,Administrative Offices
the document attestation request is causing difficulty with another university process. I have already visited the concerned office more than once. I request verification and completion of the pending process.,Administrative Offices
I am facing an issue because the hostel WiFi complaint record is causing problems for residents every day. Please resolve this hostel-related problem soon.,Hostel/Provost Office
"the projector connection keeps disconnecting during use. I reported this earlier to the IT desk but it is still unresolved. Because the issue is still unresolved, it is now affecting my normal university work. Kindly ask IT support to resolve this problem.",IT Services
"I have a problemm, i am writing regarding my university email is rejecting files that meet the stated requirements. I have already checked this more than once. The IT team is requested to inspect and correct this.",IT Services
Can someone check why the accounts ofice receipt has been pending without any clear update. I have already checked this more than once. Please ask the concerned administrative office to resolve this.,Administrative Offices
the water cooler is blocked and water is collecting around it. Kindly send the maintenance team to inspect and fix it.,Maintenance & Facilities
the bonafide certificate was submitted before the deadline but still shows pending. Please verify the record with the accounts or registrar office. Please resolve the issue without further unnecessary delay.,Administrative Offices
"This is getting difficult, the semester timetable does not include marks for work that I submitted. plz investigate the discrepancy and make the required correction.",Academic
There is a problem with the room furniture has not been resolved after repeated reporting. The condition has been causing inconvenience for several days. Kindly have the warden or relevant staff check this issue.,Hostel/Provost Office
I want to report that my GPA calculation contains an error that is affecting my semester record. I submitted the required application before the deadline. I would be grateful if the responsible office could review the details instead of asking me to repeat the same process. Please verify the record and correct it.,Academic
Please check why the printing system shows a server error repeatedly. Please check whether there is an account or server-side problem. Please check the account or system and fix the issue.,IT Services
"my financial aid application was entered under the wrong category. The counter staff asked me to check again later, but there is still no progress. I request verification and completion of the pending process.",Administrative Offices
"I have a problem, i want to report that the washroom plumbing keeps stopping and starting. I have already checked this more than once. pls inspect the area and take the necessary action.",Maintenance & Facilities
I want to report that the hostel gate procedure is not working properly. Kindly inspect the issue and arrange the required solution.,Hostel/Provost Office
I am facing an issue because the result card was uploaded late and now I cannot complete the next process. I have already checked this more than once. Could the concerned office please confirm the correct status?,Academic
"Can u check this, the network connection does not send the verification message.",IT Services
"the admission document was supposed to be completed earlier but remains unresolved. Please verify the record with the accounts or registrar office. Because the issue is still unresolved, it is now affecting my normal universirty work. Please resolve the issue without further unnecessary delay.",Administrative Offices
There is a problem with the air conditioner has been left unrepaired since last week. I have already checked this more than once. Please check the problem and restore the facility.,Maintenance & Facilities
"Please check why the classroom ceiling is in poor condition and needs replacement. A maintenance complaint was already reported, but the problem remains. I would be grateful if the responsible office could review the details instead of asking me to repeat the same process. Kindly send the maintenance team to inspect and fix it.",Maintenance & Facilities
I want to bring this issue to your attention: the classroom ceiling keeps stopping and starting. The problem is now affecting more than one class. I would be grateful if the responsible office could review the details instead of asking me to repeat the same process. Kindly send the maintenance team to inspect and fix it.,Maintenance & Facilities
"I need help because the hostel security desk is affecting basic hostel facilities. Several residents on the floor are facing the same problem. I have been trying to get this sorted out, but there hasnt been a clear resolution yet. The concerned hostel staff are requested to take action.",Hostel/Provost Office
I want to report that my portal login fails before the process is completed. Restarting the device did not solve the issue. I would be grateful if the responsible office could review the details instead of asking me to repeat the same process. Please resolve the technical problem before the deadline.,IT Services
Can someone check why the washroom taps keeps stopping and starting. I have already checked this more than once. Please have this facility repaired or replaced.,Maintenance & Facilities
the result card contains an error that is affecting my semester record.,Academic
Im writing regarding the document attestation request hasnt been forwarded to the concerned office. I need the document for another university process. Please correct the record and confirm the updated status.,Administrative Offices
"Sir please check, my student card is stuck between two administrative offices. The counter staff asked me to check again later but there is still no progress. Please resolve the issue without further unnecessary delay.",Administrative Offices
the duplicate student card request has not been issued yet. I need the document for another university process. Please resolve the issue without further unnecessary delay.,Administrative Offices
my student card contains incorrect student information.,Administrative Offices
There is a problem with the mess food has been pending with the hostel office. This is affecting normal hostel routine. I would be grateful if the responsible office could review the details instead of asking me to repeat the same process. Please resolve this hostel-related problem soon.,Hostel/Provost Office
"Can u check this, there is a problem with the hostel security desk is still unresolved after several days. I have already checked this more than once. Please handle the matter according to hostel policy.",Hostel/Provost Office
the air conditioner is not working properly during class hours. Please arrange repair as soon as possible.,Maintenance & Facilities
my clearance form needs correction in the administrative record. I have kept a copy of the submitted form and payment receipt. The concerned office is requested to check and complete this matter.,Administrative Offices
"Please help, i would like to complain that the washroom taps is in poor condition and needs replacement. Students are facing this problem every day. I have been trying to get this sorted out, but there has not been a clear resolution yet. Please inspect the area and take the necessary action.",Maintenance & Facilities
"the building staircase is creating an uncomfortable environment in the room. A maintenance complaint was already reported, but the problem remains. Please check the problem and restore the facility.",Maintenance & Facilities
the viva schedule was changed without any explanation.,Academic
There seems to be an issue with the makeup exam request does not reflect the form I submitted on time. Kindly investigate the discrepancy and make the required correction.,Academic
"I have a problem, i want to report that the lecture room lights keeps stopping and starting. A maintenance complaint was already reported, but the problem remains. I would be grateful if the responsible office could review the details instead of asking me to repeat the same process. Please have this facility repaired or replaced.",Maintenance & Facilities
There seems to be an issue with the hostel gate procedure has become worse this week. I have already checked this more than once. Kindly inspect the issue and arrange the required solution.,Hostel/Provost Office
I am having trouble because the classroom windows is making a loud noise throughout lectures. Kindly send the maintenance team to inspect and fix it.,Maintenance & Facilities
"Can someone check why the drainage line is causing difficulty for students during lectures. A maintenance complaint was already reported, but the problem remains. Please inspect the area and take the necessary action.",Maintenance & Facilities
"This is getting difficult, the toilet flush is not working properly during class hours. The condition is affecting normal use of the area. Please arrange repair as soon as possible.",Maintenance & Facilities
I want to report that the admission status is not appearing in the official record. I have already visited the concerned office more than once. Kindly check the application and provide an update.,Administrative Offices
"the lecture room lights has loose parts that may cause an accident. A maintenance complaint was already reported, but the problem remains. Please have this facility repaired or replaced.",Maintenance & Facilities
I would like to complain that the department printer has stopped working after the latest update. I have already checked this more than once. Kindly ask IT support to resolve this problem.,IT Services
There is a problem with the drinking water supply is leaking and making the floor wet. I have already checked this more than once. Please check the problem and restore the facility.,Maintenance & Facilities
the document attestation request shows an incorrect amount. This matter has remained unresolved for several working days. Kindly review the documents and process the request.,Administrative Offices
my clearance form shows an incorrect amount. I need the document for another university process. Kindly check the application and provide an update.,Administrative Offices
the hostel curfew entry has not been updated in the hostel record. Several residents on the floor are facing the same problem. Kindly inspect the issue and arrange the required solution.,Hostel/Provost Office
"I am having trouble because the final exam result was not accepted even though I met the deadline. This issue is causing difficulty with my current semester planning. I have been trying to get this sorted out, but there has not been a clear resolution yet. pleas verify the record and correct it.",Academic
"Hi, i am writing regarding the hostel security desk has become worse this week. The warden was informed, but I have not received any update. I would be grateful if the responsible office could review the details instead of asking me to repeat the same process. pls handle the matter according to hostel policy.",Hostel/Provost Office
the computer lab software is showing outdated information. I need access before the current submission deadline. pleas restore access as soon as possible.,IT Services
I want to report that the document attestation request shows an incorrect amount. I have already visited the concerned office more than once. Kindly check the applicaton and provide an update.,Administrative Offices
"Please help, i am having trouble because the admission status is not appearing in the official record. I would appreciate a clear status instead of being sent between offices. I would be grateful if the responsible office could review the details instead of asking me to repeat the same process. Please check the application and provide an update.",Administrative Offices
I am having trouble because the email verification link is not connected to the campus network. This is affecting my ability to complete university work. I have been trying to get this sorted out but there has not been a clear resolution yet. I request technical support for this issue.,IT Services
"Hi, the quiz score does not reflect the form I submitted on time. This issue is causing difficulty with my current semester planning. Please check the matter before it affects my semester further.",Academic
I am facing an issue because the online registration portal shows a server error repeatedly. Please resolve the technical problem before the deadline.,IT Services
"Can u check this, could you please look into this: course registration is preventing me from completing registration. The department office asked me to wait, but there has been no update. I would be grateful if the responsible office could review the details instead of asking me to repeat the same process. Please investigate the discrepancy and make the required correction.",Academic
There seems to be an issue with the online registration portal fails before the process is completed. I need access before the current submission deadline. Please check the account or system and fix the issue.,IT Services
I want to report that my attendance record contains an error that is affecting my semester record. I have already checked this more than once. Please verify the record and correct it.,Academic
"Can u check this, the classroom ceiling has broken fittings. The problem is now affecting more than one class. Please check the problem and restore the facility.",Maintenance & Facilities
the scholarship payment has been delayed beyond the stated processing time. I request verification and completion of the pending process.,Administrative Offices
"the room change request has become worse this week. I informed the hostel staff earlier, but the issue continues. Kindly inspect the issue and arrange the required solution.",Hostel/Provost Office
pleas check why the admission document has not been issued yet. I have already checked this more than once. The concerned office is requested to check and complete this matter.,Administrative Offices
"This is getting difficult, the course section contains an error that is affecting my semester record.",Academic
There is a problem with the bonafide certificate is being delayed because the counter staff keep asking me to return later. I have already visited the concerned office more than once. I would be grateful if the responsible office could review the details instead of asking me to repeat the same process. Please process the request and correct the recoard.,Administrative Offices
the official certificate request doesnt match the payment receipt.,Administrative Offices
Can someone check why my degree verification request shows an incorrect amount. I would appreciate a clear status instead of being sent between offices. I would be grateful if the responsible office could review the details instead of asking me to repeat the same process. Please process the request and correct the record.,Administrative Offices
There is a problem with the mess timing is creating repeated arguments among residents. Please check the hostel record for my earlier complaint. I would be grateful if the responsible office could review the details instead of asking me to repeat the same process. Please take action and update me about the complaint.,Hostel/Provost Office
"Please help, the hostel corridor lights was handled differently from the stated hostel rules. The concerned hostel staff are requested to take action.",Hostel/Provost Office
my degree verification request has not been issued yet. This matter has remained unresolved for several working days. Please resolve the issue without further unnecessary delay.,Administrative Offices
"the washroom plumbing needs urgent cleaning and maintenance. A maintenance complaint was already reported, but the problem remains. I request urgent maintenance of this issue.",Maintenance & Facilities
I would like to complain that the electrical sockets is creating an uncomfortable environment in the room. I have already checked this more than once. The concerned staff are requested to repair this promptly.,Maintenance & Facilities
"Can u check this, the printing system keeps disconnecting during use. Restarting the device did not solve the issue. The IT team is requested to inspect and correct this.",IT Services
I want to report that the network connection is not connected to the campus network. pleas check the account or system and fix the issue.,IT Services
the lab computer is not syncing with my student account. This is affecting my ability to complete university work. Please restore access as soon as possible.,IT Services
"the university server has stopped working after the latest update. This is affecting my ability to complete university work. Because the issue is still unresolved, it is now affecting my normal university work. I request technical support for this issue.",IT Services
my attendance recrod was changed without any explanation.,Academic
"I need help because the corridor lights has loose parts that may cause an accident. A maintenance complaint was already reported, but the problem remains. Please inspect the area and take the necessary action.",Maintenance & Facilities
"I have a problem, there seems to be an issue with the accounts office receipt has not been issued yet. This matter has remained unresolved for several working days. Please correct the record and confirm the updated status.",Administrative Offices
"I am having trouble because the online registration portal is extremely slow during class hours. Please check whether there is an account or server-side problem. I have been trying to get this sorted out, but there hasnt been a clear resolution yet. I request technical support for this issue.",IT Services
I would like to complain that my degree verification request was supposed to be completed earlier but remains unresolved. I have already visited the concerned office more than once. I would be grateful if the responsible office could review the details instead of asking me to repeat the same process. Kindly check the aplication and provide an update.,Administrative Offices
I need help because my clearance form does not match the payment receipt. The application was submitted within the announced dates. Please process the request and correct the record.,Administrative Offices
I need help because the building staircase has broken fittings. The problem is now affecting more than one class. The concerned staff are requested to repair this promptly.,Maintenance & Facilities
I would like to complain that the biometric attendance machine is not loading the required page. The issue occurs both in the lab and on my own device. I would be grateful if the responsible office could review the details instead of asking me to repeat the same process. Please resolve the technical problem before the deadline.,IT Services
I am writing regarding the electrical sockets has not been repaired after an earlier complaint. I have already checked this more than once. Please inspect the area and take the necessary action.,Maintenance & Facilities
the washroom taps keeps stopping and starting. Students are facing this problem every day. I request urgent maintenance of this issue.,Maintenance & Facilities
"I am writing regarding the parking area has been left unrepaired since last week. A maintenance complaint was already reported, but the problem remains. Please check the problem and restore the facility.",Maintenance & Facilities
There is a problem with the quiz score has not been approved despite repeated follow-up. I request the department to resolve this as soon as possible.,Academic
my thesis supervision is different from what appears on the departmental notice. Other students in the same class can see the correct information. pleas update the record according to the submitted documents.,Academic
I am facing an issue because the washroom taps is making a loud noise throughout lectures. Please inspect the area and take the necessary action.,Maintenance & Facilities
"I need help because the lab computer keeps disconnecting during use. I need access before the current submission deadline. I have been trying to get this sorted out, but there has not been a clear resolution yet. Kindly ask IT support to resolve this problem.",IT Services
"Hi, i need help because my student card was submitted before the deadline but still shows pending. I have already checked this more than once. I request verification and completion of the pending process.",Administrative Offices
"This is getting difficult, the bonafide certificate is being delayed because the counter staff keep asking me to return later. I need the document for another university process. Please correct the record and confirm the updated status.",Administrative Offices
the university server shows an error whenever I try to submit work. I request technical support for this issue.,IT Services
I am facing an issue because the university server is preventing me from accessing course material. I request technical support for this issue.,IT Services
the mess timing has not been repaired despite an earlier request.,Hostel/Provost Office
"Please help, i want to report that the laundry area has become worse this week. The condition has been causing inconvenience for several days. I would be grateful if the responsible office could review the details instead of asking me to repeat the same process. Please inspect the issue and arrange the required solution.",Hostel/Provost Office
"the university WiFi is not loading the required page. I reported this earlier to the IT desk but it is still unresolved. Because the issue is still unresolved, it is now affecting my normal university work. Please restore access as soon as possible.",IT Services
my midterm marks was changed without any explanation. I would appreciate verification from the concerned academic office. plz update the record according to the submitted documents.,Academic
Please check why the admission document needs correction in the administrative record. Please correct the record and confirm the updated status.,Administrative Offices
Can someone check why the common room is causing problems for residents every day. Several residents on the floor are facing the same problem. plz handle the matter according to hostel policy.,Hostel/Provost Office
"There seems to be an issue with the hostel security desk is not being handled according to the hostel procedure. The problem is especially difficult during evening hours. I have been trying to get this sorted out, but there has not been a clear resolution yet. Kindly inspect the issue and arrange the required solution.",Hostel/Provost Office
my fee challan shows an incorrect amount. Please correct the record and confirm the updated status.,Administrative Offices
"the corridor lights is creating an uncomfortable environment in the room. The issue becomes worse during afternoon classes. Because the issue is still unresolved, it is now affecting my normal university work. I request urgent maintenance of this issue.",Maintenance & Facilities
"I have a problem, my midterm marks is still missing from the student record. Other students in the same class can see the correct information. Because the issue is still unresolved, it is now affecting my normal university work. Please verify the record and correct it.",Academic
the registered credit hours was not accepted even though I met the deadline. I already contacted the relevant teacher but the record is unchanged. Kindly investigate the discrepancy and make the required correction.,Academic
the lecture desk is not providing adequate service. The issue becomes worse during afternoon classes. Please arrange repair as soon as possible.,Maintenance & Facilities
the backup generator is making a loud noise throughout lectures. I request urgent maintenance of this issue.,Maintenance & Facilities
my student card is stuck between two administrative offices. This matter has remained unresolved for several working days. I request verification and completion of the pending process.,Administrative Offices
my midterm marks was entered under the wrong course code.,Academic
There seems to be an issue with the mess timing is not being handled according to the hostel procedure. The condition has been causing inconvenience for several days. Please resolve this hostel-related problem soon.,Hostel/Provost Office
"Hi, i am writing regarding the hostel gate procedure has not been resolved after repeated reporting. The condition has been causing inconvenience for several days. I have been trying to get this sorted out, but there has not been a clear resolution yet. The concerned hostel staff are requested to take action.",Hostel/Provost Office
"I have a problemm, the toilet flush is blocked and water is collecting around it. Students are facing this problem every day. Please inspect the area and take the necessary action.",Maintenance & Facilities
"I have a problem, i want to bring this issue to your attention: the studnet portal does not accept my correct login details. I have already checked this more than once. Please check the network or account configuration.",IT Services
"I have a problem, my degree verification request has not been approved even after verification. I need the document for another university process. The concerned office is requested to check and complete this matter.",Administrative Offices
Please check why the result card is preventing me from completing registration. I submitted the required application before the deadline. Please verify the recoard and correct it.,Academic
There seems to be an issue with the classroom projector has stopped working after the latest update. I have already checked this more than once. Please resolve the technical problem before the deadline.,IT Services
I want to bring this issue to your attention: the official certificate request was entered under the wrong category. I have already checked this more than once. The concerned office is requested to check and complete this matter.,Administrative Offices
"I am having trouble because the laboratory ventilation is not available when it is needed. The area is frequently used by students and staff. I have been trying to get this sorted out, but there hasnt been a clear resolution yet. Please inspect the area and take the necessary action.",Maintenance & Facilities
I need help becuase the room cleanliness is not working properly. I have already checked this more than once. The concerned hostel staff are requested to take action.,Hostel/Provost Office
the hostel water supply is creating an uncomfortable living situation. The condition has been causing inconvenience for several days. I request the Provost Office to look into this matter.,Hostel/Provost Office
I want to bring this issue to your attention: the water cooler is creating an uncomfortable environment in the room. It would be better to repair it before the damage increases. Please arrange repair as soon as possible.,Maintenance & Facilities
"Sir please check, the classroom chairs needs urgent cleaning and maintenance. This is especially difficult when the room is full. Please arrange repair as soon as possible.",Maintenance & Facilities
the campus network has stopped working after the latest update.,IT Services
the laboratory ventilation is not working properly during class hours. Please check the problem and restore the facility.,Maintenance & Facilities
"the university WiFi is preventing me from accessing course material. I reported this earlier to the IT desk but it is still unresolved. Because the issue is still unresolved, it is now affecting my normal university work. Please check the account or system and fix the issue.",IT Services
Could you please look into this: my attendance record has been pending for several days. I have already checked this more than once. Please check the matter before it affects my semester further.,Academic
"I have a problem, please check why the bonafide certificate was entered under the wrong category. Please check the application and provide an update.",Administrative Offices
I would like to complain that the drinking water supply is not working properly during class hours. Students are facing this problem every day. Kindly resolve the maintenance problem at the earliest.,Maintenance & Facilities
"I am having trouble because the lecture room lights has not been repaired after an earlier complaint. Students are facing this problem every day. I have been trying to get this sorted out, but there has not been a clear resolution yet. The concerned staff are requested to repair this promptly.",Maintenance & Facilities
"plz help, could you please look into this: my scholarship application was marked incomplete although all listed documents were attached. Please check the application and provide an update.",Administrative Offices
I am writing regarding the department elevator is overflowing during busy hours. The problem is now affecting more than one class. Kindly send the maintenance team to inspect and fix it.,Maintenance & Facilities
"I am writing regarding the projector connection works for a few minutes and then goes offline. Restarting the device did not solve the issue. I have been trying to get this sorted out, but there has not been a clear resolution yet. Kindly ask IT support to resolve this problem.",IT Services
the toilet flush has been out of order for several days.,Maintenance & Facilities
"my thesis supervision shows a value that does not match the marks announced in class. The department office asked me to wait, but there has been no update. I request the department to resolve this as soon as possible.",Academic
"I have a problem, i am facing an issue because the migration certificate was supposed to be completed earlier but remains unresolved. I have kept a copy of the submitted form and payment receipt. I have been trying to get this sorted out, but there has not been a clear resolution yet. Please review the documents and process the request.",Administrative Offices
"Sir please check, please check why the drinking water supply keeps stopping and starting. The condition is affecting normal use of the area. Please send the maintenance team to inspect and fix it.",Maintenance & Facilities
Can someone check why the hot water facility has not been repaired despite an earlier request. Several residents on the floor are facing the same problem. Please handle the matter according to hostle policy.,Hostel/Provost Office
I am having trouble because the mess timing is causing problems for residents every day. Please ask the hostel administration to resolve it.,Hostel/Provost Office
Please check why the mess food requires inspection by hostle staff. The concerned hostel staff are requested to take action.,Hostel/Provost Office
"Can u check this, the thesis progress review is different from what appears on the departmental notice. The supporting document was submitted at the department office. Because the issue is still unresolved, it is now affecting my normal university work. Please recheck the entry and let me know once it is fixed.",Academic
the room change request has not been repaired despite an earlier request. Please check the hostel record for my earlier complaint. Please take action and update me about the complaint.,Hostel/Provost Office
There seems to be an issue with my GPA calculation shows a value that does not match the marks announced in class. I have already checked this more than once. Please recheck the entry and let me know once it is fixed.,Academic
my hostel room allocation has not been updated in the hostel record. The issue needs attention before it becomes more serious. The concerned hostel staff are requested to take action.,Hostel/Provost Office
I want to report that the washroom taps has loose parts that may cause an accident. plz send someone to inspect the location. Kindly send the maintenance team to inspect and fix it.,Maintenance & Facilities
Could you please look into this: the building staircase is damaged and unsafe to use. Please send someone to inspect the location. I would be grateful if the responsible office could review the details instead of asking me to repeat the same process. Kindly send the maintenance team to inspect and fix it.,Maintenance & Facilities
"Sir please check, the parking area is blocked and water is collecting around it. Please inspect the area and take the necessary action.",Maintenance & Facilities
I need help because the scholarship payment has not been forwarded to the concerned office. I have already checked this more than once. I request verification and completion of the pending process.,Administrative Offices
the classroom ceiling is not working properly during class hours. This is especially difficult when the room is full. Kindly resolve the maintenance problem at the earliest.,Maintenance & Facilities
"This is getting difficult, i am facing an issue because my degree verification request shows an incorrect amount. pleas review the documents and process the request.",Administrative Offices
"the projector connection works for a few minutes and then goes offline. I already changed the password, but the error remains. Kindly ask IT support to resolve this problem.",IT Services
"Please help, the deparment elevator is producing a strong smell and needs maintenance. The condition is affecting normal use of the area. Because the issue is still unresolved, it is now affecting my normal university work. Please send the maintenance team to inspect and fix it.",Maintenance & Facilities
I am writing regarding the departmnt elevator is overflowing during busy hours. I have already checked this more than once. Please have this facility repaired or replaced.,Maintenance & Facilities
I want to bring this issue to your attention: the registrar application hasnt been issued yet. I have already checked this more than once. Please process the request and correct the record.,Administrative Offices
There is a problem with the LMS account shows a server error repeatedly. I have already checked this more than once. The IT team is requested to inspect and correct this.,IT Services
the backup generator has been out of order for several days.,Maintenance & Facilities
my hosel room allocation is creating an uncomfortable living situation. Kindly have the warden or relevant staff check this issue.,Hostel/Provost Office
I need help because the hot water facility is not available at the stated time. This is affecting normal hostel routine. I would be grateful if the responsible office could review the details instead of asking me to repeat the same process. Please handle the matter according to hostel policy.,Hostel/Provost Office
"Hi, the fee refund request has not been processed even though the documents were submitted.",Administrative Offices
"I have a problem, the admission document has been pending without any clear update. The required documents and receipt were submitted. Please resolve the issue without further unnecessary delay.",Administrative Offices
I want to bring this issue to your attention: the hostel security desk has become worse this week. Kindly inspect the issue and arrange the required solution.,Hostel/Provost Office
"Could you pleas look into this: the hostel water supply is creating hygiene concerns for residents. I have already submitted a request at the hostel office. I have been trying to get this sorted out, but there hasnt been a clear resolution yet. Please resolve this hostel-related problem soon.",Hostel/Provost Office
course registration is showing the wrong course information. I submitted the required application before the deadline. Kindly review this issue and update the academic record.,Academic
I am writing regarding the parking area is creating an uncomfortable environment in the room. I have already checked this more than once. Kindly resolve the maintenance problem at the earliest.,Maintenance & Facilities
the laundry area is creating repeated arguments among residents. The condition has been causing inconvenience for several days. The concerned hostel staff are requested to take action.,Hostel/Provost Office
I am writing regarding the migration certificate has not been processed even though the documents were submitted. I need the document for another university process. I request verification and completion of the pending process.,Administrative Offices
I want to bring this issue to your attention: the makeup exam request was not accepted even though I met the deadline. The supporting document was submitted at the department office. I would be grateful if the responsible office could review the details instead of asking me to repeat the same process. Please verify the record and correct it.,Academic
I would like to complain that the scholarship payment is stuck between two administrative offices. I have already checked this more than once. Please process the request and correct the record.,Administrative Offices
"Hi, could you please look into this: the mess food is affecting basic hostel facilities. Several residents on the floor are facing the same problem. I have been trying to get this sorted out, but there hasnt been a clear resolution yet. Please have the warden or relevant staff check this issue.",Hostel/Provost Office
"Please help, my GPA calculation contains an error that is affecting my semester record. I already contacted the relevant teacher but the record is unchanged. Because the issue is still unresolved, it is now affecting my normal university work. Please verify the record and correct it.",Academic
Could you please look into this: the LMS account works for a few minutes and then goes offline. This is affecting my ability to complete university work. Please resolve the technical problem before the deadline.,IT Services
"Can u check this, the hostel gate procedure is still unresolved after several days. This is affecting normal hostel routine. I request the Provost Office to look into this matter.",Hostel/Provost Office
"This is getting difficult, can someone check why the room furniture is still unresolved after several days. I would like the matter to be handled according to hostel rules. Please take action and update me about the complaint.",Hostel/Provost Office
"Can u check this, i want to report that the final exam result has not been approved despite repeated follow-up. Please investigate the discrepancy and make the required correction.",Academic
the electrical sockets has not been repaired after an earlier complaint. The problem is now affecting more than one class. Please arrange repair as soon as possible.,Maintenance & Facilities
I would like to complain that the projector connection has stopped working after the latest update. Other university websites are opening normally. The IT team is requested to inspect and correct this.,IT Services
"Can u check this, i am writing regarding the LMS course page does not send the verification message. I have already checked this more than once. Please investigate the error and update the service.",IT Services
the registered credit hours contains an error that is affecting my semester record. Please update the record according to the submitted documents.,Academic
"I want to report that my roommate issue has not been resolved after repeated reporting. The condition has been causing inconvenience for several days. I have been trying to get this sorted out, but there has not been a clear resolution yet. Kindly have the warden or relevant staff check this issue.",Hostel/Provost Office
I want to bring this issue to your attention: the hostel cleaning schedule was reported to the warden but no action has been taken. I have already checked this more than once. The concerned hostel staff are requested to take action.,Hostel/Provost Office
"I am facing an issue because the hostel curfew entry requires inspection by hostel staff. I informed the hostel staff earlier, but the issue continues. Kindly have the warden or relevant staff check this issue.",Hostel/Provost Office
"Sir please check, i am facing an issue because the course section is preventing me from completing registration. I have already checked this more than once. Please review this issue and update the academic record.",Academic
I want to report that my clearance form has not been approved even after verification. This matter has remained unresolved for several working days. I would be grateful if the responsible office could review the details instead of asking me to repeat the same process. Kindly check the application and provide an update.,Administrative Offices
"This is getting difficult, there seems to be an issue with my student card has no status update despite repeated visits. I have already checked this more than once. Please ask the concerned administrative office to resolve this.",Administrative Offices
my thesis supervision does not include marks for work that I submitted.,Academic
the lecture desk has been out of order for several days. Students are facing this problem every day. Please have this facility repaired or replaced.,Maintenance & Facilities
"Please help, the building staircase has not been repaired after an earlier complaint. Students are facing this problem every day. Please check the problem and restore the facility.",Maintenance & Facilities
"I have a problem, the classroom projector does not send the verification message. Please investigate the error and update the service.",IT Services
I would like to complain that the hostle gate procedure is creating repeated arguments among residents. I have already checked this more than once. Kindly have the warden or relevant staff check this issue.,Hostel/Provost Office
the water cooler is overflowing during busy hours. pls have this facility repaired or replaced.,Maintenance & Facilities
"I have a problem, i am writing regarding the toilet flush has not been repaired after an earlier complaint. This is especially difficult when the room is full. I would be grateful if the responsible office could review the details instead of asking me to repeat the same process. pls send the maintenance team to inspect and fix it.",Maintenance & Facilities
"I want to bring this issue to your attention: the building staircase is causing difficulty for students during lectures. It would be better to repair it before the damage increases. I have been trying to get this sorted out, but there has not been a clear resolution yet. I request urgent maintenance of this issue.",Maintenance & Facilities
my roommate issue is causing unnecessary difficulty at night. plz ask the hostel administration to resolve it.,Hostel/Provost Office
the campus network works for a few minutes and then goes offline. Other university websites are opening normally. The IT team is requested to inspect and correct this.,IT Services
I am writing regarding the migration certificate has no status update despite repeated visits. I have already checked this more than once. Please ask the concerned administrative ofice to resolve this.,Administrative Offices
Please check why the makeup exam request has not been approved despite repeated follow-up. I have already checked this more than once. Please recheck the entry and let me know once it is fixed.,Academic
"the lab internet connection is preventing me from accessing course material. Other university websites are opening normally. Because the issue is still unresolved, it is now affecting my normal university work. I request technical support for this issue.",IT Services
the viva schedule is different from what appears on the departmental notice. I already contacted the relevant teacher but the record is unchanged. Kindly investigate the discrepancy and make the required correction.,Academic
the hostel corridor lights was reported to the warden but no action has been taken.,Hostel/Provost Office
"the hostel room lock was reported to the warden but no action has been taken. The condition has been causing inconvenience for several days. Because the issue is still unresolved, it is now affecting my normal university work. Please resolve this hostel-related problem soon.",Hostel/Provost Office
"Sir pleas check, can someone check why the hostel curfew entry has been pending with the hostel office. The problem is especially difficult during evening hours. I have been trying to get this sorted out, but there has not been a clear resolution yet. Please handle the matter according to hostel policy.",Hostel/Provost Office
Please check why the printing system is not responding at all. Please check whether there is an account or server-side problem. Kindly ask IT support to resolve this problem.,IT Services
I am writing regarding the mess food has not been updtaed in the hostel record. This is affecting normal hostel routine. The concerned hostel staff are requested to take action.,Hostel/Provost Office
I am facing an issue because the admission document was supposed to be completed earlier but remains unresolved. I would appreciate a clear status instead of being sent between offices. I would be grateful if the responsible office could review the details instead of asking me to repeat the same process. I request verification and completion of the pending process.,Administrative Offices
Im facing an issue because the network connection has been unavailable since this morning. I have already checked this more than once. Please investigate the error and update the service.,IT Services
the official certificate request contains incorrect student information. I have kept a copy of the submitted form and payment receipt. Kindly review the documents and process the request.,Administrative Offices
I am writing regarding the hostel washroom is causing problems for residents every day. I have already checked this more than once. pleas take action and update me about the complaint.,Hostel/Provost Office
Can someone check why the hostel security refund contains incorrect student information. The application was submitted within the announced dates. Please process the request and correct the record.,Administrative Offices
"I am facing an issue because my CGPA was entered under the wrong course code. The department office asked me to wait, but there has been no update. I have been trying to get this sorted out, but there has not been a clear resolution yet. Kindly investigate the discrepancy and make the required correction.",Academic
I need help because my GPA calculation was uploaded late and now I cannot complete the next process. Kindly investigate the discrepancy and make the required correction.,Academic
the laundry area is affecting basic hostel facilities. The problem is especially difficult during evening hours. Please resolve this hostel-related problem soon.,Hostel/Provost Office
"I have a problem, i am writing regarding the classroom chairs is causing difficulty for students during lectures. I have already checked this more than once. Please have this facility repaired or replaced.",Maintenance & Facilities
I am having trouble becuase the network connection is not syncing with my student account. I have already checked this more than once. Please restore access as soon as possible.,IT Services
I am facing an issue because the admission fee record is stuck between two administrative offices. The application was submitted within the announced dates. I would be grateful if the responsible office could review the details instead of asking me to repeat the same process. I request verification and completion of the pending process.,Administrative Offices
the common room is causing problems for residents every day. The issue needs attention before it becomes more serious. plz ask the hostel administration to resolve it.,Hostel/Provost Office
the prerequisite approval hasnt been approved despite repeated follow-up.,Academic
"Can u check this, the LMS course page is not connected to the campus network.",IT Services
I want to bring this issue to your attention: the online registration portal fails before the process is completed. Kindly check the network or account configuration.,IT Services
There is a problem with the email verification link is showing outdated information. I have already checked this more than once. Please restore access as soon as possible.,IT Services
"the corridor lights is making a loud noise throughout lectures. The condition is affecting normal use of the area. Because the issue is still unresolved, it is now affecting my normal universirty work. The concerned staff are requested to repair this promptly.",Maintenance & Facilities
I want to bring this issue to your attention: the common room was reported to the warden but no action has been taken. The condition has been causing inconvenience for several days. Please take action and update me about the complaint.,Hostel/Provost Office
the backup generator has not been repaired after an earlier complaint.,Maintenance & Facilities
I want to bring this issue to your attention: the classroom windows needs urgent cleaning and maintenance. It would be better to repair it before the damage increases. I would be grateful if the responsible office could review the details instead of asking me to repeat the same process. Kindly resolve the maintenance problem at the earliest.,Maintenance & Facilities
There seems to be an issue with my thesis supervision is preventing me from completing registration. I would appreciate verification from the concerned academic office. I have been trying to get this sorted out but there has not been a clear resolution yet. Please recheck the entry and let me know once it is fixed.,Academic
"I am facing an issue because the hostel WiFi complaint record is creating hygiene concerns for residents. I informed the hostel staff earlier, but the issue continues. Please resolve this hostel-related problem soon.",Hostel/Provost Office
"the viva schedule was uploaded late and now I cannot complete the next process. Because of this error, Im unable to proceed with the next academic step. Kindly investigate the discrepancy and make the required correction.",Academic
the document attestation request was supposed to be completed earlier but remains unresolved. The concerned office is requested to check and complete this matter.,Administrative Offices
"I want to report that the washroom plumbing is producing a strong smell and needs maintenance. Students are facing this problem every day. I have been trying to get this sorted out, but there has not been a clear resolution yet. Please arrange repair as soon as possible.",Maintenance & Facilities
I am facing an issue because the room ceiling fan is still unresolved after several days. The condition has been causing inconvenience for several days. Please handle the matter according to hostel policy.,Hostel/Provost Office
"Please help, the room furniture is creating hygiene concerns for residents. Please check the hostel record for my earlier complaint. Please resolve this hostel-related problemm soon.",Hostel/Provost Office
"Please help, i need help because the thesis progress review was marked absent although I attended the class. The supporting document was submitted at the department office. Please update the record according to the submitted documents.",Academic
the water cooler is causing difficulty for students during lectures. The area is frequently used by students and staff. Please inspect the area and take the necessary action.,Maintenance & Facilities
I am facing an issue because my GPA calculation was not accepted even though I met the deadline. I already contacted the relevant teacher but the record is unchanged. Could the concerned office please confirm the correct status?,Academic
the admission fee record was marked incomplete although all listed documents were attached. I need the document for another university process. Please correct the record and confirm the updatd status.,Administrative Offices
the biometric attendance machine is not responding at all. Other university websites are opening normally. Please restore access as soon as possible.,IT Services
Can someone check why the room furniture is not being handled according to the hostel procedure. I have already checked this more than once. plz ask the hostel administration to resolve it.,Hostel/Provost Office
"I have a problem, i need help because the toilet flush has exposed wiring that should be inspected. I have already checked this more than once. pls inspect the area and take the necessary action.",Maintenance & Facilities
the lecture room lights is not available when it is needed.,Maintenance & Facilities
the hostel security desk needs attention from the provost office. The concerned hostel staff are requested to take action.,Hostel/Provost Office
the washroom taps is not available when it is needed.,Maintenance & Facilities
the fee correction application shows an incorrect amount. The required documents and receipt were submitted. The concerned office is requested to check and complete this matter.,Administrative Offices
"This is getting difficult, i am having trouble because my degree verification request was submitted before the deadline but still shows pending. I have already checked this more than once. I request verification and completion of the pending process.",Administrative Offices
"the classroom ceiling is not working properly during class hours. The problem is now affecting more than one class. Because the issue is still unresolved, it is now affecting my normal university work. Kindly send the maintenance team to inspect and fix it.",Maintenance & Facilities
"There seems to be an issue with the hostel curfew entry needs attention from the provost office. The problem is especially difficult during evening hours. I have been trying to get this sorted out, but there has not been a clear resolution yet. I request the Provost Office to look into this matter.",Hostel/Provost Office
Could you please look into this: the classroom projector is not syncing with my student account. I have already checked this more than once. I request technical support for this issue.,IT Services
"my portal login is not loading the required page. I reported this earlier to the IT desk but it is still unresolved. Because the issue is still unresolved, it is now affecting my normal university work. The IT team is requested to inspect and correct this.",IT Services
There seems to be an issue with my scholarship application has not been issued yet. I request verification and completion of the pending process.,Administrative Offices
"Could you please look into this: my roommate issue requires inspection by hostel staff. The condition has been causing inconvenience for several days. I have been trying to get this sorted out, but there has not been a clear resolution yet. Please resolve this hostel-related problem soon.",Hostel/Provost Office
I need help because the registrar application shows an incorrect amount. Kindly check the application and provide an update.,Administrative Offices
the admission document has not been processed even though the documents were submitted.,Administrative Offices
the air conditioner is producing a strong smell and needs maintenance. The condition is affecting normal use of the area. The concerned staff are requested to repair this promptly.,Maintenance & Facilities
my hostel room allocation was handled differently from the stated hostel rules. The issue needs attention before it becomes more serious. Kindly have the warden or relevant staff check this issue.,Hostel/Provost Office
the result card is different from what appears on the departmental notice. I request the department to resolve this as soon as possible.,Academic
the thesis progress review has not been shared with students.,Academic
"my midterm marks is still missing from the student record. The supporting document was submitted at the department office. Because the issue is still unresolved, it is now affecting my normal university work. Please update the record according to the submitted documents.",Academic
the quiz score has not been updated even though the instructor confirmed the correction. Please check the matter before it affects my semester further.,Academic
the classroom projector works for a few minutes and then goes offline. The problem started recently and has continued since then. The IT team is requested to inspect and correct this.,IT Services
There is a problem with the university server is extremely slow during class hours. Please investigate the error and update the service.,IT Services
Im having trouble because the laundry area is not available at the stated time. I have already checked this more than once. Please resolve this hostel-related problem soon.,Hostel/Provost Office
I want to bring this issue to your attention: the room cleanliness is creating an uncomfortable living situation. Kindly inspect the issue and arrange the required solution.,Hostel/Provost Office
I want to report that the department elevator is not providing adequate service. Please inspect the area and take the necessary action.,Maintenance & Facilities
I am writing regarding the classroom chairs has broken fittings. Please send someone to inspect the location. I would be grateful if the responsible offce could review the details instead of asking me to repeat the same process. I request urgent maintenance of this issue.,Maintenance & Facilities
I am writing regarding the viva schedule was changed without any explanation. I have already checked this more than once. Please check the matter before it affects my semester further.,Academic
the water cooler is causing difficulty for students during lectures.,Maintenance & Facilities
"the laboratory ventilation is damaged and unsafe to use. This is especially difficult when the room is full. Because the issue is still unresolved, it is now affecting my normal university work. Kindly resolve the maintenance problem at the earliest.",Maintenance & Facilities
I would like to complain that the washroom taps is making a loud noise throughout lectures. The facility is currently difficult to use safely. I would be grateful if the responsible office could review the details instead of asking me to repeat the same process. Please inspect the area and take the necessary action.,Maintenance & Facilities
I would like to complain that the printing system shows a server error repeatedly. The problem started recently and has continued since then. I would be grateful if the responsible office could review the details instead of asking me to repeat the same process. Please restore access as soon as possible.,IT Services
I want to report that the computer lab software is rejecting files that meet the stated requirements. I tried from more than one device and the problem is the same. I would be grateful if the responsible office could review the details instead of asking me to repeat the same process. Kindly check the network or account configuration.,IT Services
the laboratory ventilation is not working properly during class hours. The concerned staff are requested to repair this promptly.,Maintenance & Facilities
the hostel room lock has been pending with the hostel office. The problem is especially difficult during evening hours. Please resolve this hostel-related problem soon.,Hostel/Provost Office
I want to report that the hostel cleaning schedule is creating repeated arguments among residents. Several residents on the floor are facing the same problem. I would be grateful if the responsible office could review the details instead of asking me to repeat the same process. Please resolve this hostel-related problem soon.,Hostel/Provost Office
There seems to be an issue with my clearance form was entered under the wrong category. Please ask the concerned administrative office to resolve this.,Administrative Offices
There is a problem with the lecture room lights is not working properly during class hours. The condition is affecting normal use of the area. I would be grateful if the responsible office could review the details instead of asking me to repeat the same process. I request urgent maintenance of this issue.,Maintenance & Facilities
"I am facing an issue because the classroom ceiling is creating an uncomfortable environment in the room. The condition is affecting normal use of the area. I have been trying to get this sorted out, but there has not been a clear resolution yet. Kindly resolve the maintenance problem at the earliest.",Maintenance & Facilities
I am facing an issue because the duplicate student card request has no status update despite repeated visits. I would appreciate a clear status instead of being sent between offices. Please ask the concerned administrative office to resolve this.,Administrative Offices
I need help because the computer lab software has stopped working after the latest update. Kindly ask IT support to resolve this problem.,IT Services
the mess food was reported to the warden but no action has been taken. Several residents on the floor are facing the same problem. Please ask the hostel administration to resolve it.,Hostel/Provost Office
the biometric attendance machine is preventing me from accessing course material. Please restore access as soon as possible.,IT Services
the room ceiling fan has become worse this week.,Hostel/Provost Office
"I have a problm, i am writing regarding the hot water facility was handled differently from the stated hostel rules. Please check the hostel record for my earlier complaint. Please resolve this hostel-related problem soon.",Hostel/Provost Office
my clearance form is not appearing in the official recrod.,Administrative Offices
"Sir please check, the hot water facility was handled differently from the stated hostel rules. Please have the warden or relevant staff check this issue.",Hostel/Provost Office
Please check why the migration certificate is stuck between two administrative offices. I would appreciate a clear status instead of being sent between offices. I would be grateful if the responsible office could review the details instead of asking me to repeat the same process. Please resolve the issue without further unnecessary delay.,Administrative Offices
I want to report that the computer lab software keeps disconnecting during use. I have already checked this more than once. Kindly check the network or account configuration.,IT Services
"my thesis supervision has not been updated even though the instructor confirmed the correction. I submitted the required application before the deadline. Because the issue is still unresolved, it is now affecting my normal university work. Please check the matter before it affects my semester further.",Academic
"Can u check this, my fee challan has not been forwarded to the concerned office.",Administrative Offices
the admission status has been delayed beyond the stated processing time. I would appreciate a clear status instead of being sent between offices. Please resolve the issue without further unnecessary delay.,Administrative Offices
There seems to be an issue with the prerequisite approval was uploaded late and now I cannot complete the next process. This issue is causing difficulty with my current semester planning. Please recheck the entry and let me know once it is fixed.,Academic
the room furniture was handled differently from the stated hostel rules.,Hostel/Provost Office
I want to report that my hostel room allocation is making it difficult to stay in the room. I have already checked this more than once. Please ask the hostel administration to resolve it.,Hostel/Provost Office
"This is getting difficult, could you please look into this: the practical marks is showing the wrong course information. I have already checked this more than once. I request the department to resolve this as soon as possible.",Academic
the fee correction application has not been approved even after verification.,Administrative Offices
"Can u check this, i want to bring this issue to your attention: the prerequisite approval is creating a clash with another registered course. I need the corrected record for an upcoming academic requirement. Please update the record according to the submitted documents.",Academic
I am facing an issue because the semester timetable has been pending for several days. I have already checked this more than once. I request the department to resolve this as soon as possible.,Academic
"the LMS course page works for a few minutes and then goes offline. I already changed the password, but the error remains. Please resolve the technical problemm before the deadline.",IT Services
"There is a problem with the room ceiling fan has become worse this week. I informed the hostel staff earlier, but the issue continues. I would be grateful if the responsible office could review the details instead of asking me to repeat the same process. Kindly inspect the issue and arrange the required solution.",Hostel/Provost Office
"Sir please check, i am having trouble because my scholarship applicaton was supposed to be completed earlier but remains unresolved. The counter staff asked me to check again later, but there is still no progress. I would be grateful if the responsible office could review the details instead of asking me to repeat the same process. Please review the documents and process the request.",Administrative Offices
the classroom projector is not loading the required page. Kindly check the network or account configuration.,IT Services
"the biometric attendance machine is not detecting the connected device. I tried from more than one device and the problem is the same. Because the issue is still unresolved, it is now affecting my normal university work. Kindly check the network or account configuration.",IT Services
the fee correction application was entered under the wrong category.,Administrative Offices
Please check why the fee correction application was submitted before the deadline but still shows pending. The required documents and receipt were submitted. I would be grateful if the responsible office could review the details instead of asking me to repeat the same process. The concerned office is requested to check and complete this matter.,Administrative Offices
"I have a problem, the classroom chairs needs urgent cleaning and maintenance.",Maintenance & Facilities
"Could you please look into this: the admission fee record is being delayed because the counter staff keep asking me to return later. The counter staff asked me to check again later, but there is still no progress. Please process the request and correct the record.",Administrative Offices
"the lecture room lights needs urgent cleaning and maintenance. The area is frequently used by students and staff. Because the issue is still unresolved, it is now affecting my normal university work. Please arrange repair as soon as possible.",Maintenance & Facilities
I would like to complain that the laboratory ventilation is not providing adequate service. Students are facing this problem every day. Please have this facility repaired or replaced.,Maintenance & Facilities
Can someone check why the lab internet connection is showing outdated information. I reported this earlier to the IT desk but it is still unresolved. Please restore access as soon as possible.,IT Services
"Sir please check, my degree verification request has not been processed even though the documents were submitted. The required documents and receipt were submitted. Because the issue is still unresolved, it is now affecting my normal university work. Please resolve the issue without further unnecessary delay.",Administrative Offices
"This is getting difficult, the assignment grade was changed without any explanation.",Academic
"I am writing regarding the prerequisite approval is preventing me from completing registration. The departmnt office asked me to wait, but there has been no update. I request the department to resolve this as soon as possible.",Academic
my scholarship application is stuck between two administrative offices.,Administrative Offices
"I am having trouble becuase the makeup exam request has an incorrect total after the latest update. Because of this error, I am unable to proceed with the next academic step. Kindly review this issue and update the academic record.",Academic
"the LMS account is not connected to the campus network. I reported this earlier to the IT desk but it is still unresolved. Because the issue is still unresolved, it is now affecting my normal university work. Please check the account or system and fix the issue.",IT Services
"Hi, the fee correction application has not been issued yet. The application was submitted within the announced dates. I request verification and completion of the pending process.",Administrative Offices
Please check why the lab computer works for a few minutes and then goes offline. I have already checked this more than once. Please restore access as soon as possible.,IT Services
"Hi, i would like to complain that the laboratory ventilation has exposed wiring that should be inspected. The facility is currently difficult to use safely. Please arrange repair as soon as possible.",Maintenance & Facilities
"my GPA calculation has not been shared with students. Because of this error, I am unable to proceed with the next academic step. Because the issue is still unresolved, it is now affecting my normal university work. Please recheck the entry and let me know once it is fixed.",Academic
I want to bring this issue to your attention: the printing system keeps disconnecting during use. I tried from more than one device and the problem is the same. plz restore access as soon as possible.,IT Services
"the classroom windows is in poor condition and needs replacement. A maintenance complaint was already reported, but the problemm remains. Because the issue is still unresolved, it is now affecting my normal university work. Kindly send the maintenance team to inspect and fix it.",Maintenance & Facilities
"the admission fee record was submitted before the deadline but still shows pending. The counter staff asked me to check again later, but there is still no progress. Because the issue is still unresolved, it is now affecting my normal university work. Please ask the concerned administrative office to resolve this.",Administrative Offices
I am facing an issue because the document attestation request has not been forwarded to the concerned office. I have already checked this more than once. Kindly check the application and provide an update.,Administrative Offices
pls check why the classroom fan is causing difficulty for students during lectures. This is especially difficult when the room is full. The concerned staff are requested to repair this promptly.,Maintenance & Facilities
Can someone check why the mess food has not been repaired despite an earlier request. Kindly have the warden or relevant staff check this issue.,Hostel/Provost Office
"course registration is still missing from the student record. Because of this error, I am unable to proceed with the next academic step. Because the issue is still unresolved, it is now affecting my normal university work. Please recheck the entry and let me know once it is fixed.",Academic
my midterm marks has not been updated even though the instructor confirmed the correction.,Academic
the admission fee record was supposed to be completed earlier but remains unresolved. I would appreciate a clear status instead of being sent between offices. Kindly review the documents and process the request.,Administrative Offices
"the computer lab software is not responding at all. The issue occurs both in the lab and on my own device. Because the issue is still unresolved, it is now affecting my normal university work. I request technical support for this issue.",IT Services
"Please help, i am writing regarding the prerequisite approval was entered under the wrong course code. I have already checked this more than once. Please investigate the discrepancy and make the required correction.",Academic
"the LMS course page shows an error whenever I try to submit work. Other university websites are opening normally. becuase the issue is still unresolved, it is now affecting my normal university work. Kindly check the network or account configuration.",IT Services
"I am writing regarding the accounts office receipt has no status update despite repeated visits. I would appreciate a clear status instead of being sent between offices. I have been trying to get this sorted out, but there has not been a clear resolution yet. Kindly review the documents and process the request.",Administrative Offices
"This is getting difficult, please check why my thesis supervision has not been updated even though the instructor confirmed the correction. This issue is causing difficulty with my current semester planning. I would be grateful if the responsible office could review the details instead of asking me to repeat the same process. I request the department to resolve this as soon as possible.",Academic
I need help because the electrical sockets is blocked and water is collecting around it. Please send someone to inspect the location. Kindly resolve the maintenance problem at the earliest.,Maintenance & Facilities
"I need help because the lecture desk is not available when it is needed. Students are facing this problem every day. I have been trying to get this sorted out, but there has not been a clear resolution yet. Please inspect the area and take the necessary action.",Maintenance & Facilities
the fee refund request has not been processed even though the documents were submitted. I have kept a copy of the submitted form and payment receipt. Kindly review the documents and process the request.,Administrative Offices
"the common room is causing problems for residents every day. Several residents on the floor are facing the same problem. Because the issue is still unresolved, it is now affecting my normal university work. I request the Provost Office to look into this matter.",Hostel/Provost Office
"Sir please check, my GPA calculation shows a value that doesnt match the marks announced in class. Please update the record according to the submitted documents.",Academic
There seems to be an issue with my roommate issue is not working properly. This is affecting normal hostel routine. Please handle the matter according to hostel policy.,Hostel/Provost Office
Please check why my financial aid applicaton was supposed to be completed earlier but remains unresolved. I have already checked this more than once. I request verification and completion of the pending process.,Administrative Offices
"the course section was uploaded late and now I cannot complete the next process. Because of this error, I am unable to proceed with the next academic step. Kindly investigate the discrepancy and make the required correction.",Academic
"Hi, i would like to complain that the hostel water supply is creating an uncomfortable living situation. I have already checked this more than once. Please handle the matter according to hostel policy.",Hostel/Provost Office
I need help because the room change request is not working properly. I have already checked this more than once. Please take action and update me about the complaint.,Hostel/Provost Office
"Hi, the electrical sockets has been left unrepaired since last week. Please have this facility repaired or replaced.",Maintenance & Facilities
"the classroom ceiling is in poor condition and needs replacement. Students are facing this problem every day. Because the issue is still unresolved, it is now affecting my normal university work. Please check the problem and restore the facility.",Maintenance & Facilities
the classroom windows is overflowing during busy hours. The area is frequently used by students and staff. Kindly resolve the maintenance problem at the earliest.,Maintenance & Facilities
I am writing regarding the course section has been pending for several days. Please recheck the entry and let me know once it is fixed.,Academic
the network connection shows a server error repeatedly. Please restore access as soon as possible.,IT Services
There seems to be an issue with the network connection is not connected to the campus network. Please check whether there is an account or server-side problem. I request technical support for this issue.,IT Services
"Hi, could you please look into this: the admission document was submitted before the deadline but still shows pending. The delay is creating difficulty with my semester matters. I have been trying to get this sorted out, but there hasnt been a clear resolution yet. Please review the documents and process the request.",Administrative Offices
Please check why the washroom taps is not working properly during class hours. I have already checked this more than once. Please check the problem and restore the facility.,Maintenance & Facilities
I would like to complain that the accounts office receipt is not appearing in the official record. I have already checked this more than once. The concerned office is requested to check and complete this matter.,Administrative Offices
"Please help, could you please look into this: the hostel water supply is creating repeated arguments among residents. This is affecting normal hostel routine. Please inspect the issue and arrange the required solution.",Hostel/Provost Office
There is a problem with the hostel washroom is not wroking properly. I have already checked this more than once. The concerned hostel staff are requested to take action.,Hostel/Provost Office
Im having trouble because the accounts office receipt is stuck between two administrative offices. I have already checked this more than once. Kindly review the documents and process the request.,Administrative Offices
"Sir pls check, i would like to complain that the university WiFi does not accept my correct login details. Other university websites are opening normally. Please check the account or system and fix the issue.",IT Services
I would like to complain that the lab computer hasnt been restored after an earlier complaint. I have already checked this more than once. Kindly check the network or account configuration.,IT Services
"Sir please check, i am writing regarding the drinking water supply is in poor condition and needs replacement. I have already checked this more than once. I request urgent maintenance of this issue.",Maintenance & Facilities
Could you please look into this: the duplicate student card request was returned without explaining what is missing. The delay is creating difficulty with my semester matters. I would be grateful if the responsible office could review the details instead of asking me to repeat the same process. The concerned office is requested to check and complete this matter.,Administrative Offices
the university server is extremely slow during class hours. I reported this earlier to the IT desk but it is still unresolved. The IT team is requested to inspect and correct this.,IT Services
There seems to be an issue with my CGPA is showing the wrong course information. Other students in the same class can see the correct information. I have been trying to get this sorted out but there has not been a clear resolution yet. Kindly investigate the discrepancy and make the required correction.,Academic
I want to report that my GPA calculation hasnt been approved despite repeated follow-up. I have already checked this more than once. Kindly investigate the discrepancy and make the required correction.,Academic
I need help because my student card is not appearing in the official record. I need the document for another university process. Please process the request and correct the record.,Administrative Offices
I want to bring this issue to your attention: my clearance form was marked incomplete although all listed documents were attached. I have already checked this more than once. Please process the request and correct the record.,Administrative Offices
"Please help, i would like to complain that the air conditioner needs urgent cleaning and maintenance. I have already checked this more than once. I request urgent maintenance of this issue.",Maintenance & Facilities
the classroom chairs is not providing adequate service. The facility is currently difficult to use safely. Kindly send the maintenance team to inspect and fix it.,Maintenance & Facilities
Im facing an issue because the department elevator is making a loud noise throughout lectures. The facility is currently difficult to use safely. Please check the problem and restore the facility.,Maintenance & Facilities
There seems to be an issue with the result card still shows the old information after correction. I have already checked this more than once. Kindly investigate the discrepancy and make the required correction.,Academic
the backup generator is making a loud noise throughout lectures. This is especially difficult when the room is full. I request urgent maintenance of this issue.,Maintenance & Facilities
"the hostel curfew entry is not being handled according to the hostel procedure. I have already submited a request at the hostel office. Because the issue is still unresolved, it is now affecting my normal university work. Kindly inspect the issue and arrange the required solution.",Hostel/Provost Office
my clearance form was entered under the wrong category. The required documents and receipt were submitted. Please correct the record and confirm the updated status.,Administrative Offices
Can someone check why my clearance form was supposed to be completed earlier but remains unresolved. Please verify the record with the accounts or registrar office. I would be grateful if the responsible office could review the details instead of asking me to repeat the same process. Please correct the record and confirm the updated status.,Administrative Offices
There seems to be an issue with the printing system has been unavailable since this morning. Other university websites are opening normally. Kindly check the network or account configuration.,IT Services
There seems to be an issue with the migration certificate is stuck between two administrative offices. I would appreciate a clear status instead of being sent between offices. Kindly check the application and provide an update.,Administrative Offices
the hostel security refund has been pending without any clear update. Please verify the record with the accounts or registrar office. The concerned office is requested to check and complete this matter.,Administrative Offices
"This is getting difficult, i am having trouble because the air conditioner is overflowing during busy hours. I have already checked this more than once. Please resolve the maintenance problem at the earliest.",Maintenance & Facilities
"Please help, i need help because the laundry area is causing unnecessary difficulty at night. The problem is especially difficult during evening hours. Please ask the hostel administration to resolve it.",Hostel/Provost Office
my portal login is not detecting the connected device. Please check the account or system and fix the issue.,IT Services
I need help because the registrar applicaton is being delayed because the counter staff keep asking me to return later. I have already checked this more than once. Please resolve the issue without further unnecessary delay.,Administrative Offices
"Please help, could you please look into this: the lecture desk keeps stopping and starting. I have already checked this more than once. Please arrange repair as soon as possible.",Maintenance & Facilities
"Hi, there is a problm with the semester timetable is preventing me from completing registration. I have already checked this more than once. Please check the matter before it affects my semester further.",Academic
the email verification link hasnt been restored after an earlier complaint.,IT Services
"Please help, please check why the admission document needs correction in the administrative record. This matter has remained unresolved for several working days. Please check the application and provide an update.",Administrative Offices
"Sir please check, the migration certificate was supposed to be completed earlier but remains unresolved. The counter staff asked me to check again later, but there is still no progress. Because the issue is still unresolved, it is now affecting my normal university work. Please ask the concerned administrative office to resolve this.",Administrative Offices
my student card has been delayed beyond the stated processing time. Kindly check the application and provide an update.,Administrative Offices
Please check why the makeup exam request has an incorrect total after the latest update. I have checked the portal more than once and the same problm remains. Please check the matter before it affects my semester further.,Academic
"the laundry area is causing unnecessary difficulty at night. I informed the hostel staff earlier, but the issue continues. Kindly inspect the issue and arrange the required solution.",Hostel/Provost Office
I would like to complain that the scholarship payment has not been forwarded to the concerned office. The required documents and receipt were submitted. The concerned office is requested to check and complete this matter.,Administrative Offices
the air conditioner is creating an uncomfortable environment in the room. The facility is currently difficult to use safely. Kindly send the maintenance team to inspect and fix it.,Maintenance & Facilities
There is a problem with the room furniture has not been repaired despite an earlier request. I have already checked this more than once. Please take action and update me about the complaint.,Hostel/Provost Office
"Can u check this, could you please look into this: the lab computer is showing outdated information. Please check whether there is an account or server-side problem. I have been trying to get this sorted out, but there has not been a clear resolution yet. Please resolve the technical problem before the deadline.",IT Services
my hostel room allocation has been pending with the hostel office. I have already submitted a request at the hostel office. Kindly inspect the issue and arrange the required solution.,Hostel/Provost Office
"Hi, the admission document needs correction in the administrative record. The delay is creating difficulty with my semester matters. Please process the request and correct the record.",Administrative Offices
"I want to bring this issue to your attention: the mess timing was reported to the warden but no action has been taken. The condition has been causing inconvenience for several days. I have been trying to get this sorted out, but there has not been a clear resolution yet. Please take action and update me about the complaint.",Hostel/Provost Office
the LMS account is showing outdated information. This is affecting my ability to complete university work. Please restore access as soon as possible.,IT Services
"I have a problem, could you please look into this: the hostel water supply was reported to the warden but no action has been taken. This is affecting normal hostel routine. I request the Provost Office to look into this matter.",Hostel/Provost Office
the result card does not include marks for work that I submitted. Could the concerned office pls confirm the correct status?,Academic
I would like to complain that the lab computer is not loading the required page. I have already checked this more than once. Please check the account or system and fix the issue.,IT Services
"I have a problm, my roommate issue is still unresolved after several days.",Hostel/Provost Office
I need help because the thesis progress review has been pending for several days. I request the department to resolve this as soon as possible.,Academic
"I have a problem, the mess timing is not being handled according to the hostel procedure. This is affecting normal hostel routine. I request the Provost Office to look into this matter.",Hostel/Provost Office
Can someone check why the department printer works for a few minutes and then goes offline. I have already checked this more than once. Kindly check the network or account configuration.,IT Services
"Please help, the toilet flush has not been repaired after an earlier complaint. It would be better to repair it before the damage increases. Please resolve the maintenance problem at the earliest.",Maintenance & Facilities
"I am having trouble because the registered credit hours has an incorrect total after the latest update. Because of this error, I am unable to proceed with the next academic step. I have been trying to get this sorted out but there has not been a clear resolution yet. Please check the matter before it affects my semester further.",Academic
"Sir please check, i am having trouble because my student card was supposed to be completed earlier but remains unresolved. Please check the application and provide an update.",Administrative Offices
the building staircase is leaking and making the floor wet. This is especially difficult when the room is full. Please inspect the area and take the necessary action.,Maintenance & Facilities
the password reset service is preventing me from accessing course material. I reported this earlier to the IT desk but it is still unresolved. Please resolve the technical problem before the deadline.,IT Services
I want to report that the universty server is rejecting files that meet the stated requirements. Restarting the device did not solve the issue. I would be grateful if the responsible office could review the details instead of asking me to repeat the same process. Kindly check the network or account configuration.,IT Services
the hostel room lock is creating hygiene concerns for residents. Please ask the hostel administration to resolve it.,Hostel/Provost Office
There seems to be an issue with the classroom fan has been out of order for several days. I have already checked this more than once. Kindly send the maintenance team to inspect and fix it.,Maintenance & Facilities
I am facing an issue because the transcript has not been approved despite repeated follow-up. Other students in the same class can see the correct information. I would be grateful if the responsible office could review the details instead of asking me to repeat the same process. Please verify the record and correct it.,Academic
"Sir please check, can someone check why my attendance record has an incorrect total after the latest update. I submitted the required application before the deadline. Please update the record according to the submitted documents.",Academic
the result card has been pending for several days. I have checked the portal more than once and the same problem remains. I request the department to resolve this as soon as possible.,Academic
I am having trouble because the result card contains an error that is affecting my semester record. I have checked the portal more than once and the same problem remains. Kindly investigate the discrepancy and make the required correction.,Academic
my scholarship application is being delayed because the counter staff keep asking me to return later.,Administrative Offices
"the hosel water supply requires inspection by hostel staff. I informed the hostel staff earlier, but the issue continues. Please ask the hostel administration to resolve it.",Hostel/Provost Office
There is a problem with the quiz score has not been approved despite repeated follow-up. I have already checked this more than once. Please check the matter before it affects my semester further.,Academic
the hostel security desk is not available at the stated time. pls handle the matter according to hostel policy.,Hostel/Provost Office
"Can u check this, there seems to be an issue with the washroom taps is leaking and making the floor wet. I have already checked this more than once. Please send the maintenance team to inspect and fix it.",Maintenance & Facilities
I want to report that the registered credit hours is showing the wrong course information. Kindly review this issue and update the academic recoard.,Academic
"Please help, could you please look into this: the projector connection does not send the verification message. The issue occurs both in the lab and on my own device. Please resolve the technical problem before the deadline.",IT Services
Could you please look into this: the student portal is not connected to the campus network. I have already checked this more than once. I request technical support for this issue.,IT Services
I am having trouble because the electrical sockets has been left unrepaired since last week. The concerned staff are requested to repair this promptly.,Maintenance & Facilities
I am facing an issue because the classroom windows has loose parts that may cause an accident. I have already checked this more than once. Please have this facility repaired or replaced.,Maintenance & Facilities
I want to report that the air conditioner is leaking and making the floor wet. Students are facing this problem every day. The concerned staff are requested to repair this promptly.,Maintenance & Facilities
"the room cleanliness has not been resolved after repeated reporting. This is affecting normal hostel routine. Because the issue is still unresolved, it is now affecting my normal university work. I request the Provost Office to look into this matter.",Hostel/Provost Office
I need help because the hostel gate procedure is creating repeated arguments among residents. The problem is especially difficult during evening hours. Kindly have the warden or relevant staff check this issue.,Hostel/Provost Office
the admission document is causing difficulty with another university process. I need the document for another university process. Please ask the concerned administrative office to resolve this.,Administrative Offices
"I am writing regarding the laundry area is making it difficult to stay in the room. The warden was informed, but I have not received any update. Please ask the hostel administration to resolve it.",Hostel/Provost Office
I am writing regarding my financial aid application hasnt been forwarded to the concerned office. I have already visited the concerned office more than once. I would be grateful if the responsible office could review the details instead of asking me to repeat the same process. Please resolve the issue without further unnecessary delay.,Administrative Offices
Can someone check why the assignment grade shows a value that doesnt match the marks announced in class. I have checked the portal more than once and the same problem remains. Kindly review this issue and update the academic record.,Academic
the registered credit hours does not include marks for work that I submitted. I request the department to resolve this as soon as possible.,Academic
"Sir please check, i want to report that the LMS course page does not recognize my account. I already changed the password, but the error remains. I would be grateful if the responsible ofice could review the details instead of asking me to repeat the same process. Please check the network or account configuration.",IT Services
"the lab internet connection has been unavailable since this morning. Restarting the device did not solve the issue. Because the issue is still unresolved, it is now affecting my normal university work. The IT team is requested to inspect and correct this.",IT Services
"I want to report that the campus network has stopped working after the latest update. I already changed the password, but the error remains. Kindly check the network or account configuration.",IT Services
Please check why my clearance form has been pending without any clear update. I have already checked this more than once. Please process the request and correct the record.,Administrative Offices
Can someone check why my midterm marks has been pending for several days. I have already checked this more than once. Please check the matter before it affects my semester further.,Academic
"There is a problem with the student portal is preventing me from accessing course material. The issue occurs both in the lab and on my own device. I have been trying to get this sorted out, but there has not been a clear resolution yet. Please investigate the error and update the service.",IT Services
Can someone check why the computer lab software has been unavailable since this morning. The problemm started recently and has continued since then. I have been trying to get this sorted out but there has not been a clear resolution yet. Kindly check the network or account configuration.,IT Services
Can someone check why the migration certificate does not match the payment receipt. I have already checked this more than once. Please process the request and correct the record.,Administrative Offices
I am having trouble because my fee challan was entered under the wrong category. The application was submitted within the announced dates. I would be grateful if the responsible office could review the details instead of asking me to repeat the same process. Please process the request and correct the record.,Administrative Offices
I want to report that my university email is not syncing with my student account. I have already checked this more than once. Kindly check the network or account configuration.,IT Services
"I have a problem, my scholarship application has not been processed even though the documents were submitted.",Administrative Offices
I want to report that my attendance record is creating a clash with another registered course. I have already checked this more than once. Please recheck the entry and let me know once it is fixed.,Academic
"my thesis supervision has an incorrect total after the latest update. Because of this error, I am unable to proceed with the next academic step. pleas check the matter before it affects my semester further.",Academic
"I have a problem, please check why the department printer is showing outdated information. Please check whether there is an account or server-side problem. Please check the account or system and fix the issue.",IT Services
I need help because the registered credit hours shows a value that does not match the marks announced in class. I have already checked this more than once. Please check the matter before it affects my semester further.,Academic
I am writing regarding the result card does not include marks for work that I submitted. I would appreciate verification from the concerned academic office. Please update the record according to the submitted documents.,Academic
I am facing an issue because the hostel security desk is causing problems for residents every day. I have already checked this more than once. Kindly have the warden or relevant staff check this issue.,Hostel/Provost Office
"the laundry area needs attention from the provost office. This is affecting normal hostel routine. becuase the issue is still unresolved, it is now affecting my normal university work. Kindly inspect the issue and arrange the required solution.",Hostel/Provost Office
There is a problem with the lab computer is rejecting files that meet the stated requirements. Please investigate the error and update the service.,IT Services
my hostel room allocation has not been updated in the hostel record.,Hostel/Provost Office
I want to bring this issue to your attention: my thesis supervision has not been shared with students. Other students in the same class can see the correct information. Kindly investigate the discrepancy and make the required correction.,Academic
Can someone check why the admission fee recoard has been delayed beyond the stated processing time. Please resolve the issue without further unnecessary delay.,Administrative Offices
the classroom windows is making a loud noise throughout lectures. The area is frequently used by students and staff. Please arrange repair as soon as possible.,Maintenance & Facilities
"I need help because the prerequisite approval was uploaded late and now I cannot complete the next process. The department office asked me to wait, but there has been no update. I have been trying to get this sorted out, but there has not been a clear resolution yet. I request the department to resolve this as soon as possible.",Academic
the semester timetable does not reflect the form I submitted on time. I already contacted the relevant teacher but the record is unchanged. Please verify the record and correct it.,Academic
the course section is showing the wrong course information. This issue is causing difficulty with my current semester planning. Kindly investigate the discrepancy and make the required correction.,Academic
the practical marks contains an error that is affecting my semester recoard.,Academic
I would like to complain that the admission status has been delayed beyond the stated processing time. Please correct the record and confirm the updated status.,Administrative Offices
"Please check why the practical marks was changed without any explanation. I need the corrected record for an upcoming academic requirement. I have been trying to get this sorted out, but there has not been a clear resolution yet. Please recheck the entry and let me know once it is fixed.",Academic
I would like to complain that the course section contains an error that is affecting my semester record. I have already checked this more than once. Please recheck the entry and let me know once it is fixed.,Academic
"There seems to be an issue with my fee challan has not been processed even though the documents were submitted. I would appreciate a clear status instead of being sent between offices. I have been trying to get this sorted out, but there has not been a clear resolution yet. Please process the request and correct the record.",Administrative Offices
I want to bring this issue to your attention: the hostel water supply is causing problems for residents every day. I would like the matter to be handled according to hostel rules. Please ask the hostel administration to resolve it.,Hostel/Provost Office
"Please help, the practical markss has been pending for several days. Please recheck the entry and let me know once it is fixed.",Academic
Can someone check why the hostel curfew entry was handled differently from the stated hostel rules. Please handle the matter according to hostel policy.,Hostel/Provost Office
the hostel cleaning schedule has not been repaired despite an earlier request. The problem is especially difficult during evening hours. Please ask the hostel administration to resolve it.,Hostel/Provost Office
the assignment grade has not been updated even though the instructor confirmed the correction. Kindly review this issue and update the academic recrod.,Academic
the hostel gate procedure hasnt been resolved after repeated reporting. pls take action and update me about the complaint.,Hostel/Provost Office
the fee refund request has not been issued yet. I have kept a copy of the submitted form and payment receipt. Please resolve the issue without further unnecessary delay.,Administrative Offices
"I have a problem, i want to report that the email verification link has stopped working after the latest update. I tried from more than one device and the problem is the same. I would be grateful if the responsible office could review the details instead of asking me to repeat the same process. Please check the account or system and fix the issue.",IT Services
I am facing an issue because the mess timing has been pending with the hostle office. I have already checked this more than once. I request the Provost Office to look into this matter.,Hostel/Provost Office
"This is getting difficult, i need help because the water cooler is producing a strong smell and needs maintenance. The area is frequently used by students and staff. Please inspect the area and take the necessary action.",Maintenance & Facilities
"I have a problem, i would like to complain that the laundry area has not been repaired despite an earlier request. The condition has been causing inconvenience for several days. I would be grateful if the responsible office could review the details instead of asking me to repeat the same process. Please ask the hostel administration to resolve it.",Hostel/Provost Office
"Can u check this, could you please look into this: the hostel water supply was handled differently from the stated hostel rules. The issue needs attention before it becomes more serious. Please inspect the issue and arrange the required solution.",Hostel/Provost Office
"Please help, please check why the email verification link is rejecting files that meet the stated requirements. Restarting the device did not solve the issue. Please restore access as soon as possible.",IT Services
"Hi, i am facing an issue because the official certificate request is stuck between two administrative offices. The required documents and receipt were submitted. Please review the documents and process the request.",Administrative Offices
"I have a problem, the hostel washroom is not being handled according to the hostel procedure. Please ask the hostel administration to resolve it.",Hostel/Provost Office
I am facing an issue because the admission document has not been issued yet. I have already visited the concerned office more than once. I would be grateful if the responsible office could review the details instead of asking me to repeat the same process. Kindly review the documents and process the request.,Administrative Offices
"the prerequisite approval has been pending for several days. I need the corrected record for an upcoming academic requirement. Because the issue is still unresolved, it is now affecting my normal university work. Please verify the record and correct it.",Academic
the washroom plumbing has loose parts that may cause an accident.,Maintenance & Facilities
I want to bring this issue to your attention: the hosel security refund was supposed to be completed earlier but remains unresolved. I have already checked this more than once. The concerned office is requested to check and complete this matter.,Administrative Offices
"the hostel security desk is creating an uncomfortable living situation. The issue needs attention before it becomes more serious. Because the issue is still unresolved, it is now affecting my normal university work. Please take action and update me about the complaint.",Hostel/Provost Office
I am writing regarding my midterm markss was entered under the wrong course code. I have already checked this more than once. Kindly review this issue and update the academic record.,Academic
the classroom chairs has exposed wiring that should be inspected. The concerned staff are requested to repair this promptly.,Maintenance & Facilities
"This is getting difficult, the migration certificate is stuck between two administrative offices.",Administrative Offices
I want to bring this issue to your attention: the backup generator has loose parts that may cause an accident. I have already checked this more than once. I request urgent maintenance of this issue.,Maintenance & Facilities
I need help because my GPA calculation still shows the old information after correction. The supporting document was submitted at the department office. Please update the record according to the submitted documents.,Academic
"the room cleanliness is not being handled according to the hostel procedure. Several residents on the floor are facing the same problem. Because the issue is still unresolved, it is now affecting my normal university work. I request the Provost Office to look into this matter.",Hostel/Provost Office
I am having trouble because my degree verification request needs correction in the administrative record. I have already checked this more than once. Kindly check the aplication and provide an update.,Administrative Offices
There seems to be an issue with the hot water facility requires inspection by hostel staff. I have already submitted a request at the hostel office. I would be grateful if the responsible office could review the details instead of asking me to repeat the same process. I request the Provost Office to look into this matter.,Hostel/Provost Office
"Hi, there is a problem with the makeup exam request has not been shared with students. The department office asked me to wait, but there has been no update. Please update the record according to the submitted documents.",Academic
my thesis supervision has not been approved despite repeated follow-up. This issue is causing difficulty with my current semester planning. Please check the matter before it affects my semester further.,Academic
the classroom projector shows an error whenever I try to submit work. I request technical support for this issue.,IT Services
"I want to report that the admission document was supposed to be completed earlier but remains unresolved. I have already visited the concerned office more than once. I have been trying to get this sorted out, but there has not been a clear resolution yet. Please resolve the issue without further unnecessary delay.",Administrative Offices
"I have a problem, i am writing regarding the campus network is not loading the required page. This is affecting my ability to complete university work. Please investigate the error and update the service.",IT Services
the hot water facility was reported to the warden but no action has been taken. Please check the hostel record for my earlier complaint. Please resolve this hostel-related problem soon.,Hostel/Provost Office
the drinking watre supply is blocked and water is collecting around it. It would be better to repair it before the damage increases. The concerned staff are requested to repair this promptly.,Maintenance & Facilities
I am having trouble because my CGPA contains an error that is affecting my semester recoard. I already contacted the relevant teacher but the record is unchanged. Please update the record according to the submitted documents.,Academic
I want to bring this issue to your attention: the quiz score is preventing me from completing registration. Could the concerned office please confirm the correct status?,Academic
the thesis progress review is preventing me from completing registration. I already contacted the relevant teacher but the record is unchanged. I request the department to resolve this as soon as possible.,Academic
Im having trouble because the mess timing has become worse this week. I have already checked this more than once. Please resolve this hostel-related problem soon.,Hostel/Provost Office
There is a problem with the classroom ceiling keeps stopping and starting. Please check the problem and restore the facility.,Maintenance & Facilities
the hot water facility is affecting basic hostel facilities. This is affecting normal hostel routine. Please handle the matter according to hostel policy.,Hostel/Provost Office
Im facing an issue becase the room change request is creating hygiene concerns for residents. Kindly inspect the issue and arrange the required solution.,Hostel/Provost Office
the email verification link has stopped working after the latest update. I request technical support for this issue.,IT Services
I want to report that my midterm marks was marked absent although I attended the class. Kindly investigate the discrepancy and make the required correction.,Academic
"the accounts office receipt is causing difficulty with another universirty process. This matter has remained unresolved for several working days. Because the issue is still unresolved, it is now affecting my normal university work. I request verification and completion of the pending process.",Administrative Offices
"Can someone check why the hostel curfew entry was handled differently from the stated hostel rules. I would like the matter to be handled according to hostel rules. I have been trying to get this sorted out, but there has not been a clear resolution yet. Please resolve this hostel-related problem soon.",Hostel/Provost Office
I am facing an issue because the computer lab software has stopped working after the latest update. Kindly ask IT support to resolve this problem.,IT Services
"Please check why my hostel room allocation was reported to the warden but no action has been taken. I informed the hostel staff earlier, but the issue continues. I would be grateful if the responsible office could review the details instead of asking me to repeat the same process. Please take action and update me about the complant.",Hostel/Provost Office
my portal login is not loading the required page. I need access before the current submission deadline. Kindly check the network or account configuration.,IT Services
I would like to complain that the lab computer does not send the verification message. The IT team is requested to inspect and correct this.,IT Services
"Hi, could you please look into this: the LMS course page is extremely slow during class hours. Please check the network or account configuration.",IT Services
the classroom windows is in poor condition and needs replacement. The facility is currently difficult to use safely. I request urgent maintenance of this issue.,Maintenance & Facilities
the lab internet connection is not connected to the campus network.,IT Services
I want to report that the computer lab software keeps disconnecting during use. I have already checked this more than once. Please investigate the error and update the service.,IT Services
"Hi, i want to bring this issue to your attention: the document attestation request has been pending without any clear update. I have kept a copy of the submitted form and payment receipt. I would be grateful if the responsible office could review the details instead of asking me to repeat the same process. I request verification and completion of the pending process.",Administrative Offices
"This is getting difficult, i would like to complain that the hosel security desk has not been repaired despite an earlier request. I have already checked this more than once. Please handle the matter according to hostel policy.",Hostel/Provost Office
"Sir please check, the lab computer is showing outdated information. I request technical support for this issue.",IT Services
Please check why the corridor lights is damaged and unsafe to use. I have already checked this more than once. The concerned staff are requested to repair this promptly.,Maintenance & Facilities
Could you please look into this: the semester timetable was uploaded late and now I cannot complete the next process. I request the department to resolve this as soon as possible.,Academic
There is a problem with the course section has not been shared with students. I have already checked this more than once. Could the concerned office please confirm the correct status?,Academic
the classroom chairs is not providing adequate service. Please inspect the area and take the necessary action.,Maintenance & Facilities
I need help because the migration certificate is stuck between two administrative offices. I have already checked this more than once. Please process the request and correct the record.,Administrative Offices
the online registration portal has not been restored after an earlier complaint.,IT Services
I am writing regarding the fee refund request has not been approved even after verification. I have already checked this more than once. Kindly review the documents and process the request.,Administrative Offices
I want to bring this issue to your attention: the classroom windows is overflowing during busy hours. Please send someone to inspect the location. Kindly resolve the maintenance problem at the earliest.,Maintenance & Facilities
I want to report that the official certificate request has been delayed beyond the stated processing time. I would appreciate a clear status instead of being sent between offices. I request verification and completion of the pending process.,Administrative Offices
I am writing regarding the toilet flush is not available when it is needed. The problem is now affecting more than one class. I request urgent maintenance of this issue.,Maintenance & Facilities
my attendance record was uploaded late and now I cannot complete the next process.,Academic
"Hi, i want to report that the department printer works for a few minutes and then goes offline. I have already checked this more than once. Please check the network or account configuration.",IT Services
"Can u check this, there is a problem with the washroom plumbing has been out of order for several days. The facility is currently difficult to use safely. I would be grateful if the responsible office could review the details instead of asking me to repeat the same process. Please resolve the maintenance problem at the earliest.",Maintenance & Facilities
"I am writing regarding the lecture desk has loose parts that may cause an accident. A maintenance complaint was already reported, but the problem remains. Please inspect the area and take the necessary action.",Maintenance & Facilities
I am having trouble because the result card contains an error that is affecting my semester record. I have already checked this more than once. Please check the matter before it affects my semester further.,Academic
There seems to be an issue with the air conditioner is creating an uncomfortable environment in the room. The area is frequently used by students and staff. I request urgent maintenance of this issue.,Maintenance & Facilities
the computer lab software is rejecting files that meet the stated requirements. The problem started recently and has continued since then. Please resolve the technical problem before the deadline.,IT Services
Please check why the admission fee record was returned without explaining what is missing. Please correct the record and confirm the updated status.,Administrative Offices
Can someone check why the lab computer is rejecting files that meet the stated requirements. I reported this earlier to the IT desk but it is still unresolved. The IT team is requested to inspect and correct this.,IT Services
"I want to bring this issue to your attention: the hostel corridor lights is not avaiable at the stated time. I have already submitted a request at the hostel office. I have been trying to get this sorted out, but there has not been a clear resolution yet. The concerned hostel staff are requested to take action.",Hostel/Provost Office
"Hi, i am writing regarding the mess food has not been resolved after repeated reporting. This is affecting normal hostel routine. I have been trying to get this sorted out, but there has not been a clear resolution yet. Please inspect the issue and arrange the required solution.",Hostel/Provost Office
Im having trouble because the corridor lights is blocked and watre is collecting around it. I have already checked this more than once. Kindly send the maintenance team to inspect and fix it.,Maintenance & Facilities
I want to bring this issue to your attention: the electrical sockets is blocked and water is collecting around it. This is especially difficult when the room is full. Please check the problemm and restore the facility.,Maintenance & Facilities
the water cooler is creating an uncomfortable environment in the room. The condition is affecting normal use of the area. Kindly send the maintenance team to inspect and fix it.,Maintenance & Facilities
I am facing an issue becase the campus network is not responding at all. Please resolve the technical problem before the deadline.,IT Services
Can someone check why the makeup exam request is showing the wrong course information. I have already checked this more than once. Kindly investigate the discrepancy and make the required correction.,Academic
Im facing an issue because the biometric attendance machine has been unavailable since this morning. Restarting the device did not solve the issue. Please restore access as soon as possible.,IT Services
I am having trouble because the hostel security refund was submitted before the deadline but still shows pending. I have already checked this more than once. Please correct the record and confirm the updated status.,Administrative Offices
"Sir please check, please check why my roommate issue has not been updated in the hostel record. I would like the matter to be handled according to hostel rules. Please take action and update me about the complaint.",Hostel/Provost Office
the semester timetable is creating a clash with another registered course. The supporting document was submtted at the department office. Kindly investigate the discrepancy and make the required correction.,Academic
"Please help, there is a problem with my scholarship application was entered under the wrong category. I have kept a copy of the submitted form and payment receipt. I would be grateful if the responsible office could review the details instead of asking me to repeat the same process. Please ask the concerned administrative office to resolve this.",Administrative Offices
There seems to be an issue with the hostel security refund contains incorrect student information. Please process the request and correct the record.,Administrative Offices
Could you please look into this: the hostel room lock was handled differently from the stated hostel rules. I have already submitted a request at the hostel office. Please handle the matter according to hostel policy.,Hostel/Provost Office
There seems to be an issue with the admission fee record is being delayed because the counter staff keep asking me to return later. I have already checked this more than once. The concerned office is requested to check and complete this matter.,Administrative Offices
the hostle room lock is not being handled according to the hostel procedure. Please take action and update me about the complaint.,Hostel/Provost Office
I am facing an issue because my attendance record has not been shared with students. I submitted the required application before the deadline. Could the concerned office please confirm the correct status?,Academic
the assignment grade was marked absent although I attended the class.,Academic
"Can u check this, i am facing an issue because the registrar aplication was marked incomplete although all listed documents were attached. I request verification and completion of the pending process.",Administrative Offices
the hostel security desk is making it difficult to stay in the room.,Hostel/Provost Office
"I have a problem, the document attestation request was submitted before the deadline but still shows pending.",Administrative Offices
my clearance form does not match the payment receipt. The required documents and receipt were submitted. I request verification and completion of the pending process.,Administrative Offices
Could you please look into this: the prerequisite approval was not accepted even though I met the deadline. I need the corrected record for an upcoming academic requirement. I would be grateful if the responsible office could review the details instead of asking me to repeat the same process. Please update the record according to the submtted documents.,Academic
the washroom plumbing is not working properly during class hours.,Maintenance & Facilities
I am having trouble because the password reset service fails before the process is completed. I have already checked this more than once. The IT team is requested to inspect and correct this.,IT Services
I would like to complain that the hostel security desk is not being handled according to the hostel procedure. This is affecting normal hostel routine. I would be grateful if the responsible office could review the details instead of asking me to repeat the same process. Please resolve this hostel-related problem soon.,Hostel/Provost Office
Can someone check why the accounts office receipt has no status update despite repeated visits. pls ask the concerned administrative office to resolve this.,Administrative Offices
I am having trouble because the transcript was changed without any explanation. I have already checked this more than once. Please recheck the entry and let me know once it is fixed.,Academic
There is a problem with the assignment grade was marked absent although I attended the class. I request the department to resolve this as soon as possible.,Academic
"This is getting difficult, the hostel washroom is making it difficult to stay in the room. The problem is especially difficult during evening hours. Because the issue is still unresolved, it is now affecting my normal university work. Please ask the hostel administration to resolve it.",Hostel/Provost Office
I want to bring this issue to your attention: the student portal works for a few minutes and then goes offline. I have already checked this more than once. Kindly check the network or account configuration.,IT Services
"Sir please check, my fee challan was supposed to be completed earlier but remains unresolved. I need the document for another university process. I request verification and completion of the pending process.",Administrative Offices
the final exam result does not include marks for work that I submitted. Please recheck the entry and let me know once it is fixed.,Academic
the washroom taps is producing a strong smell and needs maintenance. Please have this facility repaired or replaced.,Maintenance & Facilities
"This is getting difficult, the registered credit hours has an incorrect total after the latest update.",Academic
"Can u check this, i need help because my student card was marked incomplete although all listed documents were attached. Please verify the record with the accounts or registrar office. I have been trying to get this sorted out, but there has not been a clear resolution yet. Please correct the record and confirm the updated status.",Administrative Offices
the backup generator is overflowing during busy hours. Kindly send the maintenance team to inspect and fix it.,Maintenance & Facilities
Can someone check why the password reset service is rejecting files that meet the stated requirements. I have already checked this more than once. Please restore access as soon as possible.,IT Services
"the password reset service does not recognize my account. I need access before the current submission deadline. Because the issue is still unresolved, it is now affecting my normal university work. Please investigate the error and update the service.",IT Services
I need help because my clearance form has not been issued yet. I need the document for another university process. Please resolve the issue without further unnecessary delay.,Administrative Offices
"Please help, i want to bring this issue to your attention: the online registration portal has been unavailable since this morning. I have already checked this more than once. I request technical support for this issue.",IT Services
"Can u check this, please check why my student card needs correction in the administrative record. I have already checked this more than once. Please ask the concerned administrative office to resolve this.",Administrative Offices
Can someone check why the campus network keeps disconnecting during use. Other university websites are opening normally. Kindly check the network or account configuration.,IT Services
"This is getting difficult, the classroom chairs is producing a strong smell and needs maintenance.",Maintenance & Facilities
"I am facing an issue because the thesis progress review was changed without any explanation. The deparment office asked me to wait, but there has been no update. I would be grateful if the responsible office could review the details instead of asking me to repeat the same process. Please recheck the entry and let me know once it is fixed.",Academic
I would like to complain that my clearance form is stuck between two administrative offices. I have already checked this more than once. Kindly check the application and provide an update.,Administrative Offices
"There is a problem with the room cleanliness is creating hygiene concerns for residents. The warden was informed, but I have not received any update. Please handle the matter according to hostel policy.",Hostel/Provost Office
There seems to be an issue with my degree verification request was marked incomplete although all listed documents were attached. I have already visited the concerned office more than once. I would be grateful if the responsible office could review the details instead of asking me to repeat the same process. Please ask the concerned administrative office to resolve this.,Administrative Offices
Im facing an issue because the mess food is still unresolved after several days. I would like the matter to be handled according to hostel rules. I have been trying to get this sorted out but there has not been a clear resolution yet. pleas take action and update me about the complaint.,Hostel/Provost Office
the mess timing is affecting basic hostel facilities. Please check the hostel record for my earlier complaint. Please take action and update me about the complaint.,Hostel/Provost Office
I would like to complain that the parking area has been left unrepaired since last week. Please check the problem and restore the facility.,Maintenance & Facilities
There is a problem with the final exam result has not been approved despite repeated follow-up. I need the corrected record for an upcoming academic requirement. Could the concerned office please confirm the correct status?,Academic
"This is getting difficult, i want to bring this issue to your attention: the course section is different from what appears on the departmental notice. The supporting document was submitted at the department office. Please review this issue and update the academic record.",Academic
the fee correction application has not been issued yet. I have already visited the concerned office more than once. Kindly check the application and provide an update.,Administrative Offices
"the toilet flush is not working properly during class hours. The problem is now affecting more than one class. becuase the issue is still unresolved, it is now affecting my normal university work. I request urgent maintenance of this issue.",Maintenance & Facilities
"This is getting difficult, my CGPA is showing the wrong course information. Please check the matter before it affects my semester further.",Academic
Can someone check why the biometric attendance machine is not responding at all. I need access before the current submission deadline. I request technical support for this issue.,IT Services
"I want to bring this issue to your attention: the lab internet connection is not connected to the campus network. I need access before the current submission deadline. I have been trying to get this sorted out, but there has not been a clear resolution yet. Kindly check the network or account configuration.",IT Services
"Could you please look into this: the makeup exam request shows a value that does not match the marks announced in class. The department office asked me to wait, but there has been no update. Kindly investigate the discrepancy and make the required correction.",Academic
the computer lab software works for a few minutes and then goes offline. Please check whether there is an account or server-side problem. Please investigate the error and update the service.,IT Services
"I would like to complain that the toilet flush is overflowing during busy hours. The condition is affecting normal use of the area. I have been trying to get this sorted out, but there has not been a clear resolution yet. Please check the problem and restore the facility.",Maintenance & Facilities
"I am facing an issue because the hostel cleaning schedule is causing problems for residents every day. I informed the hostel staff earlier, but the issue continues. I have been trying to get this sorted out, but there has not been a clear resolution yet. Please resolve this hostel-related problem soon.",Hostel/Provost Office
I want to bring this issue to your attention: the quiz score has an incorrect total after the latest update. I have already checked this more than once. Please check the matter before it affects my semester further.,Academic
"I have a problem, i am facing an issue because the projector connection is preventing me from accessing course material. Other universty websites are opening normally. I have been trying to get this sorted out, but there has not been a clear resolution yet. Please restore access as soon as possible.",IT Services
"Please help, my degree verification request has not been approved even after verification. I have already visited the concerned office more than once. Because the issue is still unresolved, it is now affecting my normal university work. Please review the documents and process the request.",Administrative Offices
"This is getting difficult, i want to report that the lab internet connection shows a server error repeatedly. I have already checked this more than once. Please investigate the error and update the service.",IT Services
the hostle room lock was reported to the warden but no action has been taken. I request the Provost Office to look into this matter.,Hostel/Provost Office
"the corridor lights is creating an uncomfortable environment in the room. Please send someone to inspect the location. Because the issue is still unresolved, it is now affecting my normal university work. Kindly resolve the maintenance problem at the earliest.",Maintenance & Facilities
Could you please look into this: the hostel corridor lights is creating an uncomfortable living situation. This is affecting normal hostel routine. Kindly have the warden or relevant staff check this issue.,Hostel/Provost Office
I want to bring this issue to your attention: the campus network is not responding at all. Please restore access as soon as possible.,IT Services
I am facing an issue because the classroom ceiling is not available when it is needed. The facility is currently difficult to use safely. Please check the problem and restore the facility.,Maintenance & Facilities
Im having trouble because the projector connection works for a few minutes and then goes offline. I reported this earlier to the IT desk but it is still unresolved. Please investigate the error and update the service.,IT Services
There is a problem with the hostel curfew entry is affecting basic hostel facilities. The issue needs attention before it becomes more serious. I would be grateful if the responsible office could review the details instead of asking me to repeat the same process. Please ask the hostel administration to resolve it.,Hostel/Provost Office
There seems to be an issue with my GPA calculation still shows the old information after correction. I would appreciate verification from the concerned academic office. Kindly review this issue and update the academic record.,Academic
the mess food is not being handled according to the hostel procedure. Please ask the hostel administration to resolve it.,Hostel/Provost Office
I am having trouble because my scholarship application contains incorrect student information. The counter staff asked me to check again later but there is still no progress. Kindly review the documents and process the request.,Administrative Offices
Please check why the washroom plumbing is not available when it is needed. Please send someone to inspect the location. Please arrange repair as soon as possible.,Maintenance & Facilities
"Sir please check, the toilet flush is creating an uncomfortable environment in the room. The issue becomes worse during afternoon classes. Please resolve the maintenance problem at the earliest.",Maintenance & Facilities
I want to bring this issue to your attention: the prerequisite approval shows a value that does not match the marks announced in class. I have checked the portal more than once and the same problem remains. Please update the record according to the submitted documents.,Academic
pleas check why the result card still shows the old information after correction. Other students in the same class can see the correct information. Please verify the record and correct it.,Academic
I want to report that the biometric attendance machine does not send the verification message. The issue occurs both in the lab and on my own device. The IT team is requested to inspect and correct this.,IT Services
"Hi, my stuent card has no status update despite repeated visits.",Administrative Offices
the corridor lights has not been repaired after an earlier complaint.,Maintenance & Facilities
"This is getting difficult, i need help because my midterm marks does not reflect the form I submitted on time. I need the corrected record for an upcoming academic requirement. I request the department to resolve this as soon as possible.",Academic
"the migration certificate is causing difficulty with another university process. The counter staff asked me to check again later, but there is still no progress. Please process the request and correct the record.",Administrative Offices
my roommate issue is creating hygiene concerns for residents. Please handle the matter according to hostel policy.,Hostel/Provost Office
my roommate issue is not working properly.,Hostel/Provost Office
I would like to complain that the bonafide certificate has not been processed even though the documents were submitted. I have already visited the concerned office more than once. Kindly review the documents and process the request.,Administrative Offices
Im facing an issue becase the backup generator is creating an uncomfortable environment in the room. This is especially difficult when the room is full. Kindly resolve the maintenance problem at the earliest.,Maintenance & Facilities
the official certificate request is causing difficulty with another universty process. Please correct the record and confirm the updated status.,Administrative Offices
my degree verification request has not been approved even after verification. Please ask the concerned administrative office to resolve this.,Administrative Offices
"Can u check this, my portal login does not send the verification message. I request technical support for this issue.",IT Services
"the washroom plumbing has not been repaired after an earlier complaint. The condition is affecting normal use of the area. Because the issue is still unresolved, it is now affecting my normal university work. Kindly send the maintenance team to inspect and fix it.",Maintenance & Facilities
Im facing an issue because the LMS account has been unavailable since this morning. I have already checked this more than once. Please investigate the error and update the service.,IT Services
"I am having trouble because the thesis progress review is still missing from the student record. I submitted the required application before the deadline. I have been trying to get this sorted out, but there hasnt been a clear resolution yet. I request the department to resolve this as soon as possible.",Academic
Could you please look into this: my thesis supervision does not include marks for work that I submitted. I have already checked this more than once. Could the concerned office please confirm the correct status?,Academic
Can someone check why the room cleanliness is creating repeated arguments among residents. I have already checked this more than once. Kindly have the warden or relevant staff check this issue.,Hostel/Provost Office
"the lecture room lights has not been repaired after an earlier complaint. The issue becomes worse during afternoon classes. Because the issue is still unresolved, it is now affecting my normal university work. Please inspect the area and take the necessary action.",Maintenance & Facilities
Please check why the exam date sheet is preventing me from completing registration. I would appreciate verification from the concerned academic office. Could the concerned office please confirm the correct status?,Academic
the quiz score is preventing me from completing registration. Please update the record according to the submitted documents.,Academic
I need help because the backup generator is not providing adequate service. The area is frequently used by students and staff. Kindly send the maintenance team to inspect and fix it.,Maintenance & Facilities
"the admission fee record has been pending without any clear update. The counter staff asked me to check again later, but there is still no progress. Please correct the record and confirm the updated status.",Administrative Offices
I am writing regarding the hostel WiFi complaint record is creating hygiene concerns for residents. Please check the hostel record for my earlier complaint. Please handle the matter according to hostel policy.,Hostel/Provost Office
"Can u check this, can someone check why the course section does not reflect the form I submitted on time. I already contacted the relevant teacher but the record is unchanged. I would be grateful if the responsible office could review the details instead of asking me to repeat the same process. Please check the matter before it affects my semester further.",Academic
"the biometric attendance machine does not recognize my account. Other university websites are opening normally. Because the issue is still unresolved, it is now affecting my normal university work. Please check the account or system and fix the issue.",IT Services
"the password reset service is showing outdated information. I need access before the current submission deadline. Because the issue is still unresolved, it is now affecting my normal university work. Please resolve the technical problem before the deadline.",IT Services
the campus network is not detecting the connected device. I need access before the current submission deadline. Please resolve the technical problem before the deadline.,IT Services
the practical marks has been pending for several days. The supporting document was submitted at the department office. plz verify the record and correct it.,Academic
"Could you please look into this: the electrical sockets is causing difficulty for students during lectures. The facility is currently difficult to use safely. I have been trying to get this sorted out, but there hasnt been a clear resolution yet. Kindly send the maintenance team to inspect and fix it.",Maintenance & Facilities
"Hi, i am facing an issue because the room furniture is not available at the stated time. I have already checked this more than once. Please handle the matter according to hostel policy.",Hostel/Provost Office
I am having trouble because the classroom windows is not working properly during class hours. The issue becomes worse during afternoon classes. Please inspect the area and take the necessary action.,Maintenance & Facilities
There is a problem with the room ceiling fan is still unresolved after several days. I have already checked this more than once. Kindly have the warden or relevant staff check this issue.,Hostel/Provost Office
"Could you please look into this: the hostel security desk has been pending with the hostel office. The warden was informed, but I have not received any update. Please resolve this hostel-related problem soon.",Hostel/Provost Office
"Sir please check, i am facing an issue because the thesis progress review is creating a clash with another registered course. I have already checked this more than once. I request the department to resolve this as soon as possible.",Academic
the computer lab software shows an error whenever I try to submit work. Please check the account or system and fix the issue.,IT Services
"the hostel cleaning schedule is still unresolved after several days. The problem is especially difficult during evening hours. Because the issue is still unresolved, it is now affecting my normal university work. Please take action and update me about the complaint.",Hostel/Provost Office
Can someone check why the hostel washroom is not working properly. I have already checked this more than once. I request the Provost Office to look into this matter.,Hostel/Provost Office
I want to report that the practical marks was marked absent although I attended the class. Kindly investigate the discrepancy and make the required correction.,Academic
I am writing regarding the final exam result is still missing from the student record. I have already checked this more than once. Kindly review this issue and update the academic record.,Academic
I want to report that the department printer is not syncing with my student account. I have already checked this more than once. Kindly ask IT support to resolve this problem.,IT Services
There is a problem with the transcript has not been approved despite repeated follow-up. I have already checked this more than once. Kindly investigate the discrepancy and make the required correction.,Academic
"the water cooler is blocked and water is collecting around it. A maintenance complaint was already reported, but the problem remains. Kindly send the maintenance team to inspect and fix it.",Maintenance & Facilities
my portal login shows an error whenever I try to submit work. Please check whether there is an account or server-side problem. Please resolve the technical problem before the deadline.,IT Services
"I have a problem, the hostel cleaning schedule is not being handled according to the hostel procedure. The warden was informed but I have not received any update. Please have the warden or relevant staff check this issue.",Hostel/Provost Office
the password reset service is not syncing with my student account. Please check whether there is an account or server-side problem. Kindly ask IT support to resolve this problem.,IT Services
I would like to complain that the biometric attendance machine is extremely slow during class hours. Please check whether there is an account or server-side problm. Please restore access as soon as possible.,IT Services
I am writing regarding the lab internet connection is not syncing with my student account. I have already checked this more than once. Please investigate the error and update the service.,IT Services
Please check why the transcript has not been shared with students. I have checked the portal more than once and the same problem remains. I would be grateful if the responsible office could review the details instead of asking me to repeat the same process. Kindly review this issue and update the academic record.,Academic
"the final exam result has not been shared with students. Because of this error, I am unable to proceed with the next academic step. Please verify the record and correct it.",Academic
"I need help because the lab computer has stopped working after the latest update. This is affecting my ability to complete university work. I have been trying to get this sorted out, but there has not been a clear resolution yet. Please resolve the technical problem before the deadline.",IT Services
I want to bring this issue to your attention: my financial aid application is not appearing in the official recoard. I have already visited the concerned office more than once. I would be grateful if the responsible office could review the details instead of asking me to repeat the same process. Kindly review the documents and process the request.,Administrative Offices
"I want to report that the room ceiling fan has not been repaired despite an earlier request. This is affecting normal hostel routine. I have been trying to get this sorted out, but there has not been a clear resolution yet. Please resolve this hostel-related problem soon.",Hostel/Provost Office
the email verification link is not syncing with my student account. Please investigate the error and update the service.,IT Services
Please check why my attendance record was not accepted even though I met the deadline. I have already checked this more than once. Kindly review this issue and update the academic record.,Academic
the hostel cleaning schedule is making it difficult to stay in the room. Several residents on the floor are facing the same problem. I request the Provost Office to look into this matter.,Hostel/Provost Office
"I have a problem, the campus network keeps disconnecting during use. I reported this earlier to the IT desk but it is still unresolved. Please ask IT support to resolve this problem.",IT Services
"Can u check this, could you please look into this: the classroom chairs is not available when it is needed. This is especially difficult when the room is full. I have been trying to get this sorted out, but there has not been a clear resolution yet. Please check the problem and restore the facility.",Maintenance & Facilities
"Could you pls look into this: the LMS course page has been unavailable since this morning. I need access before the current submission deadline. I have been trying to get this sorted out, but there has not been a clear resolution yet. Please restore access as soon as possible.",IT Services
I want to bring this issue to your attention: the hostel corridor lights has been pending with the hostel office. I have already checked this more than once. Please ask the hostel administration to resolve it.,Hostel/Provost Office
I want to bring this issue to your attention: the admission status contains incorrect student information. The delay is creating difficulty with my semester matters. Kindly review the documents and process the request.,Administrative Offices
the watre cooler has broken fittings. I request urgent maintenance of this issue.,Maintenance & Facilities
I would like to complain that the department printer is not connected to the campus network. I tried from more than one device and the problem is the same. Please restore access as soon as possible.,IT Services
I need help because the hostel room lock is still unresolved after several days. The condition has been causing inconvenience for several days. The concerned hostel staff are requested to take action.,Hostel/Provost Office
There seems to be an issue with my CGPA is creating a clash with another registered course. Other students in the same class can see the correct information. Kindly review this issue and update the academic record.,Academic
Can someone check why the water cooler is leaking and making the floor wet. Kindly resolve the maintenance problm at the earliest.,Maintenance & Facilities
"Can u check this, i am writing regarding the mess timing has not been repaired despite an earlier request. This is affecting normal hostel routine. I would be grateful if the responsible office could review the details instead of asking me to repeat the same process. Please take action and update me about the complaint.",Hostel/Provost Office
Please check why my roommate issue has not been repaired despite an earlier request. The issue needs attention before it becomes more serious. I would be grateful if the responsible office could review the details instead of asking me to repeat the same process. Please resolve this hostel-related problem soon.,Hostel/Provost Office
"Can u check this, i need help because the quiz score has been pending for several days. I submitted the required application before the deadline. I have been trying to get this sorted out, but there has not been a clear resolution yet. I request the department to resolve this as soon as possible.",Academic
"the common room has not been repaired despite an earlier request. I have already submitted a request at the hostel office. Because the issue is still unresolved, it is now affecting my normal university work. Kindly inspect the issue and arrange the required solution.",Hostel/Provost Office
I am having trouble becuase the mess timing has been pending with the hostel office. The problem is especially difficult during evening hours. I request the Provost Office to look into this matter.,Hostel/Provost Office
"Hi, i want to bring this issue to your attention: the practical marks shows a value that does not match the marks announced in class. I have checked the portal more than once and the same problem remains. I would be grateful if the responsible office could review the details instead of asking me to repeat the same process. Please recheck the entry and let me know once it is fixed.",Academic
"There is a problem with the hostel security refund has not been issued yet. The delay is creating difficulty with my semester matters. I have been trying to get this sorted out, but there has not been a clear resolution yet. Kindly review the documents and process the request.",Administrative Offices
"Please check why the building staircase is creating an uncomfortable environment in the room. A maintenance complaint was already reported, but the problem remains. I would be grateful if the responsible offce could review the details instead of asking me to repeat the same process. The concerned staff are requested to repair this promptly.",Maintenance & Facilities
"There is a problem with the result card is creating a clash with another registered course. Other students in the same class can see the correct information. I have been trying to get this sorted out, but there has not been a clear resolution yet. Please update the record according to the submitted documents.",Academic
I want to bring this issue to your attention: the lecture room lights has loose parts that may cause an accident. I have already checked this more than once. The concerned staff are requested to repair this promptly.,Maintenance & Facilities
the biometric attendance machine keeps disconnecting during use. The problem started recently and has continued since then. Kindly ask IT support to resolve this problem.,IT Services
Could you please look into this: the electrical sockets is blocked and water is collecting around it. I request urgent maintenance of this issue.,Maintenance & Facilities
I am having trouble because the semester timetable still shows the old information after correction. I have already checked this more than once. Please check the matter before it affects my semester further.,Academic
Please check why the department printer has stopped working after the latest update. Kindly check the network or account configuration.,IT Services
"Can u check this, could you please look into this: the room cleanliness is creating hygiene concerns for residents. I have already checked this more than once. Please handle the matter according to hostel policy.",Hostel/Provost Office
There is a problem with the printing system shows an error whenever I try to submit work. Please check the account or system and fix the issue.,IT Services
Please check why the semester timetable doesnt include marks for work that I submitted. I would appreciate verification from the concerned academic office. Please update the record according to the submitted documents.,Academic
I am facing an issue because my fee challan was supposed to be completed earlier but remains unresolved. I have already checked this more than once. Kindly review the documents and process the request.,Administrative Offices
Please check why my university email is rejecting files that meet the stated requirements. I tried from more than one device and the problem is the same. Kindly check the network or account configuration.,IT Services
I would like to complain that the hostel water supply has not been updated in the hostel record. I have already checked this more than once. Please ask the hostel administration to resolve it.,Hostel/Provost Office
"the admission fee record is causing difficulty with another university process. I have already visited the concerned office more than once. Because the issue is still unresolved, it is now affecting my normal university work. Please process the request and correct the record.",Administrative Offices
Can someone check why the hot water facility was reported to the warden but no action has been taken. The problem is especially difficult during evening hours. Please ask the hostel administration to resolve it.,Hostel/Provost Office
the classroom windows is producing a strong smell and needs maintenance.,Maintenance & Facilities
Please check why the document attestation request is stuck between two administrative offices. This matter has remained unresolved for several working days. I would be grateful if the responsible office could review the details instead of asking me to repeat the same process. The concerned office is requested to check and complete this matter.,Administrative Offices
I want to bring this issue to your attention: the backup generator has broken fittings. I have already checked this more than once. Please arrange repair as soon as possible.,Maintenance & Facilities
I am facing an issue becuase the hostel cleaning schedule is not available at the stated time. The problem is especially difficult during evening hours. I would be grateful if the responsible office could review the details instead of asking me to repeat the same process. Please resolve this hostel-related problem soon.,Hostel/Provost Office
I want to bring this issue to your attention: the prerequisite approval was marked absent although I attended the class. I have already checked this more than once. Could the concerned office pls confirm the correct status?,Academic
"the printing system has stopped working after the latest update. The issue occurs both in the lab and on my own device. Because the issue is still unresolved, it is now affecting my normal university work. Please restore access as soon as possible.",IT Services
There is a problem with my scholarship application is causing difficulty with another universirty process. This matter has remained unresolved for several working days. I would be grateful if the responsible office could review the details instead of asking me to repeat the same process. Please resolve the issue without further unnecessary delay.,Administrative Offices
the building staircase has been out of order for several days. This is especially difficult when the room is full. pls check the problem and restore the facility.,Maintenance & Facilities
I need help because my midterm marks does not include marks for work that I submitted. I have already checked this more than once. Kindly review this issue and update the academic record.,Academic
my attendance record is showing the wrong course information. I need the corrected record for an upcoming academic requirement. Could the concerned office please confirm the correct status?,Academic
"I have a problem, the room ceiling fan is not working properly. I have already submitted a request at the hostel office. Please resolve this hostel-related problem soon.",Hostel/Provost Office
I want to report that the scholarship payment is being delayed because the counter staff keep asking me to return later. I have already checked this more than once. Kindly check the application and provide an update.,Administrative Offices
I want to report that the LMS course page shows a server error repeatedly. The issue occurs both in the lab and on my own device. Please resolve the technical problem before the deadline.,IT Services
"Hi, there is a problem with the laundry area is not working properly. I have already checked this more than once. The concerned hostel staff are requested to take action.",Hostel/Provost Office
"the drainage line is making a loud noise throughout lectures. Please send someone to inspect the location. Because the issue is still unresolved, it is now affecting my normal university work. The concerned staff are requested to repair this promptly.",Maintenance & Facilities
"Hi, can someone check why my degree verification request shows an incorrect amount. The delay is creating difficulty with my semester matters. I have been trying to get this sorted out, but there has not been a clear resolution yet. pls check the application and provide an update.",Administrative Offices
the university WiFi has been unavailable since this morning. The IT team is requested to inspect and correct this.,IT Services
I want to bring this issue to your attention: my attendance record has not been updated even though the instructor confirmed the correction. I already contacted the relevant teacher but the record is unchanged. I would be grateful if the responsible office could review the details instead of asking me to repeat the same process. Please verify the record and correct it.,Academic
"I have a problem, the admission fee record was marked incomplete although all listed documents were attached. I would appreciate a clear status instead of being sent between offices. Because the issue is still unresolved, it is now affecting my normal university work. Please resolve the issue without further unnecessary delay.",Administrative Offices
"Hi, there seems to be an issue with the projector connection is showing outdated information. Restarting the device did not solve the issue. The IT team is requested to inspect and correct this.",IT Services
I would like to complain that the network connection is not loading the required page. Other university websites are opening normally. The IT team is requested to inspect and correct this.,IT Services
There is a problm with the lab computer is not connected to the campus network. Kindly check the network or account configuration.,IT Services
I would like to complain that the water cooler is in poor condition and needs replacement. I have already checked this more than once. Please inspect the area and take the necessary action.,Maintenance & Facilities
I am having trouble because the washroom plumbing has not been repaired after an earlier complaint. Please arrange repair as soon as possible.,Maintenance & Facilities
"I have a problem, i need help becase course registration does not include marks for work that I submitted. I have checked the portal more than once and the same problem remains. I have been trying to get this sorted out, but there has not been a clear resolution yet. Please verify the record and correct it.",Academic
I want to bring this issue to your attention: the hostel water supply was reported to the warden but no action has been taken. Kindly have the warden or relevant staff check this issue.,Hostel/Provost Office
I am having trouble because the mess timing needs attention from the provost office. I would like the matter to be handled according to hostel rules. I request the Provost Office to look into this matter.,Hostel/Provost Office
"pls help, i want to report that the fee refund request was submitted before the deadline but still shows pending. Please correct the record and confirm the updated status.",Administrative Offices
"the washroom plumbing is damaged and unsafe to use. Please send someone to inspect the location. Because the issue is still unresolved, it is now affecting my normal university work. Kindly send the maintenance team to inspect and fix it.",Maintenance & Facilities
I am writing regarding my scholarship application was submitted before the deadline but still shows pending. The required documents and receipt were submitted. I would be grateful if the responsible office could review the details instead of asking me to repeat the same process. Please process the request and correct the record.,Administrative Offices
Could you please look into this: the classroom projector is showing outdated information. I have already checked this more than once. Please investigate the error and update the service.,IT Services
I am facing an issue because the online registration portal is extremely slow during class hours. I have already checked this more than once. The IT team is requested to inspect and correct this.,IT Services
I am having trouble because the corridor lights is in poor condition and needs replacement. This is especially difficult when the room is full. Please check the problem and restore the facility.,Maintenance & Facilities
"Could you please look into this: the washroom plumbing needs urgent cleaning and maintenance. Students are facing this problem every day. I have been trying to get this sorted out, but there has not been a clear resolution yet. Kindly send the maintenance team to inspect and fix it.",Maintenance & Facilities
the washroom plumbing has loose parts that may cause an accident. Students are facing this problem every day. The concerned staff are requested to repair this promptly.,Maintenance & Facilities
I want to report that the prerequisite approval was entered under the wrong course code. I submitted the required application before the deadline. I request the departmnt to resolve this as soon as possible.,Academic
"the official certificate request doesnt match the payment receipt. The required documents and receipt were submitted. Because the issue is still unresolved, it is now affecting my normal university work. Kindly check the aplication and provide an update.",Administrative Offices
"Please check why the laundry area is creating repeated arguments among residents. I informed the hostel staff earlier, but the issue continues. Please resolve this hostel-related problem soon.",Hostel/Provost Office
the university WiFi is not syncing with my student account. Restarting the device did not solve the issue. I request technical support for this issue.,IT Services
"the network connection is preventing me from accessing course material. Please check whether there is an account or server-side problem. Because the issue is still unresolved, it is now affecting my normal university work. Please investigate the error and update the service.",IT Services
"Sir please check, could you please look into this: the printing system is showing outdated information. I have already checked this more than once. Please investigate the error and update the service.",IT Services
"I need help because the exam date sheet is still missing from the student record. The department office asked me to wait, but there has been no update. Please verify the record and correct it.",Academic
"my clearance form has not been issued yet. I have already visited the concerned office more than once. Because the issue is still unresolved, it is now affecting my normal university work. The concerned office is requested to check and complete this matter.",Administrative Offices
the accounts office receipt is being delayed because the counter staff keep asking me to return later. I have already visited the concerned office more than once. Kindly check the application and provide an update.,Administrative Offices
There is a problem with the laundry area is creating an uncomfortable living situation. Please take action and update me about the complaint.,Hostel/Provost Office
"Sir please check, the lecture desk is damaged and unsafe to use. The condition is affecting normal use of the area. Please send the maintenance team to inspect and fix it.",Maintenance & Facilities
I need help because the university server hasnt been restored after an earlier complaint. I have already checked this more than once. I request technical support for this issue.,IT Services
Could you please look into this: the course section contains an error that is affecting my semester record. The supporting document was submitted at the department office. Kindly investigate the discrepancy and make the required correction.,Academic
"I need help because the hostel gate procedure is creating an uncomfortable living situation. I informed the hostel staff earlier, but the issue continues. I would be grateful if the responsible office could review the details instead of asking me to repeat the same process. The concerned hostel staff are requested to take action.",Hostel/Provost Office
the classroom projector shows a server error repeatedly. Please resolve the technical problem before the deadline.,IT Services
the hostel curfew entry is creating an uncomfortable living situation. I informed the hostel staff earlier but the issue continues. Please resolve this hostel-related problem soon.,Hostel/Provost Office
Please check why the washroom plumbing is making a loud noise throughout lectures. I have already checked this more than once. Kindly send the maintenance team to inspect and fix it.,Maintenance & Facilities
There is a problem with the drainage line is producing a strong smell and needs maintenance. The issue becomes worse during afternoon classes. I would be grateful if the responsible office could review the details instead of asking me to repeat the same process. plz have this facility repaired or replaced.,Maintenance & Facilities
There seems to be an issue with the lecture desk has loose parts that may cause an accident. plz send someone to inspect the location. The concerned staff are requested to repair this promptly.,Maintenance & Facilities
"Hi, i am writing regarding the exam date sheet is creating a clash with another registered course. I would appreciate verification from the concerned academic office. I have been trying to get this sorted out, but there has not been a clear resolution yet. Please recheck the entry and let me know once it is fixed.",Academic
the official certificate request was submitted before the deadline but still shows pending.,Administrative Offices
Could you please look into this: the printing system shows a server error repeatedly. I tried from more than one device and the problem is the same. I would be grateful if the responsible office could review the details instead of asking me to repeat the same process. Kindly check the network or account configuration.,IT Services
Could you please look into this: the LMS account is extremely slow during class hours. I have already checked this more than once. Please resolve the technical problemm before the deadline.,IT Services
the department elevator keeps stopping and starting.,Maintenance & Facilities
Can someone check why the universty WiFi fails before the process is completed. I reported this earlier to the IT desk but it is still unresolved. Please check the account or system and fix the issue.,IT Services
plz check why my student card shows an incorrect amount. I have already checked this more than once. Please ask the concerned administrative office to resolve this.,Administrative Offices
"the drainage line is not providing adequate service. The problem is now affecting more than one class. Because the issue is still unresolved, it is now affecting my normal university work. I request urgent maintenance of this issue.",Maintenance & Facilities
There is a problem with my portal login shows an error whenever I try to submit work. I have already checked this more than once. Please investigate the error and update the service.,IT Services
"I would like to complain that the password reset service has been unavailable since this morning. The issue occurs both in the lab and on my own device. I have been trying to get this sorted out, but there has not been a clear resolution yet. Please resolve the technical problem before the deadline.",IT Services
I am writing regarding the final exam result was marked absent although I attended the class. I would appreciate verification from the concerned academic office. I would be grateful if the responsible office could review the details instead of asking me to repeat the same process. Please verify the record and correct it.,Academic
"plz check why the transcript has not been approved despite repeated follow-up. I would appreciate verification from the concerned academic office. I have been trying to get this sorted out, but there has not been a clear resolution yet. Please recheck the entry and let me know once it is fixed.",Academic
"Sir please check, the email verification link is rejecting files that meet the stated requirements.",IT Services
the quiz score has not been shared with students. This issue is causing difficulty with my current semester planning. Kindly investigate the discrepancy and make the required correction.,Academic
Can someone check why the hostle security desk has not been resolved after repeated reporting. The problem is especially difficult during evening hours. I request the Provost Office to look into this matter.,Hostel/Provost Office
the scholarship payment shows an incorrect amount. This matter has remained unresolved for several working days. Please correct the record and confirm the updated status.,Administrative Offices
Can someone check why the washroom plumbing keeps stopping and starting. I have already checked this more than once. Please have this facility repaired or replaced.,Maintenance & Facilities
"the semester timetable is still missing from the student record. Other students in the same class can see the correct information. Because the issue is still unresolved, it is now affecting my normal university work. Please verify the record and correct it.",Academic
"the hostel room lock requires inspection by hostel staff. The issue needs attention before it becomes more serious. Because the issue is still unresolved, it is now affecting my normal university work. Please resolve this hostel-related problem soon.",Hostel/Provost Office
I would like to complain that the document attestation request was entered under the wrong category. Please correct the record and confirm the updated status.,Administrative Offices
"I am writing regarding the biometric attendance machine keeps disconnecting during use. Other university websites are opening normally. I have been trying to get this sorted out, but there has not been a clear resolution yet. Please resolve the technical problem before the deadline.",IT Services
Please check why the LMS course page is not connected to the campus network. Please check whether there is an account or server-side problem. Please check the account or system and fix the issue.,IT Services
the corridor lights is in poor condition and needs replacement.,Maintenance & Facilities
Can someone check why the electrical sockets is making a loud noise throughout lectures. This is especially difficult when the room is full. Kindly resolve the maintenance problem at the earliest.,Maintenance & Facilities
Please check why my roommate issue is affecting basic hostel facilities. Please check the hostel record for my earlier complaint. Kindly inspect the issue and arrange the required solution.,Hostel/Provost Office
I want to bring this issue to your attention: the room furniture is causing unnecessary difficulty at night. The condition has been causing inconvenience for several days. I would be grateful if the responsible office could review the details instead of asking me to repeat the same process. Kindly inspect the issue and arrange the required solution.,Hostel/Provost Office
my hostel room allocation is creating repeated arguments among residents. Please check the hostel record for my earlier complaint. Please handle the matter according to hostel policy.,Hostel/Provost Office
I would like to complain that my scholarship application is being delayed because the counter staff keep asking me to return later. The application was submitted within the announced dates. I would be grateful if the responsible office could review the details instead of asking me to repeat the same process. Please process the request and correct the record.,Administrative Offices
There is a problem with the classroom projector is showing outdated information. Please check whether there is an account or server-side problem. I would be grateful if the responsible office could review the details instead of asking me to repeat the same process. I request technical support for this issue.,IT Services
I want to bring this issue to your attention: the practical marks shows a value that does not match the marks announced in class. I submitted the required application before the deadline. I would be grateful if the responsible office could review the details instead of asking me to repeat the same process. Please check the matter before it affects my semester further.,Academic
the lab computer is rejecting files that meet the stated requirements. Please resolve the technical problem before the deadline.,IT Services
"the drinking water supply has been left unrepaired since last week. This is especially difficult when the room is full. Because the issue is still unresolved, it is now affecting my normal university work. Please arrange repair as soon as possible.",Maintenance & Facilities
"Can someone check why the drainage line is causing difficulty for students during lectures. The problem is now affecting more than one class. I have been trying to get this sorted out, but there has not been a clear resolution yet. Kindly resolve the maintenance problem at the earliest.",Maintenance & Facilities
"This is getting difficult, i am facing an issue because the air conditioner has loose parts that may cause an accident. I have already checked this more than once. Please resolve the maintenance problem at the earliest.",Maintenance & Facilities
"Sir please check, i want to bring this issue to your attention: the laboratory ventilation has broken fittings. I have already checked this more than once. Please send the maintenance team to inspect and fix it.",Maintenance & Facilities
the hostel WiFi complaint record has been pending with the hostel office. Several residents on the floor are facing the same problem. I request the Provost Office to look into this matter.,Hostel/Provost Office
"Could you please look into this: the registered credit hours has been pending for several days. Because of this error, I am unable to proceed with the next academic step. I would be grateful if the responsible office could review the details instead of asking me to repeat the same process. Kindly investigate the discrepancy and make the required correction.",Academic
I want to bring this issue to your attention: the migration certificate has been pending without any clear update. I have already checked this more than once. Kindly check the application and provide an update.,Administrative Offices
"Hi, the building staircase is blocked and water is collecting around it. It would be better to repair it before the damage increases. Please check the problem and restore the facility.",Maintenance & Facilities
"I have a problem, i need help because the university WiFi does not recognize my account. Please check whether there is an account or server-side problem. I would be grateful if the responsible office could review the details instead of asking me to repeat the same process. Please ask IT support to resolve this problem.",IT Services
I would like to complain that the fee correction application has not been issued yet. I have already checked this more than once. The concerned office is requested to check and complete this matter.,Administrative Offices
"Please help, the university WiFi is preventing me from accessing course material.",IT Services
"my university email has been unavailable since this morning. I reported this earlier to the IT desk but it is still unresolved. Because the issue is still unresolved, it is now affecting my normal university work. I request technical support for this issue.",IT Services
I want to report that the admission document was marked incomplete although all listed documents were attached. I have already checked this more than once. The concerned office is requested to check and complete this matter.,Administrative Offices
my financial aid application was marked incomplete although all listed documents were attached. I need the document for another university process. Kindly check the application and provide an update.,Administrative Offices
I want to bring this issue to your attention: the viva schedule was changed without any explanation. Could the concerned office please confirm the correct status?,Academic
"Hi, the department elevator has been left unrepaired since last week. A maintenance complaint was already reported but the problem remains. Please check the problem and restore the facility.",Maintenance & Facilities
Can someone check why my scholarship applicaton has been delayed beyond the stated processing time. I would appreciate a clear status instead of being sent between offices. Kindly review the documents and process the request.,Administrative Offices
"Hi, the washroom taps has not been repaired after an earlier complaint. The issue becomes worse during afternoon classes. Because the issue is still unresolved, it is now affecting my normal university work. I request urgent maintenance of this issue.",Maintenance & Facilities
"Can u check this, the room change request needs attention from the provost office.",Hostel/Provost Office
"the prerequisite approval is creating a clash with another registered course. Other students in the same class can see the correct information. Because the issue is still unresolved, it is now affecting my normal university work. Could the concerned office please confirm the correct status?",Academic
my degree verification request is not appearing in the official record. I have already visited the concerned offce more than once. Please resolve the issue without further unnecessary delay.,Administrative Offices
I need help because the online registration portal has stopped working after the latest update. I need access before the current submission deadline. I would be grateful if the responsible office could review the details instead of asking me to repeat the same process. Please check the account or system and fix the issue.,IT Services
my hostel room allocation has not been repaired despite an earlier request. The condition has been causing inconvenience for several days. Kindly inspect the issue and arrange the required solution.,Hostel/Provost Office
Please check why my CGPA contains an error that is affecting my semester record. Other students in the same class can see the correct information. Kindly investigate the discrepancy and make the required correction.,Academic
"Sir please check, the projector connection keeps disconnecting during use.",IT Services
"the university server does not send the verification message. I tried from more than one device and the problem is the same. Because the issue is still unresolved, it is now affecting my normal university work. Please restore access as soon as possible.",IT Services
"Hi, the projector connection keeps disconnecting during use.",IT Services
I would like to complain that course registration has an incorrect total after the latest update. This issue is causing difficulty with my current semester planning. I have been trying to get this sorted out but there has not been a clear resolution yet. Could the concerned office please confirm the correct status?,Academic
I am having trouble because the hostel washroom has not been repaired despite an earlier request. pleas ask the hostel administration to resolve it.,Hostel/Provost Office
the backup generator has loose parts that may cause an accident. The facility is currently difficult to use safely. Please check the problm and restore the facility.,Maintenance & Facilities
I need help because my portal login is not syncing with my student account. Kindly check the network or account configuration.,IT Services
I am facing an issue because the washroom plumbing has been out of order for several days. The area is frequently used by students and staff. I would be grateful if the responsible office could review the details instead of asking me to repeat the same process. The concerned staff are requested to repair this promptly.,Maintenance & Facilities
the building staircase needs urgent cleaning and maintenance. Kindly send the maintenance team to inspect and fix it.,Maintenance & Facilities
"the exam date sheet was changed without any explanation. The department office asked me to wait, but there has been no update. I request the department to resolve this as soon as possible.",Academic
pleas check why the network connection is preventing me from accessing course material. I have already checked this more than once. Please check the account or system and fix the issue.,IT Services
There seems to be an issue with the laboratory ventilation is overflowing during busy hours. The issue becomes worse during afternoon classes. I would be grateful if the responsible office could review the details instead of asking me to repeat the same process. Please check the problem and restore the facility.,Maintenance & Facilities
the official certificate request has not been approved even after verification. The delay is creating difficulty with my semester matters. Please ask the concerned administrative office to resolve this.,Administrative Offices
"I have a problem, my fee challan shows an incorrect amount. The required documents and receipt were submitted. Please check the application and provide an update.",Administrative Offices
"the building staircase has not been repaired after an earlier complaint. The problem is now affecting more than one class. Because the issue is still unresolved, it is now affecting my normal university work. Kindly send the maintenance team to inspect and fix it.",Maintenance & Facilities
"Sir please check, there seems to be an issue with my portal login is not detecting the connected device. Other university websites are opening normally. Please resolve the technical problem before the deadline.",IT Services
the classroom ceiling needs urgent cleaning and maintenance. Please inspect the area and take the necessary action.,Maintenance & Facilities
"my university email has stopped working after the latest update. Please check whether there is an account or server-side problem. Because the issue is still unresolved, it is now affecting my normal university work. Please check the account or system and fix the issue.",IT Services
I am writing regarding the hostel WiFi complaint record is creating hygiene concerns for residents. The condition has been causing inconvenience for several days. I have been trying to get this sorted out but there has not been a clear resolution yet. Please resolve this hostel-related problem soon.,Hostel/Provost Office
the hostel water supply has not been updated in the hostel record.,Hostel/Provost Office
Could you please look into this: the toilet flush is damaged and unsafe to use. Kindly resolve the maintenance problem at the earliest.,Maintenance & Facilities
I want to bring this issue to your attention: the water cooler has not been repaired after an earlier complaint. pleas inspect the area and take the necessary action.,Maintenance & Facilities
the projector connection doesnt recognize my account. The IT team is requested to inspect and correct this.,IT Services
There is a problem with the exam date sheet has not been shared with students. I have already checked this more than once. Please check the matter before it affects my semester further.,Academic
I need help because the classroom windows is overflowing during busy hours. A maintenance complaint was already reported but the problem remains. I would be grateful if the responsible office could review the details instead of asking me to repeat the same process. Please have this facility repaired or replaced.,Maintenance & Facilities
"Can u check this, the hostel WiFi complaint record is creating an uncomfortable living situation.",Hostel/Provost Office
"Please help, the building staircase has been out of order for several days. I request urgent maintenance of this issue.",Maintenance & Facilities
Could you please look into this: the hostel corridor lights is causing unnecessary difficulty at night. I have already checked this more than once. Please take action and update me about the complaint.,Hostel/Provost Office
the hostel curfew entry is creating hygiene concerns for residents. I have already submitted a request at the hostel office. I request the Provost Office to look into this matter.,Hostel/Provost Office
I need help because the accounts office receipt has been pending without any clear update. The required documents and receipt were submitted. I would be grateful if the responsible office could review the details instead of asking me to repeat the same process. The concerned office is requested to check and complete this matter.,Administrative Offices
"There is a problem with my CGPA has not been approved despite repeated follow-up. The department office asked me to wait, but there has been no update. I request the department to resolve this as soon as possible.",Academic
"This is getting difficult, i want to bring this issue to your attention: my hostel room allocation is creating hygiene concerns for residents. Please ask the hostel administration to resolve it.",Hostel/Provost Office
I need help because the prerequisite approval was uploaded late and now I cannot complete the next process. I have already checked this more than once. Kindly investigate the discrepancy and make the required correction.,Academic
the departmnt elevator is leaking and making the floor wet. The problem is now affecting more than one class. I request urgent maintenance of this issue.,Maintenance & Facilities
Could you please look into this: the hostel water supply is causing problems for residents every day. I have already checked this more than once. Kindly inspect the issue and arrange the required solution.,Hostel/Provost Office
"the password reset service shows a server error repeatedly. The issue occurs both in the lab and on my own device. becase the issue is still unresolved, it is now affecting my normal university work. Kindly ask IT support to resolve this problem.",IT Services
"This is getting difficult, i want to bring this issue to your attention: the hot water facility is causing problems for residents every day. I have already checked this more than once. Please ask the hostel administration to resolve it.",Hostel/Provost Office
Please check why the air conditioner is overflowing during busy hours. Kindly send the maintenance team to inspect and fix it.,Maintenance & Facilities
"Please help, the university WiFi is rejecting files that meet the stated requirements. I need access before the current submission deadline. Because the issue is still unresolved, it is now affecting my normal university work. I request technical support for this issue.",IT Services
"There seems to be an issue with the lecture desk has not been repaired after an earlier complaint. The issue becomes worse during afternoon classes. I have been trying to get this sorted out, but there has not been a clear resolution yet. Kindly resolve the maintenance problem at the earliest.",Maintenance & Facilities
I want to report that the prerequisite approval shows a value that does not match the mraks announced in class. Kindly investigate the discrepancy and make the required correction.,Academic
the student portal is not syncing with my student account. This is affecting my ability to complete university work. Please investigate the error and update the service.,IT Services
I want to bring this issue to your attention: the air conditioner is creating an uncomfortable environment in the room. The area is frequently used by students and staff. Please arrange repair as soon as possible.,Maintenance & Facilities
Im facing an issue because the drainage line is not working properly during class hours. Please send someone to inspect the location. Please inspect the area and take the necessary action.,Maintenance & Facilities
I need help because my CGPA has not been approved despite repeated follow-up. I already contacted the relevant teacher but the record is unchanged. I would be grateful if the responsible office could review the details instead of asking me to repeat the same process. Kindly investigate the discrepancy and make the required correction.,Academic
the room furniture is creating hygiene concerns for residents. I would like the matter to be handled according to hostel rules. Please ask the hostel administration to resolve it.,Hostel/Provost Office
"Could you please look into this: the printing system does not recognize my account. The problem started recently and has continued since then. I have been trying to get this sorted out, but there has not been a clear resolution yet. Kindly check the network or account configuration.",IT Services
the hostel curfew entry is still unresolved after several days. The condition has been causing inconvenience for several days. Please resolve this hostel-related problem soon.,Hostel/Provost Office
I am writing regarding the final exam result has not been approved despite repeated follow-up. I need the corrected record for an upcoming academic requirement. Please recheck the entry and let me know once it is fixed.,Academic
"Please help, the room change request is not available at the stated time. Please resolve this hostel-related problem soon.",Hostel/Provost Office
the electrical sockets has been left unrepaired since last week. The problemm is now affecting more than one class. The concerned staff are requested to repair this promptly.,Maintenance & Facilities
the hostel curfew entry is affecting basic hostel facilities. Kindly have the warden or relevant staff check this issue.,Hostel/Provost Office
I am facing an issue because my university email does not accept my correct login details. I have already checked this more than once. Please check the account or system and fix the issue.,IT Services
"Sir please check, i need help because the LMS course page works for a few minutes and then goes offline. I reported this earlier to the IT desk but it is still unresolved. Please ask IT support to resolve this problem.",IT Services
the common room was reported to the warden but no action has been taken. The issue needs attention before it becomes more serious. Please handle the matter according to hostel policy.,Hostel/Provost Office
"the prerequisite approval does not include marks for work that I submitted. Because of this error, I am unable to proceed with the next academic step. Because the issue is still unresolved, it is now affecting my normal university work. Please check the matter before it affects my semester further.",Academic
I would like to complain that the migration certificate was marked incomplete although all listed documents were attached. Please ask the concerned administrative office to resolve this.,Administrative Offices
"Could you please look into this: the university server is preventing me from accessing course material. I tried from more than one device and the problem is the same. I have been trying to get this sorted out, but there has not been a clear resolution yet. Please investigate the error and update the service.",IT Services
I want to bring this issue to your attention: the official certificate request shows an incorrect amount. Please ask the concerned administrative offce to resolve this.,Administrative Offices
"Can u check this, please check why my GPA calculation has been pending for several days. Please verify the recoard and correct it.",Academic
Can someone check why the room ceiling fan is creating hygiene concerns for residents. I have already checked this more than once. Please resolve this hostel-related problem soon.,Hostel/Provost Office
"I have a problem, please check why my fee challan hasnt been approved even after verification. I have already checked this more than once. Please process the request and correct the record.",Administrative Offices
the password reset service shows a server error repeatedly.,IT Services
I am having trouble because the university server has stopped working after the latest update. I have already checked this more than once. I request technical support for this issue.,IT Services
"Please help, can someone check why my attendance record has an incorrect total after the latest update. I have already checked this more than once. Please verify the record and correct it.",Academic
"Sir please check, there seems to be an issue with the department printer has stopped working after the latest update. I have already checked this more than once. Please investigate the error and update the service.",IT Services
"Please help, i am writing regarding the hostel curfew entry hasnt been repaired despite an earlier request. The condition has been causing inconvenience for several days. I have been trying to get this sorted out, but there has not been a clear resolution yet. Please take action and update me about the complaint.",Hostel/Provost Office
"the hostel gate procedure is creating an uncomfortable living situation. Please check the hostel record for my earlier complaint. Because the issue is still unresolved, it is now affecting my normal university work. Kindly have the warden or relevant staff check this issue.",Hostel/Provost Office
the LMS account shows an error whenever I try to submit work.,IT Services
"I have a problem, i am having trouble because the laundry area has not been updated in the hostel record. I have already submitted a request at the hostel office. I have been trying to get this sorted out, but there has not been a clear resolution yet. Please resolve this hostel-related problem soon.",Hostel/Provost Office
"Can u check this, can someone check why the exam date sheet has been pending for several days. The supporting document was submitted at the department office. can the office confirm the correct status?",Academic
There is a problem with the classroom windows has not been repaired after an earlier complaint. Please send someone to inspect the location. I would be grateful if the responsible office could review the details instead of asking me to repeat the same process. The concerned staff are requested to repair this promptly.,Maintenance & Facilities
"Hi, please check why the exam date sheet is showing the wrong course information. can the office confirm the correct status?",Academic
"This is getting difficult, i am having trouble because the classroom windows is not working properly during class hours. The facility is currently difficult to use safely. I would be grateful if the responsible office could review the details instead of asking me to repeat the same process. Please resolve the maintenance problem at the earliest.",Maintenance & Facilities
"Could you please look into this: the laundry area needs attention from the provost office. Please check the hostel record for my earlier complaint. I have been trying to get this sorted out, but there hasnt been a clear resolution yet. Please ask the hostel administration to resolve it.",Hostel/Provost Office
I would like to complain that the accounts office receipt was submitted before the deadline but still shows pending. This matter has remained unresolved for several working days. I would be grateful if the responsible office could review the details instead of asking me to repeat the same process. The concerned office is requested to check and complete this matter.,Administrative Offices
"I have a problem, there is a problem with the room cleanliness is not being handled according to the hostel procedure. I have already checked this more than once. Please resolve this hostel-related problem soon.",Hostel/Provost Office
"Sir please check, there seems to be an issue with the common room needs attention from the provost ofice. Please ask the hostel administration to resolve it.",Hostel/Provost Office
the bonafide certificate has not been approved even after verification.,Administrative Offices
I am writing regarding the laboratory ventilation is not available when it is needed. The issue becomes worse during afternoon classes. I request urgent maintenance of this issue.,Maintenance & Facilities
the duplicate student card request was submitted before the deadline but still shows pending. I have already visited the concerned office more than once. Please ask the concerned administrative office to resolve this.,Administrative Offices
Could you please look into this: the drainage line keeps stopping and starting. Please have this facility repaired or replaced.,Maintenance & Facilities
"the makeup exam request is different from what appears on the departmental notice. The department office asked me to wait, but there has been no update. Please verify the record and correct it.",Academic
"Can u check this, can someone check why the hostel water supply is not available at the stated time. I have already checked this more than once. Please resolve this hostel-related problem soon.",Hostel/Provost Office
"Can u check this, i am writing regarding the parking area is making a loud noise throughout lectures. I have already checked this more than once. plz inspect the area and take the necessary action.",Maintenance & Facilities
the LMS course page has not been restored after an earlier complaint.,IT Services
"Hi, there is a problemm with the classroom projector is not responding at all. I request technical support for this issue.",IT Services
"I want to bring this issue to your attention: the projector connection is extremely slow during class hours. Restarting the device did not solve the issue. I have been trying to get this sorted out, but there has not been a clear resolution yet. Please restore access as soon as possible.",IT Services
my portal login fails before the process is completed. Kindly check the network or account configuration.,IT Services
the parking area is damaged and unsafe to use. The condition is affecting normal use of the area. Please have this facility repaired or replaced.,Maintenance & Facilities
I am facing an issue because the hostel cleaning schedule requires inspection by hostel staff. The issue needs attention before it becomes more serious. Kindly have the warden or relevant staff check this issue.,Hostel/Provost Office
"I have a problem, the water cooler is producing a strong smell and needs maintenance. This is especially difficult when the room is full. Because the issue is still unresolved, it is now affecting my normal university work. plz check the problem and restore the facility.",Maintenance & Facilities
my portal login does not send the verification message. Please restore access as soon as possible.,IT Services
"Can u check this, the practical marks is showing the wrong course information.",Academic
"Can u check this, could you please look into this: the makeup exam request is still missing from the student record. I have checked the portal more than once and the same problem remains. I have been trying to get this sorted out, but there has not been a clear resolution yet. Please verify the record and correct it.",Academic
the projector connection is not loading the required page. Kindly check the network or account configuration.,IT Services
Can someone check why my clearance form was returned without explaining what is missing. The delay is creating difficulty with my semester matters. I have been trying to get this sorted out but there has not been a clear resolution yet. The concerned office is requested to check and complete this matter.,Administrative Offices
"the LMS course page keeps disconnecting during use. Please check whether there is an account or server-side problem. becuase the issue is still unresolved, it is now affecting my normal university work. Please check the account or system and fix the issue.",IT Services
"I am facing an issue because the university WiFi is not loading the required page. I already changed the password, but the error remains. I have been trying to get this sorted out, but there has not been a clear resolution yet. Please resolve the technical problem before the deadline.",IT Services
"I am facing an issue because the water cooler has loose parts that may cause an accident. A maintenance complaint was already reported, but the problem remains. Please arrange repair as soon as possible.",Maintenance & Facilities
the laboratory ventilation is in poor condition and needs replacement. The area is frequently used by students and staff. The concerned staff are requested to repair this promptly.,Maintenance & Facilities
Can someone check why the scholarship payment has not been processed even though the documents were submitted. I have already checked this more than once. Please resolve the issue without further unnecessary delay.,Administrative Offices
"the exam date sheet was not accepted even though I met the deadline. I submitted the required application before the deadline. Because the issue is still unresolved, it is now affecting my normal university work. Please check the matter before it affects my semester further.",Academic
Im facing an issue because the classroom fan keeps stopping and starting. I have already checked this more than once. Kindly resolve the maintenance problem at the earliest.,Maintenance & Facilities
the thesis progress review was marked absent although I attended the class. Could the concerned office please confirm the correct status?,Academic
There seems to be an issue with the official certificate request is stuck between two administrative offices. The required documents and receipt were submitted. Kindly review the documents and process the request.,Administrative Offices
I am having trouble because my degree verification request has not been approved even after verification. I have already visited the concerned office more than once. I would be grateful if the responsible office could review the details instead of asking me to repeat the same process. Please correct the record and confirm the updated status.,Administrative Offices
the classroom chairs has exposed wiring that should be inspected. It would be better to repair it before the damage increases. pleas arrange repair as soon as possible.,Maintenance & Facilities
the water cooler has broken fittings. I request urgent maintenance of this issue.,Maintenance & Facilities
the laboratory ventilation is in poor condition and needs replacement. Students are facing this problem every day. I request urgent maintenance of this issue.,Maintenance & Facilities
"There is a problem with my CGPA has not been approved despite repeated follow-up. The department office asked me to wait, but there has been no update. I have been trying to get this sorted out, but there has not been a clear resolution yet. Please verify the record and correct it.",Academic
I am facing an issue because the assignment grade was entered under the wrong course code. I need the corrected record for an upcoming academic requirement. I would be grateful if the responsible office could review the details instead of asking me to repeat the same process. I request the department to resolve this as soon as possible.,Academic
the fee refund request is being delayed because the counter staff keep asking me to return later. I need the document for another university process. I request verification and completion of the pending process.,Administrative Offices
"I have a problem, the admission document has been pending without any clear update. The required documents and receipt were submitted. Please correct the record and confirm the updated status.",Administrative Offices
"Hi, i am having trouble because the hostel WiFi complaint record has not been resolved after repeated reporting. The problem is especially difficult during evening hours. I would be grateful if the responsible office could review the details instead of asking me to repeat the same process. The concerned hostel staff are requested to take action.",Hostel/Provost Office
I am writing regarding my midterm marks is preventing me from completing registration. I have already checked this more than once. Please verify the record and correct it.,Academic
Could you please look into this: the prerequisite approval has not been updated even though the instructor confirmed the correction. This issue is causing difficulty with my current semester planning. I would be grateful if the responsible office could review the details instead of asking me to repeat the same process. Please recheck the entry and let me know once it is fixed.,Academic
the practical markss has not been approved despite repeated follow-up.,Academic
my clearance form has been pending without any clear update.,Administrative Offices
Please check why the hostel gate procedure is still unresolved after several days. This is affecting normal hostel routine. Please ask the hostel administration to resolve it.,Hostel/Provost Office
I am facing an issue because the water cooler is in poor condition and needs replacement. It would be better to repair it before the damage increases. I request urgent maintenance of this issue.,Maintenance & Facilities
the bonafide certificate is not appearing in the official record.,Administrative Offices
Can someone check why the hostel gate procedure is making it difficult to stay in the room. This is affecting normal hostel routine. The concerned hostel staff are requested to take action.,Hostel/Provost Office
"the accounts office receipt needs correction in the administrative record. This matter has remained unresolved for several working days. Because the issue is still unresolved, it is now affecting my normal university work. Please correct the record and confirm the updated status.",Administrative Offices
"Sir please check, i am writing regarding the transcript was not accepted even though I met the deadline. I have checked the portal more than once and the same problem remains. Please investigate the discrepancy and make the required correction.",Academic
"the hostel room lock was handled differently from the stated hostel rules. The warden was informed, but I have not received any update. Because the issue is still unresolved, it is now affecting my normal university work. Kindly have the warden or relevant staff check this issue.",Hostel/Provost Office
the LMS account is not detecting the connected device. Please check the account or system and fix the issue.,IT Services
"Can u check this, can someone check why my clearance form was returned without explaining what is missing. The concerned office is requested to check and complete this matter.",Administrative Offices
course registration is showing the wrong course information. I need the corrected record for an upcoming academic requirement. Kindly review this issue and update the academic record.,Academic
I am facing an issue because course registration was uploaded late and now I cannot complete the next process. I have already checked this more than once. Kindly review this issue and update the academic recoard.,Academic
my GPA calculation does not include marks for work that I submitted. Could the concerned office please confirm the correct status?,Academic
"There is a problem with the room ceiling fan requires inspection by hostel staff. The issue needs attention before it becomes more serious. I have been trying to get this sorted out, but there hasnt been a clear resolution yet. Please take action and update me about the complaint.",Hostel/Provost Office
I am facing an issue because the registered credit hours was changed without any explanation. I have checked the portal more than once and the same problem remains. Please check the matter before it affects my semester further.,Academic
"Please help, the admission fee record needs correction in the administrative record. The counter staff asked me to check again later, but there is still no progress. I request verification and completion of the pending process.",Administrative Offices
"Sir please check, i want to bring this issue to your attention: the official certificate request was submitted before the deadline but still shows pending. The counter staff asked me to check again later, but there is still no progress. I request verification and completion of the pending process.",Administrative Offices
"the fee refund request has no status update despite repeated visits. The counter staff asked me to check again later, but there is still no progress. Please process the request and correct the record.",Administrative Offices
"I would like to complain that the registrar application has been pending without any clear update. I have kept a copy of the submitted form and payment receipt. I have been trying to get this sorted out, but there has not been a clear resolution yet. Kindly check the application and provide an update.",Administrative Offices
my roommate issue needs attention from the provost office. Please check the hostel record for my earlier complaint. Please handle the matter according to hostel policy.,Hostel/Provost Office
There is a problem with the drainage line is overflowing during busy hours. I have already checked this more than once. plz arrange repair as soon as possible.,Maintenance & Facilities
There seems to be an issue with the mess timing is not available at the stated time. I have already checked this more than once. Please ask the hostel administration to resolve it.,Hostel/Provost Office
There is a problem with the department printer is not connected to the campus network. The problem started recently and has continued since then. Please resolve the technical problem before the deadline.,IT Services
"I am having trouble because my thesis supervision is creating a clash with another registered course. I need the corrected record for an upcoming academic requirement. I have been trying to get this sorted out, but there hasnt been a clear resolution yet. Please check the matter before it affects my semester further.",Academic
I want to bring this issue to your attention: the room furniture needs attention from the provost office. Several residents on the floor are facing the same problem. I request the Provost Office to look into this matter.,Hostel/Provost Office
I want to bring this issue to your attention: the department elevator has exposed wiring that should be inspected. The issue becomes worse during afternoon classes. I have been trying to get this sorted out but there has not been a clear resolution yet. Kindly send the maintenance team to inspect and fix it.,Maintenance & Facilities
the hostel curfew entry requires inspection by hostel staff. The concerned hostel staff are requested to take action.,Hostel/Provost Office
Please check why the hostel curfew entry has not been updated in the hostel record. I have already checked this more than once. Please handle the matter according to hostel policy.,Hostel/Provost Office
the common room is not available at the stated time. I would like the matter to be handled according to hostel rules. Please handle the matter according to hostel policy.,Hostel/Provost Office
"I am facing an issue because the final exam result has an incorrect total after the latest update. Because of this error, I am unable to proceed with the next academic step. Could the concerned office please confirm the correct status?",Academic
I am writing regarding the fee refund request needs correction in the administrative record. I have kept a copy of the submitted form and payment receipt. Please ask the concerned administrative office to resolve this.,Administrative Offices
my thesis supervision was changed without any explanation. Please check the matter before it affects my semester further.,Academic
I want to bring this issue to your attention: the document attestation request is being delayed because the counter staff keep asking me to return later. Please verify the record with the accounts or registrar office. I would be grateful if the responsible office could review the details instead of asking me to repeat the same process. Please resolve the issue without further unnecessary delay.,Administrative Offices
"Could you please look into this: the lab internet connection is showing outdated information. I already changed the password, but the error remains. I have been trying to get this sorted out, but there has not been a clear resolution yet. The IT team is requested to inspect and correct this.",IT Services
I am writing regarding my student card has not been issued yet. The required documents and receipt were submitted. I would be grateful if the responsible office could review the details instead of asking me to repeat the same process. Kindly check the application and provide an update.,Administrative Offices
the room ceiling fan was handled differently from the stated hostel rules.,Hostel/Provost Office
the final exam result was not accepted even though I met the deadline. I would appreciate verification from the concerned academic office. Please verify the record and correct it.,Academic
"Please help, the electrical sockets has been left unrepaired since last week.",Maintenance & Facilities
the washroom plumbing hasnt been repaired after an earlier complaint. The problem is now affecting more than one class. The concerned staff are requested to repair this promptly.,Maintenance & Facilities
"Hi, please check why the admission status contains incorrect student information. I have already checked this more than once. Please ask the concerned administrative office to resolve this.",Administrative Offices
I want to bring this issue to your attention: the projector connection shows a server error repeatedly. I reported this earlier to the IT desk but it is still unresolved. Kindly ask IT support to resolve this problem.,IT Services
the admission fee record was supposed to be completed earlier but remains unresolved. This matter has remained unresolved for several wroking days. Please ask the concerned administrative office to resolve this.,Administrative Offices
the classroom ceiling has been left unrepaired since last week. The condition is affecting normal use of the area. Kindly send the maintenance team to inspect and fix it.,Maintenance & Facilities
"This is getting difficult, i want to report that the lab internet connection does not recognize my account. The issue occurs both in the lab and on my own device. pleas ask IT support to resolve this problem.",IT Services
Can someone check why the online registration portal keeps disconnecting during use. The problem started recently and has continued since then. Please check the account or system and fix the issue.,IT Services
Can someone check why my scholarship application contains incorrect stuent information. The counter staff asked me to check again later but there is still no progress. Please ask the concerned administrative office to resolve this.,Administrative Offices
"I have a problem, there is a problem with the password reset service does not send the verification message. Please check whether there is an account or server-side problem. Please check the network or account configuration.",IT Services
"I am having trouble because the room furniture is causing problems for residents every day. I would like the matter to be handled according to hostel rules. I have been trying to get this sorted out, but there has not been a clear resolution yet. Please handle the matter according to hostel policy.",Hostel/Provost Office
I am facing an issue because the department printer is not responding at all. I have already checked this more than once. Kindly ask IT support to resolve this problem.,IT Services
the room cleanliness is not available at the stated time. Several residents on the floor are facing the same problem. Please resolve this hostel-related problem soon.,Hostel/Provost Office
"Can u check this, there seems to be an issue with the online registration portal is extremely slow during class hours. I need access before the current submission deadline. Please check the network or account configuration.",IT Services
There is a problem with my university email is not detecting the connected device. I have already checked this more than once. I request technical support for this issue.,IT Services
Can someone check why the electrical sockets is not available when it is needed. plz have this facility repaired or replaced.,Maintenance & Facilities
"This is getting difficult, the registrar application has no status update despite repeated visits.",Administrative Offices
"I have a problem, please check why the backup generator keeps stopping and starting. A maintenance complaint was already reported, but the problem remains. I would be grateful if the responsible office could review the details instead of asking me to repeat the same process. Please inspect the area and take the necessary action.",Maintenance & Facilities
"the scholarship payment was returned without explaining what is missing. The counter staff asked me to check again later, but there is still no progress. Kindly review the documents and process the request.",Administrative Offices
the network connection has been unavailable since this morning.,IT Services
"Please check why the hostel corridor lights needs attention from the provost office. I informed the hostel staff earlier, but the issue continues. I would be grateful if the responsible office could review the details instead of asking me to repeat the same process. Kindly have the warden or relevant staff check this issue.",Hostel/Provost Office
I need help because the registered credit hours has not been approved despite repeated follow-up. I have already checked this more than once. Please check the matter before it affects my semester further.,Academic
"Im facing an issue because the transcript was entered under the wrong course code. The department office asked me to wait, but there has been no update. Please recheck the entry and let me know once it is fixed.",Academic
the final exam result contains an error that is affecting my semester record. I would appreciate verification from the concerned academic office. Please check the matter before it affects my semester further.,Academic
"the scholarship payment has not been processed even though the documents were submited. The counter staff asked me to check again later, but there is still no progress. I request verification and completion of the pending process.",Administrative Offices
"Please help, could you please look into this: the hostel curfew entry is still unresolved after several days. This is affecting normal hostel routine. I would be grateful if the responsible office could review the details instead of asking me to repeat the same process. Please ask the hostel administration to resolve it.",Hostel/Provost Office
Can someone check why the parking area has been left unrepaired since last week. This is especially difficult when the room is full. Please check the problem and restore the facility.,Maintenance & Facilities
I would like to complain that the mess timing is causing problems for residents every day. I have already checked this more than once. Kindly inspect the issue and arrange the required solution.,Hostel/Provost Office
Please check why my thesis supervision is different from what appears on the departmental notice. I have already checked this more than once. Please verify the recoard and correct it.,Academic
my roommate issue has been pending with the hostel office. I would like the matter to be handled according to hostel rules. The concerned hostel staff are requested to take action.,Hostel/Provost Office
"Hi, there is a problem with the parking area has been out of order for several days. A maintenance complaint was already reported, but the problem remains. Please inspect the area and take the necessary action.",Maintenance & Facilities
I would like to complain that the laboratory ventilation is making a loud noise throughout lectures. The issue becomes worse during afternoon classes. I have been trying to get this sorted out but there has not been a clear resolution yet. Please arrange repair as soon as possible.,Maintenance & Facilities
the department elevator has been left unrepaired since last week. It would be better to repair it before the damage increases. Kindly send the maintenance team to inspect and fix it.,Maintenance & Facilities
I am having trouble because the final exam result has not been updated even though the instructor confirmed the correction. I would appreciate verification from the concerned academic office. I would be grateful if the responsible office could review the details instead of asking me to repeat the same process. Kindly review this issue and update the academic record.,Academic
"There is a problem with course registration has not been updatd even though the instructor confirmed the correction. Because of this error, I am unable to proceed with the next academic step. I would be grateful if the responsible office could review the details instead of asking me to repeat the same process. Please update the record according to the submitted documents.",Academic
the washroom plumbing is not providing adequate service. It would be better to repair it before the damage increases. pls arrange repair as soon as possible.,Maintenance & Facilities
I am writing regarding the washroom taps has been left unrepaired since last week. Please have this facility repaired or replaced.,Maintenance & Facilities
"I need help because the classroom ceiling is producing a strong smell and needs maintenance. The facility is currently difficult to use safely. I have been trying to get this sorted out, but there has not been a clear resolution yet. The concerned staff are requested to repair this promptly.",Maintenance & Facilities
"I want to report that the hostel WiFi complaint record is creating an uncomfortable living situation. I would like the matter to be handled according to hostel rules. I have been trying to get this sorted out, but there has not been a clear resolution yet. Please take action and update me about the complaint.",Hostel/Provost Office
I am having trouble because the projector connection is preventing me from accessing course material. I have already checked this more than once. Kindly ask IT support to resolve this problemm.,IT Services
I am writing regarding the projector connection is not loading the required page. Kindly ask IT support to resolve this problem.,IT Services
I would like to complain that the admission fee record is not appearing in the official record. The application was submitted within the announced dates. Please correct the record and confirm the updated status.,Administrative Offices
the fee refund request was supposed to be completed earlier but remains unresolved. I have kept a copy of the submitted form and payment receipt. Please correct the record and confirm the updated status.,Administrative Offices
"Can u check this, please check why the room change request is causing unnecessary difficulty at night. I would like the matter to be handled according to hostle rules. Please inspect the issue and arrange the required solution.",Hostel/Provost Office
I am writing regarding the biometric attandance machine is not responding at all. I have already checked this more than once. The IT team is requested to inspect and correct this.,IT Services
"There seems to be an issue with my student card was submitted before the deadline but still shows pending. Please verify the record with the accounts or registrar office. I have been trying to get this sorted out, but there has not been a clear resolution yet. Kindly review the documents and process the request.",Administrative Offices
Can someone check why the room ceiling fan is causing unnecessary difficulty at night. I have already checked this more than once. The concerned hostel staff are requested to take action.,Hostel/Provost Office
my GPA calculation still shows the old information after correction.,Academic
the lecture desk has loose parts that may cause an accident. The facility is currently difficult to use safely. Please have this facility repaired or replaced.,Maintenance & Facilities
the hostel security refund hasnt been processed even though the documents were submitted. The delay is creating difficulty with my semester matters. Please resolve the issue without further unnecessary delay.,Administrative Offices
There seems to be an issue with my student card is stuck between two administrative offices. I need the document for another university process. I would be grateful if the responsible office could review the details instead of asking me to repeat the same process. The concerned office is requested to check and complete this matter.,Administrative Offices
"This is getting difficult, i would like to complain that the room ceiling fan has become worse this week. Please have the warden or relevant staff check this issue.",Hostel/Provost Office
Please check why the email verification link is not loading the required page. The problem started recently and has continued since then. Please resolve the technical problem before the deadline.,IT Services
pleas check why the LMS account works for a few minutes and then goes offline. I have already checked this more than once. Please restore access as soon as possible.,IT Services
I am writing regarding the hostel water supply is creating an uncomfortable living situation. Kindly have the warden or relevant staff check this issue.,Hostel/Provost Office
"Can u check this, the hostel water supply is causing unnecessary difficulty at night.",Hostel/Provost Office
I would like to complain that the hostel WiFi complaint record needs attention from the provost office. I have already checked this more than once. Please resolve this hostel-related problem soon.,Hostel/Provost Office
There seems to be an issue with the quiz score was uploaded late and now I cannot complete the next process. I have already checked this more than once. Kindly review this issue and update the academic record.,Academic
"I have a problem, i am having trouble because my GPA calculation has not been shared with students. can the office confirm the correct status?",Academic
I am facing an issue because the mess food is making it difficult to stay in the room. The condition has been causing inconvenience for several days. Please take action and update me about the complaint.,Hostel/Provost Office
"Sir please check, i would like to complain that the mess food was handled differently from the stated hostel rules. Please check the hostel record for my earlier complaint. I have been trying to get this sorted out, but there hasnt been a clear resolution yet. Please ask the hostel administration to resolve it.",Hostel/Provost Office
"the official certificate request was marked incomplete although all listed documents were attached. I have already visited the concerned office more than once. Because the issue is still unresolved, it is now affecting my normal university work. Please resolve the issue without further unnecessary delay.",Administrative Offices
There seems to be an issue with my degree verification request was submitted before the deadline but still shows pending. Kindly review the documents and process the request.,Administrative Offices
the classroom fan is making a loud noise throughout lectures. Please arrange repair as soon as possible.,Maintenance & Facilities
"the network connection is preventing me from accessing course material. I already changed the password, but the error remains. Kindly check the network or account configuration.",IT Services
"the projector connection is extremely slow during class hours. I already changed the password, but the error remains. Please resolve the technical problem before the deadline.",IT Services
the admission status was submitted before the deadline but still shows pending. I need the document for another university process. Please correct the record and confirm the updated status.,Administrative Offices
There is a problem with the department printer does not recognize my account. The issue occurs both in the lab and on my own device. Kindly ask IT support to resolve this problem.,IT Services
"This is getting difficult, i want to bring this issue to your attention: the thesis progress review is creating a clash with another registered course. becase of this error, I am unable to proceed with the next academic step. I have been trying to get this sorted out, but there has not been a clear resolution yet. Please review this issue and update the academic record.",Academic
the classroom ceiling has been out of order for several days.,Maintenance & Facilities
There seems to be an issue with the document attestation request was returned without explaining what is missing. Please process the request and correct the record.,Administrative Offices
There seems to be an issue with the makeup exam request has not been updated even though the instructor confirmed the correction. I have already checked this more than once. Please recheck the entry and let me know once it is fixed.,Academic
I want to bring this issue to your attention: the fee refund request shows an incorrect amount. I have already checked this more than once. Kindly review the documents and process the request.,Administrative Offices
I would like to complain that the electrical sockets is not working properly during class hours. I have already checked this more than once. Kindly resolve the maintenance problem at the earliest.,Maintenance & Facilities
Please check why the university server has not been restored after an earlier complaint. Please investigate the error and update the service.,IT Services
"Can u check this, i would like to complain that my financial aid application is being delayed because the counter staff keep asking me to return later. The required documents and receipt were submitted. I have been trying to get this sorted out, but there has not been a clear resolution yet. Please ask the concerned administrative office to resolve this.",Administrative Offices
"I have a problem, there seems to be an issue with my hostle room allocation is causing problems for residents every day. I have already checked this more than once. I request the Provost Office to look into this matter.",Hostel/Provost Office
"Can someone check why the electrical sockets is making a loud noise throughout lectures. A maintenance complaint was already reported, but the problem remains. The concerned staff are requested to repair this promptly.",Maintenance & Facilities
I need help because the university server shows a server error repeatedly. This is affecting my ability to complete university work. Kindly check the network or account configuration.,IT Services
my thesis supervision has been pending for several days. I already contacted the relevant teacher but the record is unchanged. Please verify the record and correct it.,Academic
There is a problem with my degree verification request has not been issued yet. This matter has remained unresolved for several working days. Please correct the record and confirm the updated status.,Administrative Offices
I want to bring this issue to your attention: my attendance record has not been updated even though the instructor confirmed the correction. I already contacted the relevant teacher but the record is unchanged. Please check the matter before it affects my semester further.,Academic
I need help because the room change request has not been resolved after repeated reporting. I have already checked this more than once. Please ask the hostel administration to resolve it.,Hostel/Provost Office
the practical marks does not include marks for work that I submitted. This issue is causing difficulty with my current semester planning. Please verify the record and correct it.,Academic
I would like to complain that the transcript is different from what appears on the departmental notice. I would appreciate verification from the concerned academic office. I would be grateful if the responsible office could review the details instead of asking me to repeat the same process. Kindly investigate the discrepancy and make the required correction.,Academic
I am writing regarding the LMS course page is rejecting files that meet the stated requirements. Please check whether there is an account or server-side problem. Please resolve the technical problem before the deadline.,IT Services
the campus network is not loading the required page. The problem started recently and has continued since then. The IT team is requested to inspect and correct this.,IT Services
