text,department
I am having trouble because the washroom plumbing has been out of order for several days. The problem is now affecting more than one class. Please inspect the area and take the necessary action.,Maintenance & Facilities
There is a problem with my attandance record is different from what appears on the departmental notice. I need the corrected record for an upcoming academic requirement. I would be grateful if the responsible office could review the details instead of asking me to repeat the same process. Kindly investigate the discrepancy and make the required correction.,Academic
I want to bring this issue to your attention: my midterm marks is showing the wrong course information. I have already checked this more than once. Please update the record according to the submitted documents.,Academic
my clearance form is being delayed because the counter staff keep asking me to return later. The application was submitted within the announced dates. Kindly review the documents and process the request.,Administrative Offices
I need help because the mess timing needs attention from the provost office. I have already checked this more than once. I request the Provost Office to look into this matter.,Hostel/Provost Office
"the laboratory ventilation is making a loud noise throughout lectures. The facility is currently difficult to use safely. Because the issue is still unresolved, it is now affecting my normal university work. Please have this facility repaired or replaced.",Maintenance & Facilities
I am facing an issue because the hostel security refund has not been issued yet. Please resolve the issue without further unnecessary delay.,Administrative Offices
"Sir please check, i am facing an issue because my CGPA contains an error that is affecting my semester record. The supporting document was submitted at the department office. Please investigate the discrepancy and make the required correction.",Academic
"Can u check this, i would like to complain that the hostel curfew entry needs attention from the provost office. Please ask the hostel administration to resolve it.",Hostel/Provost Office
"I need help because my roommate issue was reported to the warden but no action has been taken. I informed the hostel staff earlier, but the issue continues. I have been trying to get this sorted out, but there has not been a clear resolution yet. Please take action and update me about the complaint.",Hostel/Provost Office
I would like to complain that the department elevator is not providing adequate service. It would be better to repair it before the damage increases. Kindly resolve the maintenance problem at the earliest.,Maintenance & Facilities
"the student portal keeps disconnecting during use. The issue occurs both in the lab and on my own device. Because the issue is still unresolved, it is now affecting my normal university work. Please resolve the technical problem before the deadline.",IT Services
the drinking wter supply is overflowing during busy hours. The area is frequently used by students and staff. I request urgent maintenance of this issue.,Maintenance & Facilities
"I want to report that the lecture desk is not providing adequate service. A maintenance complaint was already reported, but the problem remains. I have been trying to get this sorted out, but there has not been a clear resolution yet. Kindly send the maintenance team to inspect and fix it.",Maintenance & Facilities
There seems to be an issue with the hostel gate procedure has not been repaired despite an earlier request. Several residents on the floor are facing the same problem. I would be grateful if the responsible office could review the details instead of asking me to repeat the same process. Please handle the matter according to hostel policy.,Hostel/Provost Office
I am having trouble because the course section contains an error that is affecting my semester record. Kindly investigate the discrepancy and make the required correction.,Academic
the prerequisite approval still shows the old information after correction.,Academic
"This is getting difficult, can someone check why course registration has not been approved despite repeated follow-up. Please investigate the discrepancy and make the required correction.",Academic
I am writing regarding my hostel room allocation is causing unnecessary difficulty at night. I have already checked this more than once. The concerned hostel staff are requested to take action.,Hostel/Provost Office
the makeup exam request has an incorrect total after the latest update. I already contacted the relevant teacher but the record is unchanged. Kindly investigate the discrepancy and make the required correction.,Academic
I want to bring this issue to your attention: my clearance form contains incorrect student information. I have already checked this more than once. Please ask the concerned administrative office to resolve this.,Administrative Offices
"my CGPA is showing the wrong course information. I have checked the portal more than once and the same problem remains. Because the issue is still unresolved, it is now affecting my normal university work. I request the department to resolve this as soon as possible.",Academic
There is a problm with my clearance form was supposed to be completed earlier but remains unresolved. I have already checked this more than once. I request verification and completion of the pending process.,Administrative Offices
the accounts office receipt has not been approved even after verification. This matter has remained unresolved for several working days. Please correct the record and confirm the updated status.,Administrative Offices
"the backup generator needs urgent cleaning and maintenance. It would be better to repair it before the damage increases. Because the issue is still unresolved, it is now affecting my normal universirty work. I request urgent maintenance of this issue.",Maintenance & Facilities
the hosel room lock has not been repaired despite an earlier request.,Hostel/Provost Office
"Hi, the admission fee record has not been approved even after verification. The aplication was submitted within the announced dates. Please process the request and correct the record.",Administrative Offices
"my attendance record is showing the wrong course information. I submitted the required application before the deadline. Because the issue is still unresolved, it is now affecting my normal university work. Please update the record according to the submitted documents.",Academic
I am facing an issue because the mess timing is creating hygiene concerns for residents. I have already checked this more than once. Please take action and update me about the complaint.,Hostel/Provost Office
the classroom fan keeps stopping and starting.,Maintenance & Facilities
Could you please look into this: the classroom windows is producing a strong smell and needs maintenance. This is especially difficult when the room is full. I request urgent maintenance of this issue.,Maintenance & Facilities
the lecture room lights is not providing adequate service. The facility is currently difficult to use safely. Kindly resolve the maintenance problem at the earliest.,Maintenance & Facilities
There is a problem with my roommate issue needs attention from the provost office. plz ask the hostel administration to resolve it.,Hostel/Provost Office
the washroom taps is leaking and making the floor wet. Please arrange repair as soon as possible.,Maintenance & Facilities
the room ceiling fan is not working properly. The problem is especially difficult during evening hours. Please ask the hostel administration to resolve it.,Hostel/Provost Office
"I have a problem, the classroom fan is blocked and water is collecting around it. The issue becomes worse during afternoon classes. Please arrange repair as soon as possible.",Maintenance & Facilities
"This is getting difficult, the lecture desk is in poor condition and needs replacement. The condition is affecting normal use of the area. The concerned staff are requested to repair this promptly.",Maintenance & Facilities
"the computer lab software shows an error whenever I try to submit work. This is affecting my ability to complete university work. Because the issue is still unresolved, it is now affecting my normal university work. Please check the account or system and fix the issue.",IT Services
"Can someone check why the washroom taps needs urgent cleaning and maintenance. A maintenance complaint was already reported, but the problem remains. Please have this facility repaired or replaced.",Maintenance & Facilities
"I have a problm, the corridor lights has loose parts that may cause an accident. Please send someone to inspect the location. Please arrange repair as soon as possible.",Maintenance & Facilities
I am writing regarding the practical marks has not been updated even though the instructor confirmed the correction. I have already checked this more than once. Kindly investigate the discrepancy and make the required correction.,Academic
I want to bring this issue to your attention: the drinking water supply is producing a strong smell and needs maintenance. It would be better to repair it before the damage increases. I would be grateful if the responsible office could review the details instead of asking me to repeat the same process. Please inspect the area and take the necessary action.,Maintenance & Facilities
"Could you please look into this: the assignment grade was entered under the wrong course code. I have checked the portal more than once and the same problem remains. I have been trying to get this sorted out, but there has not been a clear resolution yet. Could the concerned office please confirm the correct status?",Academic
"There is a problem with the quiz score is preventing me from completing registration. I would appreciate verification from the concerned academic office. I have been trying to get this sorted out, but there has not been a clear resolution yet. Kindly review this issue and update the academic record.",Academic
I am writing regarding the admission document does not match the payment receipt. I have kept a copy of the submitted form and payment receipt. I have been trying to get this sorted out but there has not been a clear resolution yet. Please process the request and correct the record.,Administrative Offices
the hostel corridor lights was reported to the warden but no action has been taken. I request the Provost Office to look into this matter.,Hostel/Provost Office
"Could you please look into this: the hostel washroom has not been updated in the hostel record. I would like the matter to be handled according to hostel rules. I have been trying to get this sorted out, but there has not been a clear resolution yet. Kindly have the warden or relevant staff check this issue.",Hostel/Provost Office
"Please help, the fee correction application contains incorrect student information. I have kept a copy of the submitted form and payment receipt. Because the issue is still unresolved, it is now affecting my normal university work. Please ask the concerned administrative office to resolve this.",Administrative Offices
I am facing an issue because the washroom plumbing has been out of order for several days. I have already checked this more than once. Please have this facility repaired or replaced.,Maintenance & Facilities
I am facing an issue because the corridor lights is overflowing during busy hours. The problem is now affecting more than one class. I would be grateful if the responsible office could review the details instead of asking me to repeat the same process. Please arrange repair as soon as possible.,Maintenance & Facilities
"I have a problem, the air conditioner is not providing adequate service. The problem is now affecting more than one class. Please have this facility repaired or replaced.",Maintenance & Facilities
I am having trouble because the laundry area is not working properly. Please handle the matter according to hostel policy.,Hostel/Provost Office
I would like to complain that the practical marks contains an error that is affecting my semester record. I have already checked this more than once. Could the concerned office please confirm the correct status?,Academic
Could you please look into this: the electrical sockets is not available when it is needed. I have already checked this more than once. Please arrange repair as soon as possible.,Maintenance & Facilities
I want to report that the registered credit hours is preventing me from completing registration. I have already checked this more than once. Could the concerned office please confirm the correct status?,Academic
"I want to report that the washroom taps has broken fittings. The condition is affecting normal use of the area. I have been trying to get this sorted out, but there has not been a clear resolution yet. Kindly resolve the maintenance problm at the earliest.",Maintenance & Facilities
Could you please look into this: the makeup exam request shows a value that does not match the marks announced in class. Please verify the recoard and correct it.,Academic
"I want to bring this issue to your attention: the parking area is not providing adequate service. A maintenance complaint was already reported, but the problem remains. Please inspect the area and take the necessary action.",Maintenance & Facilities
the common room is causing unnecessary difficulty at night. The condition has been causing inconvenience for several days. Please take action and update me about the complaint.,Hostel/Provost Office
"This is getting difficult, the classroom chairs has not been repaired after an earlier complaint. The facility is currently difficult to use safely. Because the issue is still unresolved, it is now affecting my normal university work. Please check the problem and restore the facility.",Maintenance & Facilities
"There is a problem with the computer lab software is not loading the required page. The problem started recently and has continued since then. I have been trying to get this sorted out, but there has not been a clear resolution yet. Kindly ask IT support to resolve this problem.",IT Services
the student protal fails before the process is completed.,IT Services
I want to report that the classroom windows is overflowing during busy hours. pls have this facility repaired or replaced.,Maintenance & Facilities
I would like to complain that the semester timetable was marked absent although I attended the class. I already contacted the relevant teacher but the record is unchanged. Please recheck the entry and let me know once it is fixed.,Academic
"I want to bring this issue to your attention: the hostel cleaning schedule requires inspection by hostel staff. Please check the hostel record for my earlier complaint. I have been trying to get this sorted out, but there has not been a clear resolution yet. Kindly inspect the issue and arrange the required solution.",Hostel/Provost Office
the mess food has become worse this week.,Hostel/Provost Office
Could you please look into this: the fee refund request has not been forwarded to the concerned ofice. The delay is creating difficulty with my semester matters. Please ask the concerned administrative office to resolve this.,Administrative Offices
"I have a problem, the hostel gate procedure has not been updated in the hostel record. I would like the matter to be handled according to hostel rules. Please ask the hostel administration to resolve it.",Hostel/Provost Office
"Can u check this, my fee challan shows an incorrect amount. The application was submitted within the announced dates. The concerned office is requested to check and complete this matter.",Administrative Offices
There is a problem with my roommate issue hasnt been resolved after repeated reporting. Several residents on the floor are facing the same problem. I request the Provost Office to look into this matter.,Hostel/Provost Office
Please check why the course section still shows the old information after correction. I would appreciate verification from the concerned academic office. Please update the record according to the submitted documents.,Academic
"Im facing an issue because the projector connection is extremely slow during class hours. I already changed the password, but the error remains. I have been trying to get this sorted out, but there hasnt been a clear resolution yet. Kindly ask IT support to resolve this problem.",IT Services
"the laundry area is not being handled according to the hostel procedure. Please check the hostel record for my earlier complaint. Because the issue is still unresolved, it is now affecting my normal university work. Please resolve this hostel-related problem soon.",Hostel/Provost Office
the student portal has been unavailable since this morning. The problm started recently and has continued since then. Please restore access as soon as possible.,IT Services
There is a problem with my attendance record was uploaded late and now I cannot complete the next process. I have already checked this more than once. Could the concerned office plz confirm the correct status?,Academic
"I need help because my clearance form is causing difficulty with another universirty process. I need the document for another university process. I have been trying to get this sorted out, but there has not been a clear resolution yet. Kindly check the application and provide an update.",Administrative Offices
"the result card has not been shared with students. Because of this error, I am unable to proceed with the next academic step. Please check the matter before it affects my semester further.",Academic
"Can u check this, the washroom plumbing is making a loud noise throughout lectures. The issue becomes worse during afternoon classes. Because the issue is still unresolved, it is now affecting my normal university work. Please have this facility repaired or replaced.",Maintenance & Facilities
Please check why the air conditioner is blocked and water is collecting around it. I have already checked this more than once. I request urgent maintenance of this issue.,Maintenance & Facilities
the classroom projector has not been restored after an earlier complaint. The IT team is requested to inspect and correct this.,IT Services
the email verification link is not responding at all. Please check whether there is an account or server-side problem. Please resolve the technical problem before the deadline.,IT Services
"Could you please look into this: the hostel washroom has become worse this week. I would like the matter to be handled according to hostel rules. I have been trying to get this sorted out, but there has not been a clear resolution yet. Kindly have the warden or relevant staff check this issue.",Hostel/Provost Office
I need help because my clearance form was marked incomplete although all listed documents were attached. I would appreciate a clear status instead of being sent between offices. Please correct the record and confirm the updated status.,Administrative Offices
my scholarship application has not been forwarded to the concerned ofice. The counter staff asked me to check again later but there is still no progress. Please correct the record and confirm the updated status.,Administrative Offices
"Please check why the projector connection is not syncing with my student account. Restarting the device did not solve the issue. I have been trying to get this sorted out, but there has not been a clear resolution yet. Please check the account or system and fix the issue.",IT Services
"This is getting difficult, i am writing regarding the drainage line is blocked and water is collecting around it. The condition is affecting normal use of the area. Please resolve the maintenance problem at the earliest.",Maintenance & Facilities
I would like to complain that the hostel room lock has not been updated in the hostel record. I would like the matter to be handled according to hostel rules. I would be grateful if the responsible office could review the details instead of asking me to repeat the same process. I request the Provost Office to look into this matter.,Hostel/Provost Office
the practical marks does not reflect the form I submitted on time. Could the concerned office please confirm the correct status?,Academic
"Hi, i am having trouble because the lab internet connection shows a server error repeatedly. I already changed the password, but the error remains. The IT team is requested to inspect and correct this.",IT Services
I am facing an issue because the air conditioner is causing difficulty for students during lectures. I request urgent maintenance of this issue.,Maintenance & Facilities
There seems to be an issue with the washroom plumbing is causing difficulty for students during lectures. I have already checked this more than once. Please arrange repair as soon as possible.,Maintenance & Facilities
the lab computer does not send the verification message.,IT Services
There seems to be an issue with the parking area has exposed wiring that should be inspected. Please send someone to inspect the location. Please have this facility repaired or replaced.,Maintenance & Facilities
There is a problem with the department elevator is not working properly during class hours. Please send someone to inspect the location. I request urgent maintenance of this issue.,Maintenance & Facilities
"There is a problem with the computer lab software is not loading the required page. Other university websites are opening normally. I have been trying to get this sorted out, but there has not been a clear resolution yet. Kindly ask IT support to resolve this problem.",IT Services
"This is getting difficult, could you please look into this: the migration certificate has not been approved even after verification. I have already checked this more than once. Please process the request and correct the record.",Administrative Offices
the quiz score does not include marks for work that I submitted. I request the department to resolve this as soon as possible.,Academic
I am facing an issue because the room cleanliness is affecting basic hostel facilities. Please check the hostel record for my earlier complaint. I would be grateful if the responsible office could review the details instead of asking me to repeat the same process. Please handle the matter according to hostel policy.,Hostel/Provost Office
"There seems to be an issue with the projector connection shows an error whenever I try to submit work. I reported this earlier to the IT desk but it is still unresolved. I have been trying to get this sorted out, but there has not been a clear resolution yet. Please investigate the error and update the service.",IT Services
"I have a problem, i am facing an issue because the document attestation request was returned without explaining what is missing. I have already visited the concerned office more than once. I would be grateful if the responsible office could review the details instead of asking me to repeat the same process. Please process the request and correct the record.",Administrative Offices
my midterm marks has not been updated even though the instructor confirmed the correction. Kindly investigate the discrepancy and make the required correction.,Academic
I need help because the laundry area has been pending with the hostel office. I have already submitted a request at the hostel office. I would be grateful if the responsible office could review the details instead of asking me to repeat the same process. Kindly have the warden or relevant staff check this issue.,Hostel/Provost Office
Could you please look into this: the room ceiling fan has become worse this week. This is affecting normal hostel routine. I have been trying to get this sorted out but there has not been a clear resolution yet. Kindly inspect the issue and arrange the required solution.,Hostel/Provost Office
"Sir please check, the duplicate student card request has been pending without any clear update. Please process the request and correct the record.",Administrative Offices
"I want to report that the campus network has been unavailable since this morning. Restarting the device did not solve the issue. I have been trying to get this sorted out, but there has not been a clear resolution yet. Kindly check the network or account configuration.",IT Services
my attendance record hasnt been shared with students. I submitted the required application before the deadline. I request the department to resolve this as soon as possible.,Academic
the room ceiling fan has become worse this week. Please check the hostel record for my earlier complaint. I request the Provost Office to look into this matter.,Hostel/Provost Office
Please check why the lab internet connection is not syncing with my student account. I have already checked this more than once. Please resolve the technical problem before the deadline.,IT Services
the printing system does not recognize my account.,IT Services
my midterm marks was entered under the wrong course code. Please verify the recrod and correct it.,Academic
"I want to bring this issue to your attention: the room ceiling fan is causing problems for residents every day. This is affecting normal hostel routine. I have been trying to get this sorted out, but there has not been a clear resolution yet. pls resolve this hostel-related problem soon.",Hostel/Provost Office
"I want to bring this issue to your attention: the accounts office receipt is stuck between two administrative offices. The aplication was submitted within the announced dates. I have been trying to get this sorted out, but there has not been a clear resolution yet. I request verification and completion of the pending process.",Administrative Offices
the fee correction application has been delayed beyond the stated processing time. The counter staff asked me to check again later but there is still no progress. pls ask the concerned administrative office to resolve this.,Administrative Offices
"Hi, the campus network is showing outdated information. This is affecting my ability to complete university work. Because the issue is still unresolved, it is now affecting my normal university work. Please resolve the technical problem before the deadline.",IT Services
I want to bring this issue to your attention: the lecture room lights is blocked and water is collecting around it. The area is frequently used by students and staff. Kindly resolve the maintenance problem at the earliest.,Maintenance & Facilities
I need help because the lab computer is rejecting files that meet the stated requirements. I have already checked this more than once. Kindly ask IT support to resolve this problem.,IT Services
the department printer shows an error whenever I try to submit work.,IT Services
Please check why the toilet flush has broken fittings. Please send someone to inspect the location. The concerned staff are requested to repair this promptly.,Maintenance & Facilities
the parking area has exposed wiring that should be inspected. The facility is currently difficult to use safely. Please arrange repair as soon as possible.,Maintenance & Facilities
"I want to bring this issue to your attention: the room ceiling fan is causing unnecessary difficulty at night. I informed the hostel staff earlier, but the issue continues. Please take action and update me about the complaint.",Hostel/Provost Office
Please check why the LMS course page is not connected to the campus network. Restarting the device did not solve the issue. Please resolve the technical problem before the deadline.,IT Services
"Sir please check, i am facing an issue becuase the classroom fan is creating an uncomfortable environment in the room. This is especially difficult when the room is full. I would be grateful if the responsible office could review the details instead of asking me to repeat the same process. I request urgent maintenance of this issue.",Maintenance & Facilities
"Please help, please check why the student portal has not been restored after an earlier complaint. I reported this earlier to the IT desk but it is still unresolved. The IT team is requested to inspect and correct this.",IT Services
I want to report that the toilet flush keeps stopping and starting. I have already checked this more than once. Kindly resolve the maintenance problem at the earliest.,Maintenance & Facilities
"the university server works for a few minutes and then goes offline. Other university websites are opening normally. Because the issue is still unresolved, it is now affecting my normal university work. Please investigate the error and update the service.",IT Services
"the network connection is showing outdated information. This is affecting my ability to complete university work. Because the issue is still unresolved, it is now affecting my normal university work. Please investigate the error and update the service.",IT Services
the online registration portal is not syncing with my student account. Please resolve the technical problem before the deadline.,IT Services
There is a problem with the admission fee record is stuck between two administrative offices. I have already checked this more than once. Please process the request and correct the record.,Administrative Offices
"I want to bring this issue to your attention: the printing system has not been restored after an earlier complaint. I already changed the password, but the error remains. Please investigate the error and update the service.",IT Services
"This is getting difficult, i want to report that the fee correction applicaton is not appearing in the official record. Please ask the concerned administrative office to resolve this.",Administrative Offices
Please check why the admission document is not appearing in the official record. I have already checked this more than once. Please ask the concerned administrative office to resolve this.,Administrative Offices
I am facing an issue because the viva schedule has been pending for several days. Kindly investigate the discrepancy and make the required correction.,Academic
Could you please look into this: the course section has an incorrect total after the latest update. I have already checked this more than once. Please update the record according to the submitted documents.,Academic
Please check why the hostel water supply has not been resolved after repeated reporting. I have already checked this more than once. The concerned hostel staff are requested to take action.,Hostel/Provost Office
I am facing an issue because the email verification link doesnt send the verification message. I request technical support for this issue.,IT Services
"This is getting difficult, the laboratory ventilation has not been repaired after an earlier complaint. The facility is currently difficult to use safely. Because the issue is still unresolved, it is now affecting my normal university work. Please resolve the maintenance problem at the earliest.",Maintenance & Facilities
There seems to be an issue with the classroom projector works for a few minutes and then goes offline. I have already checked this more than once. Please check the account or system and fix the issue.,IT Services
There seems to be an issue with my GPA calculation was changed without any explanation. I have checked the portal more than once and the same problm remains. Please check the matter before it affects my semester further.,Academic
"This is getting difficult, there is a problem with the building staircase is damaged and unsafe to use. The problem is now affecting more than one class. I have been trying to get this sorted out, but there hasnt been a clear resolution yet. The concerned staff are requested to repair this promptly.",Maintenance & Facilities
the room furniture is not being handled according to the hostel procedure. I have already submitted a request at the hostel office. I request the Provost Office to look into this matter.,Hostel/Provost Office
the hostel WiFi complaint record is not available at the stated time. Several residents on the floor are facing the same problem. Please resolve this hostel-related problem soon.,Hostel/Provost Office
"Please help, the hosel washroom is making it difficult to stay in the room. I would like the matter to be handled according to hostel rules. Because the issue is still unresolved, it is now affecting my normal university work. Please ask the hostel administration to resolve it.",Hostel/Provost Office
"the hostel security refund has not been approved even after verification. The delay is creating difficulty with my semester matters. Because the issue is still unresolved, it is now affecting my normal university work. The concerned office is requested to check and complete this matter.",Administrative Offices
Im writing regarding the drinking wter supply is creating an uncomfortable environment in the room. The facility is currently difficult to use safely. I would be grateful if the responsible office could review the details instead of asking me to repeat the same process. Kindly resolve the maintenance problem at the earliest.,Maintenance & Facilities
the quiz score does not reflect the form I submited on time. I have checked the portal more than once and the same problem remains. Please check the matter before it affects my semester further.,Academic
"the laundry area is not available at the stated time. I informed the hostel staff earlier, but the issue continues. Because the issue is still unresolved, it is now affecting my normal university work. The concerned hostel staff are requested to take action.",Hostel/Provost Office
the admission document was submitted before the deadline but still shows pending.,Administrative Offices
There is a problem with the hostel curfew entry is creating repeated arguments among residents. I have already checked this more than once. Kindly inspect the issue and arrange the required solution.,Hostel/Provost Office
I am facing an issue because the assignment grade has been pending for several days. Please recheck the entry and let me know once it is fixed.,Academic
I want to report that the registered credit hours is showing the wrong course information. Kindly investigate the discrepancy and make the required correction.,Academic
"Please help, the biometric attendance machine is not connected to the campus network. Restarting the device did not solve the issue. Because the issue is still unresolved, it is now affecting my normal university work. Please ask IT support to resolve this problem.",IT Services
the classroom chairs keeps stopping and starting. Please arrange repair as soon as possible.,Maintenance & Facilities
I want to bring this issue to your attention: the water cooler is not providing adequate service. I have already checked this more than once. Please arrange repair as soon as possible.,Maintenance & Facilities
the biometric attendance machine is extremely slow during class hours.,IT Services
"This is getting difficult, the hostel security desk has not been resolved after repeated reporting. The warden was informed but I have not received any update. Please have the warden or relevant staff check this issue.",Hostel/Provost Office
"Please check why the backup generator has been out of order for several days. Students are facing this problem every day. I have been trying to get this sorted out, but there has not been a clear resolution yet. The concerned staff are requested to repair this promptly.",Maintenance & Facilities
There is a problem with the hostel cleaning schedule is not available at the stated time. I have already checked this more than once. Kindly inspect the issue and arrange the required solution.,Hostel/Provost Office
"This is getting difficult, there is a problem with the classroom windows is causing difficulty for students during lectures. The condition is affecting normal use of the area. I would be grateful if the responsible office could review the details instead of asking me to repeat the same process. I request urgent maintenance of this issue.",Maintenance & Facilities
I want to report that the room cleanliness is creating hygiene concerns for residents. Please resolve this hostel-related problem soon.,Hostel/Provost Office
"the result card contains an error that is affecting my semester record. The supporting document was submitted at the department office. becuase the issue is still unresolved, it is now affecting my normal university work. Please recheck the entry and let me know once it is fixed.",Academic
There seems to be an issue with the toilet flush is causing difficulty for students during lectures. I have already checked this more than once. Kindly resolve the maintenance problem at the earliest.,Maintenance & Facilities
"the quiz score was not accepted even though I met the deadline. This issue is causing difficulty with my current semester planning. Because the issue is still unresolved, it is now affecting my normal university work. Please check the matter before it affects my semester further.",Academic
There is a problem with the toilet flush is blocked and water is collecting around it. I have already checked this more than once. Please arrange repair as soon as possible.,Maintenance & Facilities
the room cleanliness is not working properly. The condition has been causing inconvenience for several days. Please ask the hostel administration to resolve it.,Hostel/Provost Office
"the hosel corridor lights has been pending with the hostel office. I informed the hostel staff earlier, but the issue continues. I request the Provost Office to look into this matter.",Hostel/Provost Office
There seems to be an issue with the department printer is not responding at all. plz check whether there is an account or server-side problem. Please investigate the error and update the service.,IT Services
I am writing regarding the electrical sockets is producing a strong smell and needs maintenance. Please arrange repair as soon as possible.,Maintenance & Facilities
I am having trouble because the hostel curfew entry is not available at the stated time. I have already checked this more than once. Please handle the matter according to hostel policy.,Hostel/Provost Office
"the admission fee record needs correction in the administrative record. Please verify the record with the accounts or registrar office. Because the issue is still unresolved, it is now affecting my normal university work. The concerned office is requested to check and complete this matter.",Administrative Offices
"the laundry area requires inspection by hostel staff. I informed the hostel staff earlier, but the issue continues. I request the Provost Office to look into this matter.",Hostel/Provost Office
There is a problem with my student card contains incorrect student information. I have already visited the concerned office more than once. I request verification and completion of the pending process.,Administrative Offices
Could you please look into this: my scholarship application has been delayed beyond the stated processing time. The required documents and receipt were submitted. Please correct the record and confirm the updated status.,Administrative Offices
the lab computer works for a few minutes and then goes offline. The issue occurs both in the lab and on my own device. Kindly ask IT support to resolve this problemm.,IT Services
Can someone check why the quiz score was entered under the wrong course code. Other students in the same class can see the correct information. Please recheck the entry and let me know once it is fixed.,Academic
"Could you please look into this: the accounts office receipt has been pending without any clear update. The application was submitted within the announced dates. I have been trying to get this sorted out, but there has not been a clear resolution yet. The concerned office is requested to check and complete this matter.",Administrative Offices
"the drainage line is overflowing during busy hours. The condition is affecting normal use of the area. Because the issue is still unresolved, it is now affecting my normal university work. I request urgent maintenance of this issue.",Maintenance & Facilities
"Please help, i want to bring this issue to your attention: the makeup exam request still shows the old information after correction. I have already checked this more than once. I request the department to resolve this as soon as possible.",Academic
I need help becuase the lecture desk is not providing adequate service. I have already checked this more than once. Kindly send the maintenance team to inspect and fix it.,Maintenance & Facilities
my clearance form has been delayed beyond the stated processing time. I need the document for another university process. plz correct the record and confirm the updated status.,Administrative Offices
the university server is preventing me from accessing course material. The issue occurs both in the lab and on my own device. Please restore access as soon as possible.,IT Services
"the biometric attendance machine is preventing me from accessing course material. I already changed the password, but the error remains. Because the issue is still unresolved, it is now affecting my normal university work. Please investigate the error and update the service.",IT Services
"the admission fee record has not been forwarded to the concerned office. The delay is creating difficulty with my semester matters. Because the issue is still unresolved, it is now affecting my normal universirty work. Kindly review the documents and process the request.",Administrative Offices
There seems to be an issue with the laboratory ventilation is in poor condition and needs replacement. This is especially difficult when the room is full. I would be grateful if the responsible office could review the details instead of asking me to repeat the same process. The concerned staff are requested to repair this promptly.,Maintenance & Facilities
"the toilet flush is not providing adequate service. Please send someone to inspect the location. Because the issue is still unresolved, it is now affecting my normal university work. Please have this facility repaired or replaced.",Maintenance & Facilities
"the scholarship payment has been pending without any clear update. The counter staff asked me to check again later, but there is still no progress. The concerned office is requested to check and complete this matter.",Administrative Offices
"the online registration portal is not syncing with my student account. The issue occurs both in the lab and on my own device. Because the issue is still unresolved, it is now affecting my normal university work. Please restore access as soon as possible.",IT Services
my CGPA was marked absent although I attended the class. This issue is causing difficulty with my current semester planning. I request the department to resolve this as soon as possible.,Academic
the toilet flush is not available when it is needed.,Maintenance & Facilities
I want to report that the prerequisite approval was changed without any explanation. I have checked the portal more than once and the same problem remains. I would be grateful if the responsible office could review the details instead of asking me to repeat the same process. Please verify the recrod and correct it.,Academic
"Can someone check why the hostel gate procedure has not been repaired despite an earlier request. The condition has been causing inconvenience for several days. I have been trying to get this sorted out, but there has not been a clear resolution yet. Kindly have the warden or relevant staff check this issue.",Hostel/Provost Office
"the laboratory ventilation is in poor condition and needs replacement. This is especially difficult when the room is full. Because the issue is still unresolved, it is now affecting my normal university work. Kindly send the maintenance team to inspect and fix it.",Maintenance & Facilities
"the migration certificate has not been issued yet. Please verify the record with the accounts or registrar office. Because the issue is still unresolved, it is now affecting my normal university work. Please ask the concerned administrative office to resolve this.",Administrative Offices
the hot water facility has not been repaired despite an earlier request.,Hostel/Provost Office
"I am facing an issue because the classroom windows has broken fittings. Please send someone to inspect the location. I have been trying to get this sorted out, but there has not been a clear resolution yet. Kindly send the maintenance team to inspect and fix it.",Maintenance & Facilities
Can someone check why the biometric attendance machine is not responding at all. This is affecting my ability to complete university work. Kindly check the network or account configuration.,IT Services
"Please help, the transcript does not include marks for work that I submitted. The supporting document was submitted at the department office. Because the issue is still unresolved, it is now affecting my normal university work. Please update the record according to the submitted documents.",Academic
Can someone check why the hostel security refund is not appearing in the official record. The application was submitted within the announced dates. Please ask the concerned administrative office to resolve this.,Administrative Offices
"Please help, i am having trouble because my clearance form has no status update despite repeated visits. I have already checked this more than once. Please check the application and provide an update.",Administrative Offices
Im having trouble because the classroom windows is not working properly during class hours. I have already checked this more than once. Please arrange repair as soon as possible.,Maintenance & Facilities
"my midterm marks was not accepted even though I met the deadline. The department office asked me to wait, but there has been no update. Could the concerned office please confirm the correct status?",Academic
"I want to bring this issue to your attention: the campus network has not been restored after an earlier complaint. Other university websites are opening normally. I have been trying to get this sorted out, but there has not been a clear resolution yet. Please investigate the error and update the service.",IT Services
There is a problem with the parking area needs urgent cleaning and maintenance. The facility is currently difficult to use safely. I would be grateful if the responsible offce could review the details instead of asking me to repeat the same process. Please arrange repair as soon as possible.,Maintenance & Facilities
the toilet flush is causing difficulty for students during lectures. Please check the problem and restore the facility.,Maintenance & Facilities
I want to report that the makeup exam request is creating a clash with another registered course. I have already checked this more than once. Please check the matter before it affects my semester further.,Academic
the hostel security refund has not been forwarded to the concerned office.,Administrative Offices
"Can u check this, i am having trouble because the lecture desk is not available when it is needed. The facility is currently difficult to use safely. I would be grateful if the responsible office could review the details instead of asking me to repeat the same process. Please arrange repair as soon as possible.",Maintenance & Facilities
the computer lab software does not accept my correct login details. This is affecting my ability to complete university work. Please check the account or system and fix the issue.,IT Services
the classroom chairs is in poor condition and needs replacement. This is especially difficult when the room is full. Please check the problem and restore the facility.,Maintenance & Facilities
I want to bring this issue to your attention: my thesis supervision is still missing from the student record. I have checked the portal more than once and the same problem remains. I request the department to resolve this as soon as possible.,Academic
the hostel water supply requires inspection by hostel staff. I have already submitted a request at the hostel office. Kindly have the warden or relevant staff check this issue.,Hostel/Provost Office
"the campus network works for a few minutes and then goes offline. Please check whether there is an account or server-side problem. Because the issue is still unresolved, it is now affecting my normal university work. I request technical support for this issue.",IT Services
I want to report that course registration has an incorrect total after the latest update. I would appreciate verification from the concerned academic office. Please verify the record and correct it.,Academic
I want to bring this issue to your attention: the department elevator has exposed wiring that should be inspected. I have already checked this more than once. Kindly resolve the maintenance problem at the earliest.,Maintenance & Facilities
"Sir please check, there is a problem with my scholarship application has been delayed beyond the stated processing time. The application was submitted within the announced dates. I have been trying to get this sorted out, but there has not been a clear resolution yet. Please check the application and provide an update.",Administrative Offices
I am having trouble because my university email has been unavailable since this morning. I have already checked this more than once. Please restore access as soon as possible.,IT Services
I need help because the hostel water supply is creating repeated arguments among residents. The problem is especially difficult during evening hours. I would be grateful if the responsible offce could review the details instead of asking me to repeat the same process. Kindly inspect the issue and arrange the required solution.,Hostel/Provost Office
I am having trouble because the building staircase is damaged and unsafe to use. The problem is now affecting more than one class. I would be grateful if the responsible office could review the details instead of asking me to repeat the same process. I request urgent maintenance of this issue.,Maintenance & Facilities
"There is a problem with the prerequisite approval is showing the wrong course information. Other students in the same class can see the correct information. I have been trying to get this sorted out, but there has not been a clear resolution yet. I request the department to resolve this as soon as possible.",Academic
I am writing regarding the air conditioner has been out of order for several days. I have already checked this more than once. The concerned staff are requested to repair this promptly.,Maintenance & Facilities
There is a problem with the classroom windows has exposed wiring that should be inspected. This is especially difficult when the room is full. Kindly send the maintenance team to inspect and fix it.,Maintenance & Facilities
I am writing regarding my clearance form is stuck between two administrative offices. This matter has remained unresolved for several working days. Please correct the record and confirm the updated status.,Administrative Offices
There seems to be an issue with the projector connection is not responding at all. I have already checked this more than once. Please restore access as soon as possible.,IT Services
"Hi, could you please look into this: the mess timing requires inspection by hostel staff. I would like the matter to be handled according to hostel rules. Please take action and update me about the complaint.",Hostel/Provost Office
I am having trouble because the lecture desk has not been repaired after an earlier complaint. The problem is now affecting more than one class. Kindly resolve the maintenance problem at the earliest.,Maintenance & Facilities
the toilet flush needs urgent cleaning and maintenance. Kindly send the maintenance team to inspect and fix it.,Maintenance & Facilities
"Hi, my GPA calculation doesnt reflect the form I submitted on time. I would appreciate verification from the concerned academic offce. Please recheck the entry and let me know once it is fixed.",Academic
the lab internet connection is not detecting the connected device. I need access before the current submission deadline. Please check the account or system and fix the issue.,IT Services
the hostel room lock is not available at the stated time.,Hostel/Provost Office
"There seems to be an issue with the corridor lights is creating an uncomfortable environment in the room. Students are facing this problemm every day. I have been trying to get this sorted out, but there has not been a clear resolution yet. The concerned staff are requested to repair this promptly.",Maintenance & Facilities
"the fee correction application has been delayed beyond the stated processing time. The counter staff asked me to check again later, but there is still no progress. I request verification and completion of the pending process.",Administrative Offices
I am writing regarding the network connection keeps disconnecting during use. I have already checked this more than once. Kindly check the network or account configuration.,IT Services
"Please check why the department printer is extremely slow during class hours. I tried from more than one device and the problem is the same. I have been trying to get this sorted out, but there hasnt been a clear resolution yet. Please check the account or system and fix the issue.",IT Services
I would like to complain that my degree verification request has not been issued yet. I request verification and completion of the pending process.,Administrative Offices
I am having trouble because my GPA calculation was marked absent although I attended the class. I have already checked this more than once. Please check the matter before it affects my semester further.,Academic
"Can u check this, could you please look into this: my scholarship application has been delayed beyond the stated processing time. I have already checked this more than once. Please process the request and correct the record.",Administrative Offices
"This is getting difficult, my midterm marks hasnt been approved despite repeated follow-up. I submitted the required application before the deadline. Because the issue is still unresolved, it is now affecting my normal university work. can the office confirm the correct status?",Academic
Please check why the parking area is producing a strong smell and needs maintenance. I have already checked this more than once. Please arrange repair as soon as possible.,Maintenance & Facilities
"I am having trouble because the transcript is creating a clash with another registered course. Other students in the same class can see the correct information. I have been trying to get this sorted out, but there has not been a clear resolution yet. Please check the matter before it affects my semester further.",Academic
Could you please look into this: the laundry area is not working properly. Please check the hostel record for my earlier complaint. Please resolve this hostel-related problem soon.,Hostel/Provost Office
I am facing an issue because my thesis supervision still shows the old information after correction. I have already checked this more than once. Please recheck the entry and let me know once it is fixed.,Academic
"Can someone check why the air conditioner is not providing adequate service. The facility is currently difficult to use safely. I have been trying to get this sorted out, but there has not been a clear resolution yet. Please check the problem and restore the facility.",Maintenance & Facilities
the hostel security refund is not appearing in the official record.,Administrative Offices
"There seems to be an issue with the official certificate request has not been approved even after verification. I would appreciate a clear status instead of being sent between offices. I have been trying to get this sorted out, but there has not been a clear resolution yet. I request verification and completion of the pending process.",Administrative Offices
"Can u check this, the official certificate request contains incorrect student information. I have kept a copy of the submitted form and payment receipt. Please ask the concerned administrative office to resolve this.",Administrative Offices
There seems to be an issue with the mess timing has become worse this week. I would like the matter to be handled according to hostel rules. Please handle the matter according to hostel policy.,Hostel/Provost Office
There seems to be an issue with the biometric attendance machine is preventing me from accessing course material. This is affecting my ability to complete university work. The IT team is requested to inspect and correct this.,IT Services
Im having trouble because the laboratory ventilation is creating an uncomfortable environment in the room. Kindly resolve the maintenance problem at the earliest.,Maintenance & Facilities
I am having trouble because the email verification link is rejecting files that meet the stated requirements. I have already checked this more than once. The IT team is requested to inspect and correct this.,IT Services
Can someone check why the lecture room lights is overflowing during busy hours. This is especially difficult when the room is full. Please arrange repair as soon as possible.,Maintenance & Facilities
I am writing regarding the practical marks has not been approved despite repeated follow-up. I already contacted the relevant teacher but the record is unchanged. Kindly review this issue and update the academic record.,Academic
"Can u check this, the registered credit hours contains an error that is affecting my semester record. can the office confirm the correct status?",Academic
Could you please look into this: the hostel washroom has not been updated in the hostel record. Kindly inspect the issue and arrange the required solution.,Hostel/Provost Office
"Please help, could you please look into this: the classroom fan is causing difficulty for students during lectures. I have already checked this more than once. Please resolve the maintenance problem at the earliest.",Maintenance & Facilities
the hostel washroom is creating hygiene concerns for residents. Please check the hostel record for my earlier complaint. Please resolve this hostel-related problem soon.,Hostel/Provost Office
"Please help, the makeup exam request has not been approved despite repeated follow-up. Please review this issue and update the academic record.",Academic
I want to bring this issue to your attention: the lecture room lights is damaged and unsafe to use. I have already checked this more than once. Please check the problem and restore the facility.,Maintenance & Facilities
the result card shows a value that does not match the marks announced in class. This issue is causing difficulty with my current semester planning. Please recheck the entry and let me know once it is fixed.,Academic
I would like to complain that the hostel security desk has become worse this week. The problem is especially difficult during evening hours. I would be grateful if the responsible office could review the details instead of asking me to repeat the same process. Please handle the matter according to hostel policy.,Hostel/Provost Office
the drainage line is making a loud noise throughout lectures. Kindly resolve the maintenance problem at the earliest.,Maintenance & Facilities
Can someone check why the admission document has no status update despite repeated visits. I have already checked this more than once. Kindly review the documents and process the request.,Administrative Offices
"Hi, the air conditioner is not available when it is needed.",Maintenance & Facilities
"Please check why the LMS course page works for a few minutes and then goes offline. I already changed the password, but the error remains. I would be grateful if the responsible office could review the details instead of asking me to repeat the same process. The IT team is requested to inspect and correct this.",IT Services
the viva schedule is showing the wrong course information. I already contacted the relevant teacher but the record is unchanged. Please check the matter before it affects my semester further.,Academic
I want to report that the email verification link does not recognize my account. I reported this earlier to the IT desk but it is still unresolved. I would be grateful if the responsible office could review the details instead of asking me to repeat the same process. Please investigate the error and update the service.,IT Services
"Can u check this, i am having trouble because my clearance form has not been approved even after verification. Please ask the concerned administrative offce to resolve this.",Administrative Offices
Please check why the official certificate request has not been forwarded to the concerned office. Please process the request and correct the record.,Administrative Offices
I want to report that the mess food is affecting basic hostel facilities. I have already checked this more than once. Please resolve this hostel-related problem soon.,Hostel/Provost Office
"There seems to be an issue with the migration certificate was entered under the wrong category. The counter staff asked me to check again later, but there is still no progress. Please process the request and correct the record.",Administrative Offices
"the hostel cleaning schedule is creating an uncomfortable living situation. I have already submitted a request at the hostel office. Because the issue is still unresolved, it is now affecting my normal university work. Kindly have the warden or relevant staff check this issue.",Hostel/Provost Office
I want to bring this issue to your attention: the mess timing has been pending with the hostel office. I have already checked this more than once. I request the Provost Office to look into this matter.,Hostel/Provost Office
"Please help, i would like to complain that the quiz score contains an error that is affecting my semester record. The supporting document was submitted at the department office. I have been trying to get this sorted out, but there has not been a clear resolution yet. Please review this issue and update the academic record.",Academic
There is a problem with the viva schedule is creating a clash with another registered course. I submitted the required application before the deadline. I would be grateful if the responsible office could review the details instead of asking me to repeat the same process. Kindly investigate the discrepancy and make the required correction.,Academic
I need help because the assignment grade does not reflect the form I submitted on time. I need the corrected record for an upcoming academic requirement. I would be grateful if the responsible office could review the details instead of asking me to repeat the same process. Kindly review this issue and update the academic record.,Academic
"Can u check this, the classroom projector shows a server error repeatedly. I reported this earlier to the IT desk but it is still unresolved. Because the issue is still unresolved, it is now affecting my normal university work. Please investigate the error and update the service.",IT Services
"Can u check this, could you please look into this: the makeup exam request is preventing me from completing registration. I submitted the required application before the deadline. can the office confirm the correct status?",Academic
the makeup exam request doesnt include marks for work that I submitted. I already contacted the relevant teacher but the record is unchanged. Please verify the record and correct it.,Academic
I am having trouble because the hostel security desk has not been repaired despite an earlier request. The problem is especially difficult during evening hours. I would be grateful if the responsible office could review the details instead of asking me to repeat the same process. Kindly have the warden or relevant staff check this issue.,Hostel/Provost Office
the LMS account is preventing me from accessing course material. I need access before the current submission deadline. The IT team is requested to inspect and correct this.,IT Services
"Hi, the viva schedule was not accepted even though I met the deadline.",Academic
Please check why the washroom plumbing has been left unrepaired since last week. The area is frequently used by students and staff. Please have this facility repaired or replaced.,Maintenance & Facilities
"the migration certificate is not appearing in the official record. I have kept a copy of the submitted form and payment receipt. Because the issue is still unresolved, it is now affecting my normal university work. Please process the request and correct the record.",Administrative Offices
I am writing regarding the parking area is leaking and making the floor wet. I request urgent maintenance of this issue.,Maintenance & Facilities
"This is getting difficult, i am writing regarding the laundry area has not been updated in the hostel record. Please check the hostel record for my earlier complaint. Please resolve this hostel-related problem soon.",Hostel/Provost Office
There is a problem with the room cleanliness is making it difficult to stay in the room. I have already submitted a request at the hostel office. I would be grateful if the responsible office could review the details instead of asking me to repeat the same process. Kindly have the warden or relevant staff check this issue.,Hostel/Provost Office
the registrar application has no status update despite repeated visits. The counter staff asked me to check again later but there is still no progress. Please resolve the issue without further unnecessary delay.,Administrative Offices
"the room furniture is creating hygiene concerns for residents. This is affecting normal hosel routine. Because the issue is still unresolved, it is now affecting my normal university work. Kindly have the warden or relevant staff check this issue.",Hostel/Provost Office
my GPA calculation was uploaded late and now I cannot complete the next process. The supporting document was submitted at the department office. Please recheck the entry and let me know once it is fixed.,Academic
"Can u check this, i am facing an issue because my financial aid application needs correction in the administrative record. I need the document for another university process. Please check the application and provide an update.",Administrative Offices
the classroom ceiling has exposed wiring that should be inspected. plz send someone to inspect the location. Please arrange repair as soon as possible.,Maintenance & Facilities
the department elevator is not working properly during class hours.,Maintenance & Facilities
"I have a problem, there seems to be an issue with the hosel gate procedure is creating hygiene concerns for residents. Please check the hostel record for my earlier complaint. Please inspect the issue and arrange the required solution.",Hostel/Provost Office
Please check why the student portal keeps disconnecting during use. This is affecting my ability to complete university work. The IT team is requested to inspect and correct this.,IT Services
the classroom projector is not connected to the campus network. Please restore access as soon as possible.,IT Services
the room furniture has not been repaired despite an earlier request.,Hostel/Provost Office
"I have a problem, could you please look into this: the classroom chairs is damaged and unsafe to use. I have already checked this more than once. Please arrange repair as soon as possible.",Maintenance & Facilities
Please check why the student portal does not send the verification message. Please check whether there is an account or server-side problem. Please check the account or system and fix the issue.,IT Services
"I am writing regarding the classroom chairs is not workng properly during class hours. The condition is affecting normal use of the area. I have been trying to get this sorted out, but there has not been a clear resolution yet. I request urgent maintenance of this issue.",Maintenance & Facilities
Could you please look into this: the LMS account shows an error whenever I try to submit work. The issue occurs both in the lab and on my own device. Please check the account or system and fix the issue.,IT Services
I want to report that the classroom windows is damaged and unsafe to use. The issue becomes worse during afternoon classes. I would be grateful if the responsible office could review the details instead of asking me to repeat the same process. I request urgent maintenance of this issue.,Maintenance & Facilities
my midterm marks does not include marks for work that I submitted.,Academic
the duplicate student card request contains incorrect student information. Please ask the concerned administrative office to resolve this.,Administrative Offices
"There seems to be an issue with the online registration portal is extremely slow during class hours. I already changed the password, but the error remains. I have been trying to get this sorted out, but there has not been a clear resolution yet. I request technical support for this issue.",IT Services
the lab internet connection is rejecting files that meet the stated requirements. Please investigate the error and update the service.,IT Services
Could you please look into this: the department elevator has loose parts that may cause an accident. I have already checked this more than once. Please check the problem and restore the facility.,Maintenance & Facilities
"I need help because the drinking water supply is not working properly during class hours. Students are facing this problem every day. I have been trying to get this sorted out, but there has not been a clear resolution yet. The concerned staff are requested to repair this promptly.",Maintenance & Facilities
the fee correction application is stuck between two administrative offices. I need the document for another university process. Please resolve the issue without further unnecessary delay.,Administrative Offices
Could you please look into this: the result card has not been shared with students. The supporting document was submitted at the department office. I would be grateful if the responsible office could review the details instead of asking me to repeat the same process. Please update the record according to the submitted documents.,Academic
"the hostel cleaning schedule has been pending with the hostel office. Several residents on the floor are facing the same problem. Because the issue is still unresolved, it is now affecting my normal university work. I request the Provost Office to look into this matter.",Hostel/Provost Office
Could you please look into this: the hostel room lock is not working properly. The concerned hostel staff are requested to take action.,Hostel/Provost Office
"Can someone check why my midterm marks was uploaded late and now I cannot complete the next process. Because of this error, I am unable to proceed with the next academic step. I have been trying to get this sorted out, but there has not been a clear resolution yet. Could the concerned office please confirm the correct status?",Academic
I would like to complain that the semester timetable was uploaded late and now I cannot complete the next process. I have already checked this more than once. Please verify the record and correct it.,Academic
"the hostel washroom is affecting basic hostel facilities. The problem is especially difficult during evening hours. Because the issue is still unresolved, it is now affecting my normal university work. Please take action and update me about the complaint.",Hostel/Provost Office
course registration was entered under the wrong course code. The department office asked me to wait but there has been no update. I request the department to resolve this as soon as possible.,Academic
the drinking water supply is making a loud noise throughout lectures. This is especially difficult when the room is full. pleas have this facility repaired or replaced.,Maintenance & Facilities
There is a problem with the bonafide certificate was supposed to be completed earlier but remains unresolved. I have already checked this more than once. I request verification and completion of the pending process.,Administrative Offices
There is a problem with the admission document shows an incorrect amount. The delay is creating difficulty with my semester matters. Please ask the concerned administrative office to resolve this.,Administrative Offices
I want to bring this issue to your attention: the hot water facility is causing problems for residents every day. This is affecting normal hostel routine. I request the Provost Office to look into this matter.,Hostel/Provost Office
There is a problemm with the admission fee record has not been forwarded to the concerned office. The required documents and receipt were submitted. The concerned office is requested to check and complete this matter.,Administrative Offices
"the hostel curfew entry was reported to the warden but no action has been taken. The warden was informed, but I have not received any update. I request the Provost ofice to look into this matter.",Hostel/Provost Office
There is a problem with the official certificate request is causing difficulty with another university process. Please correct the record and confirm the updated status.,Administrative Offices
Can someone check why my scholarship application is causing difficulty with another university process. I have already checked this more than once. I request verification and completion of the pending process.,Administrative Offices
the department printer has not been restored after an earlier complaint.,IT Services
the hostel corridor lights is not working properly. The problem is especially difficult during evening hours. Please resolve this hostel-related problem soon.,Hostel/Provost Office
"I am having trouble because the transcript was marked absent although I attended the class. The department office asked me to wait, but there has been no update. I have been trying to get this sorted out, but there has not been a clear resolution yet. Please check the matter before it affects my semester further.",Academic
"This is getting difficult, can someone check why the air conditioner is not providing adequate service. The area is frequently used by students and staff. I would be grateful if the responsible office could review the details instead of asking me to repeat the same process. Please inspect the area and take the necessary action.",Maintenance & Facilities
Can someone check why the duplicate student card request contains incorrect student information. The counter staff asked me to check again later but there is still no progress. Please resolve the issue without further unnecessary delay.,Administrative Offices
I need help because the lab internet connection shows a server error repeatedly. I have already checked this more than once. The IT team is requested to inspect and correct this.,IT Services
I would like to complain that the password reset service works for a few minutes and then goes offline. The issue occurs both in the lab and on my own device. Please resolve the technical problem before the deadline.,IT Services
the password reset service shows a server error repeatedly. pls investigate the error and update the service.,IT Services
the registrar application contains incorrect student information. I would appreciate a clear status instead of being sent between offices. Please ask the concerned administrative office to resolve this.,Administrative Offices
I want to bring this issue to your attention: the lecture room lights needs urgent cleaning and maintenance. Please have this facility repaired or replaced.,Maintenance & Facilities
"the laundry area is creating an uncomfortable living situation. The condition has been causing inconvenience for several days. Because the issue is still unresolved, it is now affecting my normal university work. Please take action and update me about the complaint.",Hostel/Provost Office
I would like to complain that my attendance record was marked absent although I attended the class. Other students in the same class can see the correct information. I request the department to resolve this as soon as possible.,Academic
"Hi, i want to report that the network connection doesnt recognize my account. I have already checked this more than once. plz resolve the technical problem before the deadline.",IT Services
"Sir please check, i want to bring this issue to your attention: the room furniture is causing problems for residents every day. The issue needs attention before it becomes more serious. I have been trying to get this sorted out but there has not been a clear resolution yet. Please inspect the issue and arrange the required solution.",Hostel/Provost Office
"I have a problem, the university server is extremely slow during class hours.",IT Services
"Can u check this, i want to bring this issue to your attention: the lecture desk needs urgent cleaning and maintenance. A maintenance complaint was already reported, but the problem remains. I have been trying to get this sorted out, but there has not been a clear resolution yet. Please send the maintenance team to inspect and fix it.",Maintenance & Facilities
my roommate issue is causing problems for residents every day.,Hostel/Provost Office
the viva schedule was entered under the wrong course code.,Academic
the classroom projector fails before the process is completed. plz investigate the error and update the service.,IT Services
I want to report that the hostle room lock is making it difficult to stay in the room. I would like the matter to be handled according to hostel rules. I would be grateful if the responsible office could review the details instead of asking me to repeat the same process. The concerned hostel staff are requested to take action.,Hostel/Provost Office
"I have a problem, i am having trouble because the room furniture is not available at the stated time. This is affecting normal hostel routine. I would be grateful if the responsible office could review the details instead of asking me to repeat the same process. Please take action and update me about the complant.",Hostel/Provost Office
I am having trouble because the laundry area has not been resolved after repeated reporting. Please check the hostel record for my earlier complaint. I would be grateful if the responsible office could review the details instead of asking me to repeat the same process. Please resolve this hostel-related problem soon.,Hostel/Provost Office
Can someone check why the assignment grade shows a value that does not match the marks announced in class. I submitted the required application before the deadline. I request the department to resolve this as soon as possible.,Academic
Im having trouble because the exam date sheet has not been updated even though the instructor confirmed the correction. The department office asked me to wait but there has been no update. Kindly investigate the discrepancy and make the required correction.,Academic
the migration certificate was returned without explaining what is missing. I would appreciate a clear status instead of being sent between offices. Kindly check the applicaton and provide an update.,Administrative Offices
"the scholarship payment has not been processed even though the documents were submitted. This matter has remained unresolved for several working days. Because the issue is still unresolved, it is now affecting my normal universty work. Please correct the record and confirm the updated status.",Administrative Offices
"Can u check this, the backup generator is not providing adequate service. Please inspect the area and take the necessary action.",Maintenance & Facilities
"the campus network fails before the process is completed. I reported this earlier to the IT desk but it is still unresolved. Because the issue is still unresolved, it is now affecting my normal university work. Please resolve the technical problem before the deadline.",IT Services
"Hi, could you please look into this: the campus network is not detecting the connected device. This is affecting my ability to complete university work. Please resolve the technical problem before the deadline.",IT Services
Can someone check why my attandance record has been pending for several days. I have already checked this more than once. Kindly review this issue and update the academic record.,Academic
the hostel gate procedure has been pending with the hostel office. Please check the hostel record for my earlier complaint. Please resolve this hostel-related problem soon.,Hostel/Provost Office
I am writing regarding the biometric attendance machine shows an error whenever I try to submit work. Please resolve the technical problem before the deadline.,IT Services
the laboratory ventilation is making a loud noise throughout lectures. This is especially difficult when the room is full. Kindly resolve the maintenance problem at the earliest.,Maintenance & Facilities
"Please help, there is a problm with the lecture desk has loose parts that may cause an accident. This is especially difficult when the room is full. Please resolve the maintenance problem at the earliest.",Maintenance & Facilities
I want to bring this issue to your attention: the department elevator is creating an uncomfortable environment in the room. The facility is currently difficult to use safely. I would be grateful if the responsible office could review the details instead of asking me to repeat the same process. Kindly resolve the maintenance problem at the earliest.,Maintenance & Facilities
"Please help, i need help because my university email is preventing me from accessing course material. I reported this earlier to the IT desk but it is still unresolved. The IT team is requested to inspect and correct this.",IT Services
the hostel curfew entry has not been updated in the hostel record. Please ask the hostel administration to resolve it.,Hostel/Provost Office
my student card was returned without explaining what is missing. Please verify the record with the accounts or registrar office. Please resolve the issue without further unnecessary delay.,Administrative Offices
"Please help, i am having trouble because the makeup exam request has not been shared with students. Please verify the record and correct it.",Academic
I want to report that the corridor lights needs urgent cleaning and maintenance. I have already checked this more than once. Please have this facility repaired or replaced.,Maintenance & Facilities
the lab internet connection is not loading the required page. The IT team is requested to inspect and correct this.,IT Services
"There seems to be an issue with the university server works for a few minutes and then goes offline. I reported this earlier to the IT desk but it is still unresolved. I have been trying to get this sorted out, but there has not been a clear resolution yet. Please investigate the error and update the service.",IT Services
the email verification link is not connected to the campus network. Restarting the device did not solve the issue. Kindly ask IT support to resolve this problem.,IT Services
the official certificate request is being delayed because the counter staff keep asking me to return later.,Administrative Offices
the room ceiling fan is causing unnecessary difficulty at night. Kindly have the warden or relevant staff check this issue.,Hostel/Provost Office
"I have a problem, my GPA calculation was entered under the wrong course code. I need the corrected record for an upcoming academic requirement. Please investigate the discrepancy and make the required correction.",Academic
"Sir please check, the fee correction application doesnt match the payment receipt. The counter staff asked me to check again later, but there is still no progress. Because the issue is still unresolved, it is now affecting my normal university work. The concerned office is requested to check and complete this matter.",Administrative Offices
I want to bring this issue to your attention: the lab internet connection is not detecting the connected device. I reported this earlier to the IT desk but it is still unresolved. I would be grateful if the responsible office could review the details instead of asking me to repeat the same process. Please resolve the technical problem before the deadline.,IT Services
"Please check why the thesis progress review is preventing me from completing registration. I need the corrected record for an upcoming academic requirement. I have been trying to get this sorted out, but there has not been a clear resolution yet. Could the concerned office please confirm the correct status?",Academic
"the university WiFi is not syncing with my student account. Please check whether there is an account or server-side problm. Because the issue is still unresolved, it is now affecting my normal university work. Please resolve the technical problem before the deadline.",IT Services
I am facing an issue because my midterm marks is preventing me from completing registration. I have already checked this more than once. Please update the record according to the submitted documents.,Academic
I want to bring this issue to your attention: the email verification link does not recognize my account. I have already checked this more than once. The IT team is requested to inspect and correct this.,IT Services
"Please check why the admission status has been delayed beyond the stated processing time. I have already visited the concerned office more than once. I have been trying to get this sorted out, but there has not been a clear resolution yet. Please process the request and correct the record.",Administrative Offices
I want to bring this issue to your attention: the hostel water supply has been pending with the hostel office. Please check the hostel record for my earlier complaint. Please handle the matter according to hostel policy.,Hostel/Provost Office
"I want to bring this issue to your attention: the university WiFi has stopped working after the latest update. I need access before the current submission deadline. I have been trying to get this sorted out, but there has not been a clear resolution yet. Please check the account or system and fix the issue.",IT Services
Please check why the fee refund request has not been forwarded to the concerned office. The concerned office is requested to check and complete this matter.,Administrative Offices
my thesis supervision has an incorrect total after the latest update. I would appreciate verification from the concerned academic office. I request the deparment to resolve this as soon as possible.,Academic
my portal login is rejecting files that meet the stated requirements. pls check the account or system and fix the issue.,IT Services
"Hi, i am writing regarding the common room is causing problems for residents every day. This is affecting normal hostel routine. Please resolve this hostel-related problem soon.",Hostel/Provost Office
I am having trouble because the accounts office receipt does not match the payment receipt. The required documents and receipt were submitted. Please process the request and correct the record.,Administrative Offices
"the biometric attendance machine shows a server error repeatedly. I already changed the password, but the error remains. Kindly ask IT support to resolve this problem.",IT Services
"I want to report that the classroom chairs has exposed wiring that should be inspected. plz send someone to inspect the location. I have been trying to get this sorted out, but there has not been a clear resolution yet. Please inspect the area and take the necessary action.",Maintenance & Facilities
I am facing an issue becuase the course section was not accepted even though I met the deadline. I have already checked this more than once. Please update the record according to the submitted documents.,Academic
"This is getting difficult, i want to bring this issue to your attention: the makeup exam request was not accepted even though I met the deadline. I have checked the portal more than once and the same problem remains. I would be grateful if the responsible office could review the details instead of asking me to repeat the same process. Please investigate the discrepancy and make the required correction.",Academic
I am writing regarding the viva schedule has not been updated even though the instructor confirmed the correction. This issue is causing difficulty with my current semester planning. I would be grateful if the responsible office could review the details instead of asking me to repeat the same process. pleas update the record according to the submitted documents.,Academic
I want to report that the hostel security refund has not been issued yet. Please process the request and correct the record.,Administrative Offices
my roommate issue is causing problems for residents every day. Please take action and update me about the complaint.,Hostel/Provost Office
"I want to report that the assignment grade hasnt been approved despite repeated follow-up. Other students in the same class can see the correct information. I have been trying to get this sorted out, but there has not been a clear resolution yet. Kindly review this issue and update the academic record.",Academic
"Hi, there seems to be an issue with the document attestation request needs correction in the administrative record. I need the document for another university process. I would be grateful if the responsible office could review the details instead of asking me to repeat the same process. Please review the documents and process the request.",Administrative Offices
"Sir please check, can someone check why the viva schedule has not been approved despite repeated follow-up. I have already checked this more than once. Please verify the record and correct it.",Academic
I would like to complain that the department printer does not send the verification message. I have already checked this more than once. The IT team is requested to inspect and correct this.,IT Services
"Please help, the exam date sheet shows a value that doesnt match the marks announced in class. I submitted the required application before the deadline. Please update the record according to the submitted documents.",Academic
"my student card is causing difficulty with another university process. Please verify the record with the accounts or registrar office. Because the issue is still unresolved, it is now affecting my normal university work. Kindly review the documents and process the request.",Administrative Offices
my student card is causing difficulty with another university process. The delay is creating difficulty with my semester matters. Kindly check the application and provide an update.,Administrative Offices
the water cooler is not wroking properly during class hours. Please have this facility repaired or replaced.,Maintenance & Facilities
"my hostel room allocation is creating repeated arguments among residents. I would like the matter to be handled according to hostel rules. Because the issue is still unresolved, it is now affecting my normal universty work. Please resolve this hostel-related problem soon.",Hostel/Provost Office
Can someone check why my degree verification request was entered under the wrong category. The application was submitted within the announced dates. I would be grateful if the responsible office could review the details instead of asking me to repeat the same process. Please ask the concerned administrative office to resolve this.,Administrative Offices
the lecture room lights is leaking and making the floor wet. Please have this facility repaired or replaced.,Maintenance & Facilities
the classroom ceiling has broken fittings. Please have this facility repaired or replaced.,Maintenance & Facilities
"Can someone check why the backup generator is causing difficulty for students during lectures. Please send someone to inspect the location. I have been trying to get this sorted out, but there has not been a clear resolution yet. Please inspect the area and take the necessary action.",Maintenance & Facilities
"Sir please check, the exam date sheet contains an error that is affecting my semester record. This issue is causing difficulty with my current semester planning. Please check the matter before it affects my semester further.",Academic
my portal login does not send the verification message. I reported this earlier to the IT desk but it is still unresolved. Kindly ask IT support to resolve this problem.,IT Services
"my fee challan does not match the payment receipt. The counter staff asked me to check again later, but there is still no progress. Please correct the record and confirm the updated status.",Administrative Offices
the final exam reslt is preventing me from completing registration.,Academic
I want to report that the prerequisite approval has not been shared with students. I have already checked this more than once. Kindly investigate the discrepancy and make the required correction.,Academic
I am having trouble because the assignment grade shows a value that does not match the marks announced in class. This issue is causing difficulty with my current semester planning. Please verify the record and correct it.,Academic
"the campus network is not loading the required page. I tried from more than one device and the problem is the same. Because the issue is still unresolved, it is now affecting my normal university work. Please resolve the technical problem before the deadline.",IT Services
"my scholarship application has not been issued yet. I need the document for another university process. becase the issue is still unresolved, it is now affecting my normal university work. Please process the request and correct the record.",Administrative Offices
the room furniture has not been updated in the hostel record. The condition has been causing inconvenience for several days. Please ask the hostel administration to resolve it.,Hostel/Provost Office
There is a problem with the corridor lights has exposed wiring that should be inspected. I have already checked this more than once. Please inspect the area and take the necessary action.,Maintenance & Facilities
"my GPA calculation is different from what appears on the departmental notice. Because of this error, I am unable to proceed with the next academic step. Could the concerned office please confirm the correct status?",Academic
my fee challan was supposed to be completed earlier but remains unresolved.,Administrative Offices
I am having trouble because the university server is not responding at all. Please restore access as soon as possible.,IT Services
"I have a problem, i want to report that the admission fee record has not been processed even though the documents were submitted. The delay is creating difficulty with my semester matters. I request verification and completion of the pending process.",Administrative Offices
Can someone check why my CGPA does not reflect the form I submitted on time. I have already checked this more than once. Could the concerned office please confirm the correct status?,Academic
"There is a problem with my GPA calculation has been pending for several days. This issue is causing difficulty with my current semester planning. I have been trying to get this sorted out, but there has not been a clear resolution yet. Please check the matter before it affects my semester further.",Academic
the prerequisite approval is creating a clash with another registered course.,Academic
"the building staircase is making a loud noise throughout lectures. The issue becomes worse during afternoon classes. Because the issue is still unresolved, it is now affecting my normal university work. Please inspect the area and take the necessary action.",Maintenance & Facilities
"Hi, i would like to complain that the building staircase has been out of order for several days. I have already checked this more than once. The concerned staff are requested to repair this promptly.",Maintenance & Facilities
Can someone check why the biometric attendance machine is rejecting files that meet the stated requirements. I have already checked this more than once. Please restore access as soon as possible.,IT Services
the hostel curfew entry is making it difficult to stay in the room. Please resolve this hostel-related problem soon.,Hostel/Provost Office
I want to bring this issue to your attention: the accounts office receipt contains incorrect student information. This matter has remained unresolved for several working days. I request verification and completion of the pending process.,Administrative Offices
I am writing regarding the course section is still missing from the stuent record. Other students in the same class can see the correct information. Please check the matter before it affects my semester further.,Academic
the hostle room lock is creating an uncomfortable living situation. I would like the matter to be handled according to hostel rules. Please ask the hostel administration to resolve it.,Hostel/Provost Office
"the email verification link is not responding at all. Restarting the device did not solve the issue. becase the issue is still unresolved, it is now affecting my normal university work. Please restore access as soon as possible.",IT Services
"I want to report that the document attestation request has not been issued yet. The application was submitted within the announced dates. I have been trying to get this sorted out, but there has not been a clear resolution yet. Kindly check the application and provide an update.",Administrative Offices
"Can u check this, the student portal keeps disconnecting during use. I need access before the current submission deadline. plz investigate the error and update the service.",IT Services
Could you please look into this: the room cleanliness was handled differently from the stated hostel rules. I have already submitted a request at the hostel office. Please handle the matter according to hostel policy.,Hostel/Provost Office
the LMS account is not connected to the campus network. Please investigate the error and update the service.,IT Services
I am facing an issue because the online registration portal is extremely slow during class hours. I need access before the current submission deadline. Please investigate the error and update the service.,IT Services
There is a problem with the admission status is causing difficulty with another university process. I have already checked this more than once. Please process the request and correct the recrod.,Administrative Offices
"the hostel water supply is not working properly. The warden was informed, but I have not received any update. Because the issue is still unresolved, it is now affecting my normal university work. Please ask the hostel administration to resolve it.",Hostel/Provost Office
"This is getting difficult, my hostel room allocation has not been updated in the hostel record. Please check the hostel record for my earlier complaint. Because the issue is still unresolved, it is now affecting my normal university work. Please inspect the issue and arrange the required solution.",Hostel/Provost Office
the prerequisite approval was not accepted even though I met the deadline.,Academic
Could you please look into this: the drinking water supply is causing difficulty for students during lectures. The condition is affecting normal use of the area. I request urgent maintenance of this issue.,Maintenance & Facilities
the fee correction application has not been processed even though the documents were submitted. I request verification and completion of the pending process.,Administrative Offices
the final exam result has an incorrect total after the latest update. Kindly review this issue and update the academic record.,Academic
"I want to bring this issue to your attention: the lab computer does not accept my correct login details. Restarting the device did not solve the issue. I have been trying to get this sorted out, but there has not been a clear resolution yet. The IT team is requested to inspect and correct this.",IT Services
I am writing regarding the electrical sockets is overflowing during busy hours. I have already checked this more than once. Kindly send the maintenance team to inspect and fix it.,Maintenance & Facilities
Please check why my CGPA contains an error that is affecting my semester record. Other students in the same class can see the correct information. Please verify the record and correct it.,Academic
"This is getting difficult, i need help because my hostel room allocation is not being handled according to the hostel procedure. I have already checked this more than once. I request the Provost offce to look into this matter.",Hostel/Provost Office
"Sir please check, i need help because the hostel security refund was supposed to be completed earlier but remains unresolved. This matter has remained unresolved for several working days. Please resolve the issue without further unnecessary delay.",Administrative Offices
the practical marks has not been shared with students. I need the corrected record for an upcoming academic requirement. Please verify the record and correct it.,Academic
the university WiFi is extremely slow during class hours. Restarting the device did not solve the issue. Kindly ask IT support to resolve this problem.,IT Services
There is a problem with the student portal works for a few minutes and then goes offline. This is affecting my ability to complete university work. I would be grateful if the responsible office could review the details instead of asking me to repeat the same process. Please resolve the technical problem before the deadline.,IT Services
I would like to complain that the room ceiling fan has become worse this week. I would like the matter to be handled according to hostel rules. I would be grateful if the responsible office could review the details instead of asking me to repeat the same process. Please resolve this hostel-related problem soon.,Hostel/Provost Office
Can someone check why my thesis supervision has an incorrect total after the latest update. I have already checked this more than once. Kindly review this issue and update the academic record.,Academic
the fee refund request has been delayed beyond the stated processing time. This matter has remained unresolved for several working days. The concerned office is requested to check and complete this matter.,Administrative Offices
"Please check why the registrar application is being delayed because the counter staff keep asking me to return later. The delay is creating difficulty with my semester matters. I have been trying to get this sorted out, but there has not been a clear resolution yet. Please resolve the issue without further unnecessary delay.",Administrative Offices
"Please check why my hostel room allocation was reported to the warden but no action has been taken. I informed the hostel staff earlier, but the issue continues. I request the Provost Office to look into this matter.",Hostel/Provost Office
the hot water facility is causing problems for residents every day. I would like the matter to be handled according to hostel rules. Kindly inspect the issue and arrange the required solution.,Hostel/Provost Office
I would like to complain that the biometric attendance machine works for a few minutes and then goes offline. The problem started recently and has continued since then. The IT team is requested to inspect and correct this.,IT Services
"the admission status is not appearing in the official record. I would appreciate a clear status instead of being sent between offices. Because the issue is still unresolved, it is now affecting my normal university work. Kindly check the application and provide an update.",Administrative Offices
I am writing regarding the admission fee recrod needs correction in the administrative record. I have already checked this more than once. I request verification and completion of the pending process.,Administrative Offices
the washroom plumbing is not available when it is needed. Kindly send the maintenance team to inspect and fix it.,Maintenance & Facilities
"Hi, my fee challan has not been approved even after verification. Please verify the record with the accounts or registrar office. Please ask the concerned administrative office to resolve this.",Administrative Offices
Could you please look into this: course registration does not reflect the form I submitted on time. I have checked the portal more than once and the same problem remains. Please recheck the entry and let me know once it is fixed.,Academic
"Hi, i want to bring this issue to your attention: the department printer works for a few minutes and then goes offline. The problem started recently and has continued since then. I have been trying to get this sorted out, but there has not been a clear resolution yet. I request technical support for this issue.",IT Services
"I need help because the scholarship payment is causing difficulty with another university process. Please verify the record with the accounts or registrar office. I have been trying to get this sorted out, but there has not been a clear resolution yet. Kindly review the documents and process the request.",Administrative Offices
"the classroom windows has loose parts that may cause an accident. It would be better to repair it before the damage increases. Because the issue is still unresolved, it is now affecting my normal university work. Kindly send the maintenance team to inspect and fix it.",Maintenance & Facilities
the toilet flush has exposed wiring that should be inspected. Students are facing this problem every day. Please inspect the area and take the necessary action.,Maintenance & Facilities
"Please help, the bonafide certificate is not appearing in the official record.",Administrative Offices
I am writing regarding the drainage line is creating an uncomfortable environment in the room. Students are facing this problem every day. Please have this facility repaired or replaced.,Maintenance & Facilities
the classroom chairs has exposed wiring that should be inspected. It would be better to repair it before the damage increases. Kindly send the maintenance team to inspect and fix it.,Maintenance & Facilities
"Please help, can someone check why the LMS account keeps disconnecting during use. Please check whether there is an account or server-side problem. I would be grateful if the responsible office could review the details instead of asking me to repeat the same process. Please check the account or system and fix the issue.",IT Services
the accounts office receipt was marked incomplete although all listed documents were attached. I would appreciate a clear status instead of being sent between offices. I request verification and completion of the pending process.,Administrative Offices
I need help because the classroom projector shows a server error repeatedly. The problem started recently and has continued since then. The IT team is requested to inspect and correct this.,IT Services
"I need help because the hostel water supply was reported to the warden but no action has been taken. I informed the hostel staff earlier, but the issue continues. Please ask the hostel administration to resolve it.",Hostel/Provost Office
the projector connection does not send the verification message. Kindly check the network or account configuration.,IT Services
"This is getting difficult, i want to report that the department elevator has not been repaired after an earlier complaint. I have already checked this more than once. Please resolve the maintenance problem at the earliest.",Maintenance & Facilities
"There is a problem with the prerequisite approval has been pending for several days. I have checked the portal more than once and the same problem remains. I have been trying to get this sorted out, but there has not been a clear resolution yet. Please recheck the entry and let me know once it is fixed.",Academic
"I am having trouble because the room furniture is causing problems for residents every day. The warden was informed, but I have not received any update. Please resolve this hostel-related problem soon.",Hostel/Provost Office
"the migration certificate has not been approved even after verification. This matter has remained unresolved for several working days. Because the issue is still unresolved, it is now affecting my normal university work. Please resolve the issue without further unnecessary delay.",Administrative Offices
"the network connection shows a server error repeatedly. Other university websites are opening normally. Because the issue is still unresolved, it is now affecting my normal university work. I request technical support for this issue.",IT Services
"Sir please check, i am writing regarding the admission fee record does not match the payment receipt. I need the document for another university process. Please check the application and provide an update.",Administrative Offices
I want to bring this issue to your attention: the building staircase has exposed wiring that should be inspected. Students are facing this problem every day. I would be grateful if the responsible office could review the details instead of asking me to repeat the same process. Please check the problem and restore the facility.,Maintenance & Facilities
I am having trouble because the LMS account is not responding at all. I reported this earlier to the IT desk but it is still unresolved. I would be grateful if the responsible office could review the details instead of asking me to repeat the same process. Please check the account or system and fix the issue.,IT Services
the registrar application was submitted before the deadline but still shows pending. I would appreciate a clear status instead of being sent between offices. Kindly review the documents and process the request.,Administrative Offices
I want to report that my clearance form shows an incorrect amount. I have already checked this more than once. Please resolve the issue without further unnecessary delay.,Administrative Offices
There is a problem with the electrical sockets is blocked and water is collecting around it. The facility is currently difficult to use safely. I would be grateful if the responsible office could review the details instead of asking me to repeat the same process. I request urgent maintenance of this issue.,Maintenance & Facilities
the campus network does not send the verification message. This is affecting my ability to complete university work. Kindly ask IT support to resolve this problm.,IT Services
"This is getting difficult, the course section was not accepted even though I met the deadline. Please update the record according to the submitted documents.",Academic
"Can u check this, can someone check why the mess timing was handled differently from the stated hostel rules. I have already checked this more than once. Please resolve this hostel-related problem soon.",Hostel/Provost Office
the laboratory ventilation is creating an uncomfortable environment in the room. The problem is now affecting more than one class. Please inspect the area and take the necessary action.,Maintenance & Facilities
"There seems to be an issue with the student portal does not accept my correct login details. The issue occurs both in the lab and on my own device. I have been trying to get this sorted out, but there has not been a clear resolution yet. Please check the account or system and fix the issue.",IT Services
plz check why the bonafide certificate is stuck between two administrative offices. I would appreciate a clear status instead of being sent between offices. Kindly review the documents and process the request.,Administrative Offices
There is a problem with the prerequisite approval still shows the old information after correction. I have checked the portal more than once and the same problem remains. I would be grateful if the responsible office could review the details instead of asking me to repeat the same process. Could the concerned office please confirm the correct status?,Academic
Could you please look into this: the room cleanliness is causing problems for residents every day. The condition has been causing inconvenience for several days. I request the Provost Office to look into this matter.,Hostel/Provost Office
I am writing regarding the hostel security desk is still unresolved after several days. Please check the hostel record for my earlier complaint. I would be grateful if the responsible office could review the details instead of asking me to repeat the same process. I request the Provost Office to look into this matter.,Hostel/Provost Office
the wter cooler is overflowing during busy hours. The concerned staff are requested to repair this promptly.,Maintenance & Facilities
the official certificate request is being delayed because the counter staff keep asking me to return later. pleas correct the record and confirm the updated status.,Administrative Offices
There seems to be an issue with the transcript was uploaded late and now I cannot complete the next process. I have already checked this more than once. Could the concerned office please confirm the correct status?,Academic
I would like to complain that the thesis progress review is still missing from the student record. I submitted the required application before the deadline. Please recheck the entry and let me know once it is fixed.,Academic
I am writing regarding my thesis supervision does not reflect the form I submitted on time. I have already checked this more than once. Could the concerned office please confirm the correct status?,Academic
"Hi, my scholarship application was submitted before the deadline but still shows pending.",Administrative Offices
Please check why the online registration portal is preventing me from accessing course material. I have already checked this more than once. Please investigate the error and update the service.,IT Services
"the duplicate student card request was entered under the wrong category. This matter has remained unresolved for several working days. Because the issue is still unresolved, it is now affecting my normal university work. Kindly review the documents and process the request.",Administrative Offices
"I have a problem, i want to report that the printing system is showing outdated information. Other university websites are opening normally. Please ask IT support to resolve this problem.",IT Services
Can someone check why the washroom plumbing has loose parts that may cause an accident. The condition is affecting normal use of the area. Kindly send the maintenance team to inspect and fix it.,Maintenance & Facilities
There seems to be an issue with the parking area is in poor condition and needs replacement. I have already checked this more than once. Kindly send the maintenance team to inspect and fix it.,Maintenance & Facilities
Please check why the fee correction application was entered under the wrong category. I have already checked this more than once. The concerned office is requested to check and complete this matter.,Administrative Offices
There seems to be an issue with the fee refund request hasnt been forwarded to the concerned office. I have already checked this more than once. Please resolve the issue without further unnecessary delay.,Administrative Offices
"the laundry area is not available at the stated time. The issue needs attention before it becomes more serious. Because the issue is still unresolved, it is now affecting my normal university work. Please ask the hostel administration to resolve it.",Hostel/Provost Office
I want to bring this issue to your attention: the hostel curfew entry is affecting basic hostel facilities. I have already checked this more than once. Please resolve this hostel-related problem soon.,Hostel/Provost Office
I am facing an issue because the network connection has been unavailable since this morning. I need access before the current submission deadline. I have been trying to get this sorted out but there has not been a clear resolution yet. I request technical support for this issue.,IT Services
"Hi, i want to report that the registrar application has not been forwarded to the concerned office. The required documents and receipt were submitted. Please ask the concerned administrative office to resolve this.",Administrative Offices
"I would like to complain that the viva schedule has an incorrect total after the latest update. Because of this error, I am unable to proceed with the next academic step. I would be grateful if the responsible office could review the details instead of asking me to repeat the same process. Could the concerned office pls confirm the correct status?",Academic
"Please help, the classroom ceiling has not been repaired after an earlier complaint. The area is frequently used by students and staff. Because the issue is still unresolved, it is now affecting my normal university work. Please check the problm and restore the facility.",Maintenance & Facilities
the assignment grade is different from what appears on the departmental notice. I submitted the required application before the deadline. Kindly review this issue and update the academic record.,Academic
"There is a problem with the network connection is not detecting the connected device. I already changed the password, but the error remains. Please restore access as soon as possible.",IT Services
the admission fee record was submitted before the deadline but still shows pending.,Administrative Offices
my thesis supervision is showing the wrong course information. This issue is causing difficulty with my current semester planning. Please recheck the entry and let me know once it is fixed.,Academic
I need help because the water cooler is in poor condition and needs replacement. Students are facing this problem every day. Kindly resolve the maintenance problem at the earliest.,Maintenance & Facilities
"the exam date sheet has not been shared with students. The supporting document was submitted at the department office. Because the issue is still unresolved, it is now affecting my normal university work. Please verify the record and correct it.",Academic
the air conditioner has broken fittings. Kindly send the maintenance team to inspect and fix it.,Maintenance & Facilities
"I need help becase the room cleanliness needs attention from the provost office. The warden was informed, but I have not received any update. I would be grateful if the responsible office could review the details instead of asking me to repeat the same process. I request the Provost Office to look into this matter.",Hostel/Provost Office
"Sir please check, i am writing regarding the mess timing has not been updated in the hostel record. I informed the hostel staff earlier, but the issue continues. I have been trying to get this sorted out, but there has not been a clear resolution yet. Please inspect the issue and arrange the required solution.",Hostel/Provost Office
"the projector connection works for a few minutes and then goes offline. I tried from more than one device and the problem is the same. Because the issue is still unresolved, it is now affecting my normal university work. Kindly check the network or account configuration.",IT Services
I am facing an issue because the accounts office receipt was returned without explaining what is missing. I have already checked this more than once. Please ask the concerned administrative office to resolve this.,Administrative Offices
I am having trouble because the hostel WiFi complaint recrod is affecting basic hostel facilities. I have already submitted a request at the hostel office. Kindly inspect the issue and arrange the required solution.,Hostel/Provost Office
"Can u check this, the migration certificate was supposed to be completed earlier but remains unresolved. I would appreciate a clear status instead of being sent between offices. Please review the documents and process the request.",Administrative Offices
my thesis supervision has not been shared with students.,Academic
"Hi, the room ceiling fan is causing unnecessary difficulty at night. Several residents on the floor are facing the same problem. Because the issue is still unresolved, it is now affecting my normal university work. Please ask the hostel administration to resolve it.",Hostel/Provost Office
the accounts office receipt needs correction in the administrative record. The required documents and receipt were submitted. The concerned office is requested to check and complete this matter.,Administrative Offices
I am writing regarding the biometric attendance machine is not detecting the connected device. The issue occurs both in the lab and on my own device. Kindly ask IT support to resolve this problem.,IT Services
the backup generator has been out of order for several days. A maintenance complaint was already reported but the problm remains. Please check the problem and restore the facility.,Maintenance & Facilities
"I want to report that course registration contains an error that is affecting my semester record. I submitted the required application before the deadline. I have been trying to get this sorted out, but there has not been a clear resolution yet. plz verify the record and correct it.",Academic
I am having trouble because the hostel washroom is creating hygiene concerns for residents. The problem is especially difficult during evening hours. I request the Provost Office to look into this matter.,Hostel/Provost Office
the printing system has stopped working after the latest update. Please check whether there is an account or server-side problem. Kindly check the network or account configuration.,IT Services
I want to bring this issue to your attention: the room cleanliness is creating an uncomfortable living situation. I have already checked this more than once. Kindly inspect the issue and arrange the required solution.,Hostel/Provost Office
I want to report that the document attestation request was submitted before the deadline but still shows pending. The aplication was submitted within the announced dates. Please resolve the issue without further unnecessary delay.,Administrative Offices
"the hostel washroom was handled differently from the stated hostel rules. I would like the matter to be handled according to hostel rules. Because the issue is still unresolved, it is now affecting my normal university work. Kindly have the warden or relevant staff check this issue.",Hostel/Provost Office
the final exam result has not been shared with students. Please verify the record and correct it.,Academic
I need help because the printing system is not detecting the connected device. I have already checked this more than once. The IT team is requested to inspect and correct this.,IT Services
the LMS account shows an error whenever I try to submit work. I request technical support for this issue.,IT Services
"This is getting difficult, the official certificate request contains incorrect student information. The counter staff asked me to check again later, but there is still no progress. Please correct the record and confirm the updated status.",Administrative Offices
Can someone check why the scholarship payment has not been processed even though the documents were submitted. Kindly check the application and provide an update.,Administrative Offices
"There is a problem with the assignment grade is creating a clash with another registered course. I submitted the required application before the deadline. I have been trying to get this sorted out, but there has not been a clear resolution yet. Please update the record according to the submitted documents.",Academic
"I am having trouble because the official certificate request is not appearing in the official record. The counter staff asked me to check again later, but there is still no progress. Please correct the record and confirm the updated status.",Administrative Offices
I am writing regarding my clearance form has been pending without any clear update. I have already checked this more than once. The concerned office is requested to check and complete this matter.,Administrative Offices
I am facing an issue because the laboratory ventilation has been out of order for several days. The facility is currently difficult to use safely. I request urgent maintenance of this issue.,Maintenance & Facilities
I am having trouble because the admission document has been pending without any clear update. I request verification and completion of the pending process.,Administrative Offices
There is a problem with the classroom fan is making a loud noise throughout lectures. This is especially difficult when the room is full. I would be grateful if the responsible office could review the details instead of asking me to repeat the same process. Please check the problem and restore the facility.,Maintenance & Facilities
the common room was handled differently from the stated hostel rules. The problm is especially difficult during evening hours. Please ask the hostel administration to resolve it.,Hostel/Provost Office
I am writing regarding the hostel corridor lights has become worse this week. I have already checked this more than once. Kindly inspect the issue and arrange the required solution.,Hostel/Provost Office
the drainage line is not available when it is needed. Please arrange repair as soon as possible.,Maintenance & Facilities
my attendance record is creating a clash with another registered course. I need the corrected record for an upcoming academic requirement. Please check the matter before it affects my semester further.,Academic
There seems to be an issue with the transcript is showing the wrong course information. I have checked the portal more than once and the same problem remains. I would be grateful if the responsible office could review the details instead of asking me to repeat the same process. Please update the record according to the submitted documents.,Academic
I want to report that the hostel WiFi complaint record is making it difficult to stay in the room. This is affecting normal hostel routine. Please resolve this hostel-related problem soon.,Hostel/Provost Office
Could you please look into this: my university email does not send the verification message. Please resolve the technical problem before the deadline.,IT Services
"Could you please look into this: my hostel room allocation has not been resolved after repeated reporting. I would like the matter to be handled according to hostel rules. I have been trying to get this sorted out, but there has not been a clear resolution yet. Please take action and update me about the complaint.",Hostel/Provost Office
Could you please look into this: the laboratory ventilation has been left unrepaired since last week. Please send someone to inspect the location. Please have this facility repaired or replaced.,Maintenance & Facilities
"the room change request is making it difficult to stay in the room. I would like the matter to be handled according to hostel rules. Because the issue is still unresolved, it is now affecting my normal universty work. Kindly inspect the issue and arrange the required solution.",Hostel/Provost Office
the network connection keeps disconnecting during use. I request technical support for this issue.,IT Services
I want to report that the hostel gate procedure is creating an uncomfortable living situation. Kindly inspect the issue and arrange the required solution.,Hostel/Provost Office
the viva schedule is creating a clash with another registered course.,Academic
"Sir please check, the department elevator has loose parts that may cause an accident. The issue becomes worse during afternoon classes. I request urgent maintenance of this issue.",Maintenance & Facilities
"I need help because the exam date sheet is different from what appears on the departmental notice. I already contacted the relevant teacher but the record is unchanged. I have been trying to get this sorted out, but there has not been a clear resolution yet. Kindly investigate the discrepancy and make the required correction.",Academic
There is a problem with my roommate issue is creating hygiene concerns for residents. I have already checked this more than once. pls take action and update me about the complaint.,Hostel/Provost Office
the hostle gate procedure is making it difficult to stay in the room.,Hostel/Provost Office
the drinking water supply is producing a strong smell and needs maintenance.,Maintenance & Facilities
"the campus network works for a few minutes and then goes offline. I already changed the password, but the error remains. Because the issue is still unresolved, it is now affecting my normal university work. Please investigate the error and update the service.",IT Services
There is a problem with the mess food is still unresolved after several days. I have already submitted a request at the hostel office. Please ask the hostel administration to resolve it.,Hostel/Provost Office
"the room ceiling fan has been pending with the hostel office. I informed the hostel staff earlier, but the issue continues. Because the issue is still unresolved, it is now affecting my normal university work. Kindly inspect the issue and arrange the required solution.",Hostel/Provost Office
the room cleanliness requires inspection by hostel staff.,Hostel/Provost Office
"I have a problem, i am having trouble because the classroom projector has not been restored after an earlier complaint. I already changed the password, but the error remains. I would be grateful if the responsible office could review the details instead of asking me to repeat the same process. Please investigate the error and update the service.",IT Services
"my midterm marks is different from what appears on the departmental notice. The department office asked me to wait but there has been no update. Because the issue is still unresolved, it is now affecting my normal university work. Please update the record according to the submitted documents.",Academic
"There seems to be an issue with the hostel security desk is not available at the stated time. I have already submitted a request at the hostel office. I have been trying to get this sorted out, but there has not been a clear resolution yet. Please handle the matter according to hostel policy.",Hostel/Provost Office
the admission document has not been approved even after verification. I request verification and completion of the pending process.,Administrative Offices
"I want to bring this issue to your attention: the scholarship payment has not been processed even though the documents were submitted. The counter staff asked me to check again later, but there is still no progress. The concerned office is requested to check and complete this matter.",Administrative Offices
"There is a problem with the department elevator is not available when it is needed. Students are facing this problem every day. I have been trying to get this sorted out, but there has not been a clear resolution yet. Kindly resolve the maintenance problem at the earliest.",Maintenance & Facilities
"I am writing regarding the water cooler is producing a strong smell and needs maintenance. A maintenance complaint was already reported, but the problem remains. I would be grateful if the responsible office could review the details instead of asking me to repeat the same process. The concerned staff are requested to repair this promptly.",Maintenance & Facilities
Can someone check why my student card is not appearing in the official record. Please verify the record with the accounts or registrar ofice. I would be grateful if the responsible office could review the details instead of asking me to repeat the same process. Please resolve the issue without further unnecessary delay.,Administrative Offices
the room furniture is creating an uncomfortable living situation. I request the Provost Office to look into this matter.,Hostel/Provost Office
"I am facing an issue because the hostel corridor lights is creating repeated arguments among residents. I informed the hostel staff earlier, but the issue continues. I would be grateful if the responsible office could review the details instead of asking me to repeat the same process. Please take action and update me about the complaint.",Hostel/Provost Office
"I want to bring this issue to your attention: the classroom ceiling is overflowing during busy hours. The condition is affecting normal use of the area. I have been trying to get this sorted out, but there has not been a clear resolution yet. Please check the problem and restore the facility.",Maintenance & Facilities
"the university WiFi keeps disconnecting during use. Other university websites are opening normally. Because the issue is still unresolved, it is now affecting my normal university work. Please restore access as soon as possible.",IT Services
"I want to bring this issue to your attention: course registration does not reflect the form I submitted on time. Because of this error, I am unable to proceed with the next academic step. I have been trying to get this sorted out, but there has not been a clear resolution yet. pleas check the matter before it affects my semester further.",Academic
my GPA calculation was marked absent although I attended the class. The department office asked me to wait but there has been no update. I request the department to resolve this as soon as possible.,Academic
the room furniture is creating repeated arguments among residents. This is affecting normal hostel routine. I request the Provost Office to look into this matter.,Hostel/Provost Office
"Please help, the laboratory ventilation is damaged and unsafe to use. Please send someone to inspect the location. Please inspect the area and take the necessary action.",Maintenance & Facilities
"my attendance record is creating a clash with another registered course. The department office asked me to wait, but there has been no update. Please check the matter before it affects my semester further.",Academic
"Sir please check, i need help becase the exam date sheet has not been updated even though the instructor confirmed the correction. This issue is causing difficulty with my current semester planning. I have been trying to get this sorted out, but there has not been a clear resolution yet. Please review this issue and update the academic record.",Academic
"Sir please check, my student card is being delayed because the counter staff keep asking me to return later. The counter staff asked me to check again later, but there is still no progress. Please correct the record and confirm the updated status.",Administrative Offices
the duplicate student card request has not been processed even though the documents were submitted. This matter has remained unresolved for several working days. Please process the request and correct the record.,Administrative Offices
the hostel curfew entry is not available at the stated time.,Hostel/Provost Office
I am writing regarding the thesis progress review was uploaded late and now I cannot complete the next process. This issue is causing difficulty with my current semester planning. Please check the matter before it affects my semester further.,Academic
Please check why the accounts office receipt was entered under the wrong category. I have already checked this more than once. Please correct the recrod and confirm the updated status.,Administrative Offices
the admission document contains incorrect student information. pleas resolve the issue without further unnecessary delay.,Administrative Offices
the classroom ceiling is damaged and unsafe to use. Students are facing this problem every day. Please check the problem and restore the facility.,Maintenance & Facilities
"Please help, the electrical sockets has exposed wiring that should be inspected. The issue becomes worse during afternoon classes. Because the issue is still unresolved, it is now affecting my normal university work. Please have this facility repaired or replaced.",Maintenance & Facilities
the building staircase has exposed wiring that should be inspected.,Maintenance & Facilities
I need help becuase the toilet flush has loose parts that may cause an accident. The condition is affecting normal use of the area. I request urgent maintenance of this issue.,Maintenance & Facilities
I want to report that the hostel corridor lights has not been updated in the hostel record. Please check the hostel record for my earlier complaintt. I would be grateful if the responsible office could review the details instead of asking me to repeat the same process. Please ask the hostel administration to resolve it.,Hostel/Provost Office
I would like to complain that course registration still shows the old information after correction. I need the corrected record for an upcoming academic requirement. Could the concerned office please confirm the correct status?,Academic
I need help because the hostel washroom is creating repeated arguments among residents. I request the Provost Office to look into this matter.,Hostel/Provost Office
the room cleanliness is creating repeated arguments among residents. This is affecting normal hosel routine. Please handle the matter according to hostel policy.,Hostel/Provost Office
"Sir please check, the drinking water supply is overflowing during busy hours.",Maintenance & Facilities
I am having trouble because my GPA calculation has not been shared with students. I have already checked this more than once. I request the department to resolve this as soon as possible.,Academic
I am facing an issue because the hostel corridor lights has been pending with the hostel office. Please ask the hostel administration to resolve it.,Hostel/Provost Office
"Please help, i need help because my fee challan has not been processed even though the documents were submitted. This matter has remained unresolved for several working days. I have been trying to get this sorted out, but there has not been a clear resolution yet. Please ask the concerned administrative office to resolve this.",Administrative Offices
"There is a problem with the hostel room lock requires inspection by hostel staff. I informed the hostel staff earlier, but the issue continues. I have been trying to get this sorted out, but there has not been a clear resolution yet. Please ask the hostel administration to resolve it.",Hostel/Provost Office
my attendance record is creating a clash with another registered course.,Academic
"This is getting difficult, the mess timing is causing unnecessary difficulty at night.",Hostel/Provost Office
the email verification link shows a server error repeatedly. Other universty websites are opening normally. Please investigate the error and update the service.,IT Services
"I am writing regarding my fee challan is causing difficulty with another university process. The aplication was submitted within the announced dates. I have been trying to get this sorted out, but there has not been a clear resolution yet. Please process the request and correct the record.",Administrative Offices
my clearance form is not appearing in the official record. I have already visited the concerned office more than once. Kindly review the documents and process the request.,Administrative Offices
I need help because the final exam reslt is still missing from the student record. I have already checked this more than once. Kindly investigate the discrepancy and make the required correction.,Academic
the LMS course page does not accept my correct login details. Restarting the device did not solve the issue. Kindly ask IT support to resolve this problem.,IT Services
"I have a problem, could you please look into this: the registrar application does not match the payment receipt. The delay is creating difficulty with my semester matters. I have been trying to get this sorted out but there has not been a clear resolution yet. Please resolve the issue without further unnecessary delay.",Administrative Offices
"I need help because my clearance form has not been forwarded to the concerned office. The counter staff asked me to check again later, but there is still no progress. Please ask the concerned administrative office to resolve this.",Administrative Offices
Can someone check why the washroom plumbing has been left unrepaired since last week. I request urgent maintenance of this issue.,Maintenance & Facilities
I am writing regarding the room ceiling fan has not been updated in the hostel record. This is affecting normal hostel routine. I request the Provost Office to look into this matter.,Hostel/Provost Office
the mess food was handled differently from the stated hosel rules. I request the Provost Office to look into this matter.,Hostel/Provost Office
the classroom ceiling is overflowing during busy hours. The problemm is now affecting more than one class. Please have this facility repaired or replaced.,Maintenance & Facilities
"Sir please check, i want to bring this issue to your attention: my thesis supervision has not been shared with students. Other students in the same class can see the correct information. I would be grateful if the responsible office could review the details instead of asking me to repeat the same process. Please update the record according to the submitted documents.",Academic
I am writing regarding the parking area has been out of order for several days. The facility is currently difficult to use safely. pls arrange repair as soon as possible.,Maintenance & Facilities
the department elevator has been left unrepaired since last week.,Maintenance & Facilities
I am having trouble because the hostel washroom is not available at the stated time. I have already checked this more than once. Please handle the matter according to hostel policy.,Hostel/Provost Office
There is a problem with my clearance form has been delayed beyond the stated processing time. I have already checked this more than once. The concerned office is requested to check and complete this matter.,Administrative Offices
"I need help because the hosel curfew entry is creating repeated arguments among residents. I informed the hostel staff earlier, but the issue continues. I have been trying to get this sorted out, but there has not been a clear resolution yet. Please ask the hostel administration to resolve it.",Hostel/Provost Office
the watre cooler is damaged and unsafe to use. Please arrange repair as soon as possible.,Maintenance & Facilities
"the prerequisite approval still shows the old information after correction. The department office asked me to wait, but there has been no update. Because the issue is still unresolved, it is now affecting my normal university work. Please recheck the entry and let me know once it is fixed.",Academic
I need help because the lecture desk is blocked and water is collecting around it. The issue becomes worse during afternoon classes. Please inspect the area and take the necessary action.,Maintenance & Facilities
There seems to be an issue with the lecture room lights has been left unrepaired since last week. Students are facing this problem every day. I have been trying to get this sorted out but there has not been a clear resolution yet. Kindly resolve the maintenance problem at the earliest.,Maintenance & Facilities
I am writing regarding the document attestation request was submitted before the deadline but still shows pending. I would appreciate a clear status instead of being sent between offices. I would be grateful if the responsible office could review the details instead of asking me to repeat the same process. Please process the request and correct the record.,Administrative Offices
my CGPA does not reflect the form I submitted on time. I would appreciate verification from the concerned academic office. Please verify the record and correct it.,Academic
"This is getting difficult, please check why the prerequisite approval was changed without any explanation. I have already checked this more than once. I request the department to resolve this as soon as possible.",Academic
"I have a problem, there is a problem with the viva schedule was uploaded late and now I cannot complete the next process. I submitted the required application before the deadline. Please recheck the entry and let me know once it is fixed.",Academic
"I have a problem, i am writing regarding the room change request needs attention from the provost office. The issue needs attention before it becomes more serious. I have been trying to get this sorted out, but there has not been a clear resolution yet. pls resolve this hostel-related problem soon.",Hostel/Provost Office
Can someone check why the room change request is still unresolved after several days. I have already checked this more than once. Kindly have the warden or relevant staff check this issue.,Hostel/Provost Office
I want to report that the final exam result is preventing me from completing registration. I have already checked this more than once. Please verify the record and correct it.,Academic
the room furniture is creating hygiene concerns for residents. This is affecting normal hostel routine. Please take action and update me about the complaint.,Hostel/Provost Office
the room cleanliness is creating hygiene concerns for residents. Please take action and update me about the complaint.,Hostel/Provost Office
"Sir please check, there seems to be an issue with my fee challan has been delayed beyond the stated processing time. I have already checked this more than once. Please correct the record and confirm the updated status.",Administrative Offices
"Please help, the department printer is showing outdated information. Please restore access as soon as possible.",IT Services
the computer lab software does not send the verification message. Please check whether there is an account or server-side problem. The IT team is requested to inspect and correct this.,IT Services
There is a problem with the document attestation request does not match the payment receipt. I have already checked this more than once. Please resolve the issue without further unnecessary delay.,Administrative Offices
"I have a problem, the university server does not recognize my account. The problem started recently and has continued since then. Please check the account or system and fix the issue.",IT Services
"my roommate issue is not available at the stated time. I have already submitted a request at the hostel office. Because the issue is still unresolved, it is now affecting my normal university work. Please ask the hostel administration to resolve it.",Hostel/Provost Office
"Sir please check, there is a problem with the duplicate student card request was supposed to be completed earlier but remains unresolved. The application was submitted within the announced dates. I have been trying to get this sorted out, but there has not been a clear resolution yet. Please correct the record and confirm the updated status.",Administrative Offices
the room furniture was handled differently from the stated hostel rules. This is affecting normal hostel routine. Please take action and update me about the complaint.,Hostel/Provost Office
I am facing an issue because my CGPA was entered under the wrong course code. This issue is causing difficulty with my current semester planning. I would be grateful if the responsible office could review the details instead of asking me to repeat the same process. Kindly review this issue and update the academic record.,Academic
I am facing an issue because the hostel curfew entry is not being handled according to the hostel procedure. Several residents on the floor are facing the same problem. I would be grateful if the responsible office could review the details instead of asking me to repeat the same process. Kindly inspect the issue and arrange the required solution.,Hostel/Provost Office
"Please help, the official certificate request has no status update despite repeated visits. I would appreciate a clear status instead of being sent between offices. The concerned office is requested to check and complete this matter.",Administrative Offices
I need help because the student portal keeps disconnecting during use. I reported this earlier to the IT desk but it is still unresolved. Please restore access as soon as possible.,IT Services
"Sir please check, i want to bring this issue to your attention: the university server keeps disconnecting during use. Please investigate the error and update the service.",IT Services
I am facing an issue because the toilet flush has broken fittings. The facility is currently difficult to use safely. Kindly resolve the maintenance problem at the earliest.,Maintenance & Facilities
the hostel corridor lights is creating repeated arguments among residents. Kindly inspect the issue and arrange the required solution.,Hostel/Provost Office
"I am facing an issue because the toilet flush is blocked and water is collecting around it. Students are facing this problem every day. I have been trying to get this sorted out, but there has not been a clear resolution yet. Please inspect the area and take the necessary action.",Maintenance & Facilities
I am having trouble because the semester timetable is different from what appears on the departmental notice. I have already checked this more than once. Please verify the record and correct it.,Academic
I need help because the parking area has been out of order for several days. Please send someone to inspect the location. Please check the problem and restore the facility.,Maintenance & Facilities
"my thesis supervision was entered under the wrong course code. The department office asked me to wait, but there has been no update. Please recheck the entry and let me know once it is fixed.",Academic
Please check why the hostel security desk is making it difficult to stay in the room. I have already checked this more than once. The concerned hostel staff are requested to take action.,Hostel/Provost Office
"I would like to complain that the duplicate student card request contains incorrect student information. I would appreciate a clear status instead of being sent between offices. I have been trying to get this sorted out, but there has not been a clear resolution yet. Please resolve the issue without further unnecessary delay.",Administrative Offices
I am writing regarding my CGPA was changed without any explanation. I would appreciate verification from the concerned academic office. Could the concerned office please confirm the correct status?,Academic
"the prerequisite approval was not accepted even though I met the deadline. The department office asked me to wait, but there has been no update. Please recheck the entry and let me know once it is fixed.",Academic
I am writing regarding the campus network is not detecting the connected device. I have already checked this more than once. Please investigate the error and update the service.,IT Services
I am facing an issue because my fee challan has not been issued yet. I have already checked this more than once. Please process the request and correct the record.,Administrative Offices
"Please help, the student portal keeps disconnecting during use. Please check whether there is an account or server-side problem. The IT team is requested to inspect and correct this.",IT Services
"I have a problem, i want to report that the corridor lights has not been repaired after an earlier complaint. I have already checked this more than once. Please have this facility repaired or replaced.",Maintenance & Facilities
"my financial aid application has not been approved even after verification. The counter staff asked me to check again later, but there is still no progress. Please resolve the issue without further unnecessary delay.",Administrative Offices
"Please check why the accounts office receipt shows an incorrect amount. Please verify the record with the accounts or registrar office. I have been trying to get this sorted out, but there has not been a clear resolution yet. Kindly check the application and provide an update.",Administrative Offices
Please check why the makeup exam request shows a value that does not match the marks announced in class. Other students in the same class can see the correct information. I would be grateful if the responsible ofice could review the details instead of asking me to repeat the same process. Please recheck the entry and let me know once it is fixed.,Academic
the result card has not been approved despite repeated follow-up. Kindly review this issue and update the academic record.,Academic
the studnet portal does not send the verification message.,IT Services
I want to report that course registration was not accepted even though I met the deadline. Other students in the same class can see the correct information. I would be grateful if the responsible office could review the details instead of asking me to repeat the same process. I request the department to resolve this as soon as possible.,Academic
"Hi, the room ceiling fan has been pending with the hostel office. The condition has been causing inconvenience for several days. Because the issue is still unresolved, it is now affecting my normal university work. Please resolve this hostel-related problem soon.",Hostel/Provost Office
I am writing regarding the mess food has become worse this week. This is affecting normal hostel routine. Please ask the hostel administration to resolve it.,Hostel/Provost Office
"Hi, the building staircase is leaking and making the floor wet. Please send someone to inspect the location. Please arrange repair as soon as possible.",Maintenance & Facilities
Please check why the classroom fan has been left unrepaired since last week. I have already checked this more than once. Please check the problem and restore the facility.,Maintenance & Facilities
"the student portal keeps disconnecting during use. Other university websites are opening normally. Because the issue is still unresolved, it is now affecting my normal university work. Kindly ask IT support to resolve this problem.",IT Services
"There seems to be an issue with the building staircase is damaged and unsafe to use. The problm is now affecting more than one class. I have been trying to get this sorted out, but there has not been a clear resolution yet. I request urgent maintenance of this issue.",Maintenance & Facilities
I would like to complain that the universirty WiFi shows a server error repeatedly. Other university websites are opening normally. Kindly check the network or account configuration.,IT Services
There seems to be an issue with the password reset service keeps disconnecting during use. Other university websites are opening normally. Please resolve the technical problem before the deadline.,IT Services
"Can u check this, there seems to be an issue with the department printer does not accept my correct login details. Please check the account or system and fix the issue.",IT Services
"Can someone check why the network connection does not recognize my account. I tried from more than one device and the problem is the same. I have been trying to get this sorted out, but there hasnt been a clear resolution yet. Kindly ask IT support to resolve this problem.",IT Services
I need help because the hot wter facility is not working properly. I have already checked this more than once. Please resolve this hostel-related problem soon.,Hostel/Provost Office
I would like to complain that my portal login is not connected to the campus network. Please investigate the error and update the service.,IT Services
I need help because the admission status contains incorrect student information. I have already checked this more than once. Please correct the record and confirm the updated status.,Administrative Offices
the lab computer does not recognize my account. Restarting the device did not solve the issue. Please investigate the error and update the service.,IT Services
Can someone check why the admission document was supposed to be completed earlier but remains unresolved. I have already checked this more than once. Please resolve the issue without further unnecessary delay.,Administrative Offices
my thesis supervision was not accepted even though I met the deadline.,Academic
There is a problem with the hostel washroom has not been updated in the hostel record. I have already checked this more than once. Kindly inspect the issue and arrange the required solution.,Hostel/Provost Office
"I have a problem, the drinking water supply is causing difficulty for students during lectures.",Maintenance & Facilities
the laundry area has become worse this week.,Hostel/Provost Office
I need help because the bonafide certificate shows an incorrect amount. I have already checked this more than once. Please correct the record and confirm the updated status.,Administrative Offices
I need help because the course section has not been shared with students. Please check the matter before it affects my semester further.,Academic
I am having trouble because the semester timetable is showing the wrong course information. I have already checked this more than once. pleas check the matter before it affects my semester further.,Academic
There is a problem with the hostel cleaning schedule has not been resolved after repeated reporting. The problem is especially difficult during evening hours. I have been trying to get this sorted out but there has not been a clear resolution yet. Please ask the hostel administration to resolve it.,Hostel/Provost Office
the hostel corridor lights is creating repeated arguments among residents. The issue needs attention before it becomes more serious. The concerned hostel staff are requested to take action.,Hostel/Provost Office
I am writing regarding the hostel cleaning schedule has become worse this week. The condition has been causing inconvenience for several days. I would be grateful if the responsible office could review the details instead of asking me to repeat the same process. pleas take action and update me about the complaint.,Hostel/Provost Office
"This is getting difficult, the drinking water supply is producing a strong smell and needs maintenance. This is especially difficult when the room is full. Please send the maintenance team to inspect and fix it.",Maintenance & Facilities
the corridor lights is blocked and water is collecting around it. The issue becomes worse during afternoon classes. Please arrange repair as soon as possible.,Maintenance & Facilities
the final exam result was changed without any explanation. Kindly review this issue and update the academic record.,Academic
I am having trouble because the room change request is creating an uncomfortable living situation. Several residents on the floor are facing the same problem. I request the Provost Office to look into this matter.,Hostel/Provost Office
the hostel cleaning schedule requires inspection by hostel staff. Kindly have the warden or relevant staff check this issue.,Hostel/Provost Office
"Can u check this, my clearance form was returned without explaining what is missing. This matter has remained unresolved for several working days. becuase the issue is still unresolved, it is now affecting my normal university work. Please ask the concerned administrative office to resolve this.",Administrative Offices
I am writing regarding the final exam result is different from what appears on the departmental notice. I have already checked this more than once. Kindly investigate the discrepancy and make the required correction.,Academic
my attendance record hasnt been approved despite repeated follow-up.,Academic
"I am facing an issue because the result card was entered under the wrong course code. Because of this error, I am unable to proceed with the next academic step. Please recheck the entry and let me know once it is fixed.",Academic
the mess timing is making it difficult to stay in the room. Several residents on the floor are facing the same problem. Kindly have the warden or relevant staff check this issue.,Hostel/Provost Office
"Please help, i am facing an issue becase the hostel washroom is still unresolved after several days. This is affecting normal hostel routine. I would be grateful if the responsible office could review the details instead of asking me to repeat the same process. Please inspect the issue and arrange the required solution.",Hostel/Provost Office
"the hostel WiFi complaint record is creating an uncomfortable living situation. The warden was informed, but I have not received any update. Because the issue is still unresolved, it is now affecting my normal university work. Kindly have the warden or relevant staff check this issue.",Hostel/Provost Office
I need help because the viva schedule is creating a clash with another registered course. I already contacted the relevant teacher but the record is unchanged. pleas recheck the entry and let me know once it is fixed.,Academic
There is a problem with the hostel gate procedure is still unresolved after several days. I have already checked this more than once. Please handle the matter according to hostel policy.,Hostel/Provost Office
"pleas check why my clearance form does not match the payment receipt. The delay is creating difficulty with my semester matters. I have been trying to get this sorted out, but there has not been a clear resolution yet. Please ask the concerned administrative office to resolve this.",Administrative Offices
I am writing regarding the computer lab software works for a few minutes and then goes offline. Kindly ask IT support to resolve this problem.,IT Services
my financial aid application was submitted before the deadline but still shows pending. The delay is creating difficulty with my semester matters. Please ask the concerned administrative office to resolve this.,Administrative Offices
Can someone check why the printing system does not send the verification message. I have already checked this more than once. Please resolve the technical problem before the deadline.,IT Services
I would like to complain that the hot water facility is creating an uncomfortable living situation. The problem is especially difficult during evening hours. I would be grateful if the responsible office could review the details instead of asking me to repeat the same process. Please handle the matter according to hostel policy.,Hostel/Provost Office
the hostel security desk is causing problems for residents every day. Several residents on the floor are facing the same problem. Please take action and update me about the complant.,Hostel/Provost Office
Could you please look into this: the official certificate request contains incorrect student information. I have already checked this more than once. Kindly check the application and provide an update.,Administrative Offices
"Can someone check why the thesis progress review does not include marks for work that I submitted. The supporting document was submitted at the department office. I have been trying to get this sorted out, but there has not been a clear resolution yet. I request the department to resolve this as soon as possible.",Academic
"Can u check this, the viva schedule is still missing from the student record. I have checked the portal more than once and the same problem remains. Please update the record according to the submitted documents.",Academic
I want to report that the room furniture needs attention from the provost office. Please check the hostel record for my earlier complaint. I would be grateful if the responsible office could review the details instead of asking me to repeat the same process. Please resolve this hostel-related problem soon.,Hostel/Provost Office
I want to report that the official certificate request is being delayed because the counter staff keep asking me to return later. I have already visited the concerned office more than once. I would be grateful if the responsible office could review the details instead of asking me to repeat the same process. Please resolve the issue without further unnecessary delay.,Administrative Offices
"I need help because my clearance form is being delayed because the counter staff keep asking me to return later. The application was submitted within the announced dates. I have been trying to get this sorted out, but there has not been a clear resolution yet. Please resolve the issue without further unnecessary delay.",Administrative Offices
"Hi, the admission status was submitted before the deadline but still shows pending.",Administrative Offices
I need help becuase the admission status was marked incomplete although all listed documents were attached. I would appreciate a clear status instead of being sent between offices. Kindly review the documents and process the request.,Administrative Offices
the water cooler is creating an uncomfortable environment in the room. The area is frequently used by students and staff. Kindly send the maintenance team to inspect and fix it.,Maintenance & Facilities
"I have a problem, please check why the admission status is not appearing in the official record. Please resolve the issue without further unnecessary delay.",Administrative Offices
the bonafide certificate contains incorrect student information. Please ask the concerned administrative office to resolve this.,Administrative Offices
I want to report that the LMS account is showing outdated information. I need access before the current submission deadline. I would be grateful if the responsible ofice could review the details instead of asking me to repeat the same process. Kindly check the network or account configuration.,IT Services
"Sir please check, could you please look into this: the result card is creating a clash with another registered course. I submitted the required application before the deadline. Please investigate the discrepancy and make the required correction.",Academic
"Hi, i want to bring this issue to your attention: my attendance record was not accepted even though I met the deadline. I have already checked this more than once. Please verify the record and correct it.",Academic
the hostel gate procedure hasnt been repaired despite an earlier request. The problemm is especially difficult during evening hours. Kindly inspect the issue and arrange the required solution.,Hostel/Provost Office
the classroom windows is overflowing during busy hours.,Maintenance & Facilities
course registration does not reflect the form I submitted on time. I submitted the required application before the deadline. Please check the matter before it affects my semester further.,Academic
"Hi, there is a problem with the hostel room lock has become worse this week. I have already submitted a request at the hostel office. I have been trying to get this sorted out, but there has not been a clear resolution yet. I request the Provost Office to look into this matter.",Hostel/Provost Office
plz check why the semester timetable contains an error that is affecting my semester record. I already contacted the relevant teacher but the record is unchanged. Please verify the record and correct it.,Academic
Could you please look into this: the lecture desk has been left unrepaired since last week. Please check the problem and restore the facility.,Maintenance & Facilities
I am facing an issue because the makeup exam request does not reflect the form I submitted on time. This issue is causing difficulty with my current semester planning. Please check the matter before it affects my semester further.,Academic
"Hi, the hostel corridor lights is affecting basic hostel facilities.",Hostel/Provost Office
the university WiFi does not accept my correct login details. This is affecting my ability to complete university work. Please resolve the technical problem before the deadline.,IT Services
Please check why the lab internet connection is not syncing with my student account. This is affecting my ability to complete university work. I would be grateful if the responsible office could review the details instead of asking me to repeat the same process. Kindly check the network or account configuration.,IT Services
the LMS account hasnt been restored after an earlier complaint.,IT Services
my fee challan is stuck between two administrative offices. Please ask the concerned administrative office to resolve this.,Administrative Offices
Could you please look into this: the network connection is not loading the required page. I tried from more than one device and the problemm is the same. Please check the account or system and fix the issue.,IT Services
I am facing an issue because the assignment grade still shows the old information after correction. I have already checked this more than once. I request the department to resolve this as soon as possible.,Academic
the lecture room lights is making a loud noise throughout lectures. The problem is now affecting more than one class. Please inspect the area and take the necessary action.,Maintenance & Facilities
There seems to be an issue with my midterm marks was marked absent although I attended the class. I would appreciate verification from the concerned academic office. I would be grateful if the responsible office could review the details instead of asking me to repeat the same process. I request the department to resolve this as soon as possible.,Academic
the admission status is being delayed because the counter staff keep asking me to return later. The delay is creating difficulty with my semester matters. Kindly check the application and provide an update.,Administrative Offices
I want to bring this issue to your attention: the campus network is rejecting files that meet the stated requirements. I have already checked this more than once. Please investigate the error and update the service.,IT Services
"Im facing an issue because the mess food has become worse this week. Several residents on the floor are facing the same problem. I have been trying to get this sorted out, but there hasnt been a clear resolution yet. Please ask the hostle administration to resolve it.",Hostel/Provost Office
Can someone check why the corridor lights is leaking and making the floor wet. I have already checked this more than once. pleas have this facility repaired or replaced.,Maintenance & Facilities
"I have a problem, the room furniture has not been repaired despite an earlier request. The warden was informed, but I have not received any update. plz take action and update me about the complaint.",Hostel/Provost Office
"There is a problem with my university email shows a server error repeatedly. I need access before the current submission deadline. I have been trying to get this sorted out, but there has not been a clear resolution yet. Kindly check the network or account configuration.",IT Services
"I have a problem, i am having trouble because the hostel room lock requires inspection by hostel staff. Several residents on the floor are facing the same problem. I request the Provost Office to look into this matter.",Hostel/Provost Office
I am writing regarding the official certificate request was marked incomplete although all listed documents were attached. The required documents and receipt were submitted. I request verification and completion of the pending process.,Administrative Offices
I would like to complain that the lab computer is not connected to the campus network. I have already checked this more than once. pleas check the account or system and fix the issue.,IT Services
"Hi, the laundry area was handled differently from the stated hostel rules. This is affecting normal hostel routine. plz inspect the issue and arrange the required solution.",Hostel/Provost Office
"Sir please check, the hostel security desk is causing unnecessary difficulty at night. The condition has been causing inconvenience for several days. Because the issue is still unresolved, it is now affecting my normal university work. Please take action and update me about the complaint.",Hostel/Provost Office
Can someone check why the admission document was submitted before the deadline but still shows pending. I would appreciate a clear status instead of being sent between offices. I have been trying to get this sorted out but there has not been a clear resolution yet. Please correct the recoard and confirm the updated status.,Administrative Offices
I need help because the network connection fails before the process is completed. Please check the account or system and fix the issue.,IT Services
I am facing an issue because the room furniture has become worse this week. I have already checked this more than once. Please handle the matter according to hostel policy.,Hostel/Provost Office
"I want to report that my hostel room allocation was reported to the warden but no action has been taken. The warden was informed, but I have not received any update. I have been trying to get this sorted out, but there has not been a clear resolution yet. I request the Provost offce to look into this matter.",Hostel/Provost Office
the computer lab software is extremely slow during class hours. I tried from more than one device and the problem is the same. I request technical support for this issue.,IT Services
the toilet flush is not providing adequate service. This is especially difficult when the room is full. The concerned staff are requested to repair this promptly.,Maintenance & Facilities
"I have a problem, please check why my roommate issue has not been repaired despite an earlier request. Please have the warden or relevant staff check this issue.",Hostel/Provost Office
I need help because the biometric attendance machine is preventing me from accessing course material. Please investigate the error and update the service.,IT Services
the makeup exam request still shows the old information after correction. I request the department to resolve this as soon as possible.,Academic
"Sir please check, the classroom projector is not connected to the campus network. I already changed the password, but the error remains. Because the issue is still unresolved, it is now affecting my normal university work. Please check the account or system and fix the issue.",IT Services
I want to bring this issue to your attention: the LMS course page shows a server error repeatedly. I have already checked this more than once. The IT team is requested to inspect and correct this.,IT Services
Could you please look into this: the air conditioner is not providing adequate service. The issue becomes worse during afternoon classes. I would be grateful if the responsible office could review the details instead of asking me to repeat the same process. Please arrange repair as soon as possible.,Maintenance & Facilities
the accounts office receipt is not appearing in the official record. Please resolve the issue without further unnecessary delay.,Administrative Offices
I would like to complain that the admission status is not appearing in the official record. The delay is creating difficulty with my semester matters. pleas process the request and correct the record.,Administrative Offices
I need help because the campus network shows a server error repeatedly. I have already checked this more than once. pls restore access as soon as possible.,IT Services
the admission status contains incorrect student information. Kindly check the application and provide an update.,Administrative Offices
"Sir please check, i am writing regarding the online registration portal keeps disconnecting during use. I have already checked this more than once. Please resolve the technical problem before the deadline.",IT Services
"This is getting difficult, the laboratory ventilation is not working properly during class hours.",Maintenance & Facilities
I need help because the network connection is not detecting the connected device. I have already checked this more than once. Please restore access as soon as possible.,IT Services
I would like to complain that the scholarship payment was submitted before the deadline but still shows pending. Please ask the concerned administrative office to resolve this.,Administrative Offices
I am having trouble because the hostel security refund is stuck between two administrative offices. I have already checked this more than once. Kindly review the documents and process the request.,Administrative Offices
I want to bring this issue to your attention: the lecture room lights keeps stopping and starting. I have already checked this more than once. pls have this facility repaired or replaced.,Maintenance & Facilities
"the drainage line needs urgent cleaning and maintenance. The facility is currently difficult to use safely. Because the issue is still unresolved, it is now affecting my normal university work. Please check the problem and restore the facility.",Maintenance & Facilities
"There is a problem with the washroom plumbing has broken fittings. A maintenance complaint was already reported, but the problem remains. The concerned staff are requested to repair this promptly.",Maintenance & Facilities
"Please help, the hostel security refund contains incorrect student information.",Administrative Offices
"the online registration portal keeps disconnecting during use. I already changed the password, but the error remains. Because the issue is still unresolved, it is now affecting my normal university work. Please resolve the technical problemm before the deadline.",IT Services
I am writing regarding the building staircase needs urgent cleaning and maintenance. Students are facing this problemm every day. Please inspect the area and take the necessary action.,Maintenance & Facilities
the admission fee record was marked incomplete although all listed documents were attached.,Administrative Offices
"Hi, i want to bring this issue to your attention: the common room is not available at the stated time. I have already checked this more than once. Please have the warden or relevant staff check this issue.",Hostel/Provost Office
"Can u check this, the printing system has been unavailable since this morning.",IT Services
Can someone check why the admission status has not been processed even though the documents were submitted. Please correct the record and confirm the updated status.,Administrative Offices
the room change request is not working properly. The issue needs attention before it becomes more serious. Kindly inspect the issue and arrange the required solution.,Hostel/Provost Office
I am facing an issue because the registered credit hours is preventing me from completing registration. I have already checked this more than once. Could the concerned office please confirm the correct status?,Academic
"This is getting difficult, the water cooler is in poor condition and needs replacement. A maintenance complaint was already reported, but the problem remains. Please inspect the area and take the necessary action.",Maintenance & Facilities
I want to bring this issue to your attention: the mess food is causing unnecessary difficulty at night. The problem is especially difficult during evening hours. Kindly inspect the issue and arrange the required solution.,Hostel/Provost Office
"the washroom plumbing has been out of order for several days. A maintenance complaint was already reported, but the problem remains. Please have this facility repaired or replaced.",Maintenance & Facilities
"Sir please check, i need help because my degree verification request is not appearing in the official record. This matter has remained unresolved for several working days. I would be grateful if the responsible office could review the details instead of asking me to repeat the same process. Please check the application and provide an update.",Administrative Offices
"I need help because the password reset service does not recognize my account. I need access before the current submission deadline. I have been trying to get this sorted out, but there has not been a clear resolution yet. Kindly ask IT support to resolve this problemm.",IT Services
the semester timetable does not include markss for work that I submitted. Other students in the same class can see the correct information. Please update the record according to the submitted documents.,Academic
I need help because my clearance form shows an incorrect amount. The required documents and receipt were submitted. Please ask the concerned administrative office to resolve this.,Administrative Offices
There is a problem with my portal login keeps disconnecting during use. The issue occurs both in the lab and on my own device. Kindly check the network or account configuration.,IT Services
"the document attestation request was marked incomplete although all listed documents were attached. I would appreciate a clear status instead of being sent between offices. Because the issue is still unresolved, it is now affecting my normal university work. Please ask the concerned administrative office to resolve this.",Administrative Offices
Could you please look into this: the online registration portal has stopped working after the latest update. Kindly check the network or account configuration.,IT Services
Please check why the drainage line has loose parts that may cause an accident. The condition is affecting normal use of the area. I would be grateful if the responsible office could review the details instead of asking me to repeat the same process. I request urgent maintenance of this issue.,Maintenance & Facilities
"I want to report that the registered credit hours is different from what appears on the departmental notice. The department office asked me to wait, but there has been no update. Please recheck the entry and let me know once it is fixed.",Academic
I am writing regarding my clearance form needs correction in the administrative record. The required documents and receipt were submitted. Kindly check the application and provide an update.,Administrative Offices
Please check why the network connection keeps disconnecting during use. I have already checked this more than once. Please resolve the technical problemm before the deadline.,IT Services
the network connection is showing outdated information. Kindly ask IT support to resolve this problem.,IT Services
Please check why the campus network keeps disconnecting during use. The issue occurs both in the lab and on my own device. I have been trying to get this sorted out but there has not been a clear resolution yet. Kindly ask IT support to resolve this problem.,IT Services
"Please help, the admission status was returned without explaining what is missing. I would appreciate a clear status instead of being sent between offices. Please correct the record and confirm the updated status.",Administrative Offices
the LMS course page does not send the verification message. Please resolve the technical problem before the deadline.,IT Services
"Hi, i am having trouble because course registration has an incorrect total after the latest update. The department office asked me to wait but there has been no update. Please check the matter before it affects my semester further.",Academic
There seems to be an issue with my thesis supervision has been pending for several days. I already contacted the relevant teacher but the record is unchanged. I request the deparment to resolve this as soon as possible.,Academic
my thesis supervision is creating a clash with another registered course. The supporting document was submitted at the department office. I request the department to resolve this as soon as possible.,Academic
"Could you please look into this: the result card is still missing from the student record. I would appreciate verification from the concerned academic office. I have been trying to get this sorted out, but there has not been a clear resolution yet. Please update the record according to the submitted documents.",Academic
"This is getting difficult, the mess timing has not been updated in the hostel record. pls ask the hostel administration to resolve it.",Hostel/Provost Office
"Hi, there is a problem with the scholarship payment is not appearing in the official record. The delay is creating difficulty with my semester matters. Please correct the record and confirm the updtaed status.",Administrative Offices
Please check why the migration certificate is not appearing in the official record. I have already checked this more than once. Please correct the record and confirm the updated status.,Administrative Offices
"plz check why the drainage line is damaged and unsafe to use. The facility is currently difficult to use safely. I have been trying to get this sorted out, but there has not been a clear resolution yet. Please inspect the area and take the necessary action.",Maintenance & Facilities
I would like to complain that my GPA calculation was marked absent although I attended the class. I need the corrected record for an upcoming academic requirement. Please check the matter before it affects my semester further.,Academic
my clearance form does not match the payment receipt. The delay is creating difficulty with my semester matters. Please ask the concerned administrative office to resolve this.,Administrative Offices
Please check why the transcript was entered under the wrong course code. Please verify the record and correct it.,Academic
"I need help because the assignment grade was changed without any explanation. I already contacted the relevant teacher but the record is unchanged. I have been trying to get this sorted out, but there has not been a clear resolution yet. Kindly review this issue and update the academic record.",Academic
Please check why the lab computer fails before the process is completed. This is affecting my ability to complete university work. I have been trying to get this sorted out but there hasnt been a clear resolution yet. Please investigate the error and update the service.,IT Services
the air conditioner keeps stopping and starting. Please arrange repair as soon as possible.,Maintenance & Facilities
"my attendance record was changed without any explanation. Because of this error, I am unable to proceed with the next academic step. Could the concerned office please confirm the correct status?",Academic
"This is getting difficult, the mess food is affecting basic hostel facilities. The condition has been causing inconvenience for several days. I request the Provost Office to look into this matter.",Hostel/Provost Office
"the classroom ceiling needs urgent cleaning and maintenance. The area is frequently used by students and staff. Because the issue is still unresolved, it is now affecting my normal university work. Kindly resolve the maintenance problem at the earliest.",Maintenance & Facilities
I am having trouble because the room ceiling fan was handled differently from the stated hostel rules. The issue needs attention before it becomes more serious. I would be grateful if the responsible office could review the details instead of asking me to repeat the same process. The concerned hostel staff are requested to take action.,Hostel/Provost Office
"I am writing regarding the hostel WiFi complaintt record is creating repeated arguments among residents. I informed the hostel staff earlier, but the issue continues. I would be grateful if the responsible office could review the details instead of asking me to repeat the same process. Please ask the hostel administration to resolve it.",Hostel/Provost Office
Can someone check why the laboratory ventilation keeps stopping and starting. I have already checked this more than once. Please have this facility repaired or replaced.,Maintenance & Facilities
"Can u check this, i would like to complain that my portal login has not been restored after an earlier complaint. I have already checked this more than once. The IT team is requested to inspect and correct this.",IT Services
the prerequisite approval is showing the wrong course information. This issue is causing difficulty with my current semester planning. I request the department to resolve this as soon as possible.,Academic
the corridor lights is not providing adequate service. Please send someone to inspect the location. The concerned staff are requested to repair this promptly.,Maintenance & Facilities
"Please help, the printing system does not recognize my account. This is affecting my ability to complete university work. Please ask IT support to resolve this problem.",IT Services
the hostel gate procedure is not being handled according to the hostel procedure. Please check the hostel record for my earlier complaint. Please ask the hostel administration to resolve it.,Hostel/Provost Office
the mess food is not working properly.,Hostel/Provost Office
Please check why the online registration portal shows a server error repeatedly. Other university websites are opening normally. I request technical support for this issue.,IT Services
"the admission document was returned without explaining what is missing. The counter staff asked me to check again later, but there is still no progress. Because the issue is still unresolved, it is now affecting my normal university work. Please process the request and correct the record.",Administrative Offices
the admission fee record has not been forwarded to the concerned office. This matter has remained unresolved for several working days. The concerned office is requested to check and complete this matter.,Administrative Offices
"Please check why the admission status shows an incorrect amount. I need the document for another university process. I have been trying to get this sorted out, but there has not been a clear resolution yet. Please correct the record and confirm the updated status.",Administrative Offices
"I would like to complain that the hostel room lock hasnt been repaired despite an earlier request. The warden was informed, but I have not received any update. I would be grateful if the responsible office could review the details instead of asking me to repeat the same process. The concerned hostel staff are requested to take action.",Hostel/Provost Office
I need help because the admission fee record was returned without explaining what is missing. Kindly check the application and provide an update.,Administrative Offices
the fee refund request has not been approved even after verification. I have kept a copy of the submitted form and payment receipt. Please correct the record and confirm the updated status.,Administrative Offices
There seems to be an issue with my thesis supervision is showing the wrong course information. I have already checked this more than once. Please recheck the entry and let me know once it is fixed.,Academic
There is a problem with the room change request is creating repeated arguments among residents. I have already checked this more than once. I request the Provost Office to look into this matter.,Hostel/Provost Office
There is a problem with my thesis supervision is preventing me from completing registration. I would appreciate verification from the concerned academic office. Please check the matter before it affects my semester further.,Academic
I need help because my roommate issue is creating an uncomfortable living situation. Please resolve this hostel-related problem soon.,Hostel/Provost Office
"Sir please check, there is a problem with my CGPA has been pending for several days. Please check the matter before it affects my semester further.",Academic
I want to bring this issue to your attention: the room change request hasnt been resolved after repeated reporting. The issue needs attention before it becomes more serious. Please take action and update me about the complaint.,Hostel/Provost Office
"the viva schedule is still missing from the student record. The department office asked me to wait, but there has been no update. Please update the record according to the submitted documents.",Academic
I want to report that the laboratory ventilation is in poor condition and needs replacement. It would be better to repair it before the damage increases. Kindly send the maintenance team to inspect and fix it.,Maintenance & Facilities
I am having trouble because the makeup exam request contains an error that is affecting my semester record. Kindly investigate the discrepancy and make the required correction.,Academic
I want to bring this issue to your attention: the hostel WiFi complaint record was reported to the warden but no action has been taken. Please check the hostel record for my earlier complaint. Kindly have the warden or relevant staff check this issue.,Hostel/Provost Office
There is a problem with the hostel water supply has not been repaired despite an earlier request. Several residents on the floor are facing the same problem. Please resolve this hostel-related problem soon.,Hostel/Provost Office
Please check why the room furniture was handled differently from the stated hostel rules. The warden was informed but I have not received any update. The concerned hostel staff are requested to take action.,Hostel/Provost Office
There seems to be an issue with the mess timing is not working properly. I have already checked this more than once. Kindly have the warden or relevant staff check this issue.,Hostel/Provost Office
Could you please look into this: the drainage line has exposed wiring that should be inspected. The area is frequently used by students and staff. Please check the problem and restore the facility.,Maintenance & Facilities
the semester timetable has not been shared with students. Other students in the same class can see the correct information. Please verify the record and correct it.,Academic
I am having trouble because my roommate issue is not available at the stated time. The condition has been causing inconvenience for several days. Please resolve this hostel-related problem soon.,Hostel/Provost Office
"the room furniture is not available at the stated time. I have already submitted a request at the hostel office. Because the issue is still unresolved, it is now affecting my normal university work. Kindly inspect the issue and arrange the required solution.",Hostel/Provost Office
There seems to be an issue with my attendance record is still missing from the student record. I have already checked this more than once. I request the department to resolve this as soon as possible.,Academic
"Please check why the classroom chairs is leaking and making the floor wet. A maintenance complaint was already reported, but the problem remains. I have been trying to get this sorted out, but there has not been a clear resolution yet. Please arrange repair as soon as possible.",Maintenance & Facilities
"the laundry area is causing problems for residents every day. The issue needs attention before it becomes more serious. Because the issue is still unresolved, it is now affecting my normal universirty work. The concerned hostel staff are requested to take action.",Hostel/Provost Office
my student card was marked incomplete although all listed documents were attached. This matter has remained unresolved for several working days. Kindly review the documents and process the request.,Administrative Offices
"I want to report that the registered credit hours is showing the wrong course information. The department offce asked me to wait, but there has been no update. I would be grateful if the responsible office could review the details instead of asking me to repeat the same process. Please verify the record and correct it.",Academic
Please check why the thesis progress review is still missing from the student record. I have already checked this more than once. Please update the record according to the submitted documents.,Academic
the hostel WiFi complaint record is creating repeated arguments among residents. I would like the matter to be handled according to hostel rules. I request the Provost Office to look into this matter.,Hostel/Provost Office
Im writing regarding the mess food is creating repeated arguments among residents. The problem is especially difficult during evening hours. Please resolve this hostel-related problem soon.,Hostel/Provost Office
"Please help, the backup generator keeps stopping and starting.",Maintenance & Facilities
"Hi, i want to report that the laundry area has not been resolved after repeated reporting. I have already checked this more than once. Please have the warden or relevant staff check this issue.",Hostel/Provost Office
There seems to be an issue with the hostle water supply is creating an uncomfortable living situation. Please handle the matter according to hostel policy.,Hostel/Provost Office
There seems to be an issue with the room change request is not being handled according to the hostel procedure. Please check the hostel record for my earlier complaint. The concerned hostel staff are requested to take action.,Hostel/Provost Office
I would like to complain that the quiz score has not been approved despite repeated follow-up. I have already checked this more than once. Please update the record according to the submited documents.,Academic
"Please help, my clearance form was submitted before the deadline but still shows pending. The required documents and receipt were submitted. Because the issue is still unresolved, it is now affecting my normal university work. Please correct the record and confirm the updated status.",Administrative Offices
"the common room has been pending with the hostel office. The condition has been causing inconvenience for several days. Because the issue is still unresolved, it is now affecting my normal university work. Please ask the hostel administration to resolve it.",Hostel/Provost Office
I would like to complain that the viva schedule was entered under the wrong course code. I have already checked this more than once. Could the concerned office please confirm the correct status?,Academic
"Can u check this, i would like to complain that the hostel water supply is creating hygiene concerns for residents. I have already checked this more than once. Please take action and update me about the complaint.",Hostel/Provost Office
"I have a problem, the classroom projector has been unavailable since this morning.",IT Services
"the computer lab software shows a server error repeatedly. I already changed the password, but the error remains. Because the issue is still unresolved, it is now affecting my normal university work. Please resolve the technical problem before the deadline.",IT Services
the campus network is not responding at all.,IT Services
I am writing regarding my CGPA was changed without any explanation. I have checked the portal more than once and the same problem remains. Please verify the record and correct it.,Academic
"Sir please check, i am having trouble because the registrar application is not appearing in the official record. I have already checked this more than once. Please correct the record and confirm the updated status.",Administrative Offices
I am facing an issue because the semester timetable doesnt include marks for work that I submitted. I have already checked this more than once. I request the department to resolve this as soon as possible.,Academic
Im writing regarding the air conditioner has not been repaired after an earlier complaint. I have already checked this more than once. Kindly send the maintenance team to inspect and fix it.,Maintenance & Facilities
the LMS account does not accept my correct login details. I reported this earlier to the IT desk but it is still unresolved. Please restore access as soon as possible.,IT Services
I want to report that the lab computer does not send the verification message. I have already checked this more than once. Please restore access as soon as possible.,IT Services
my attendance record has an incorrect total after the latest update.,Academic
"This is getting difficult, i am facing an issue because the email verification link has been unavailable since this morning. Other university websites are opening normally. Please check the network or account configuration.",IT Services
Please check why the thesis progress review was uploaded late and now I cannot complete the next process. Kindly investigate the discrepancy and make the required correction.,Academic
my midterm marks has an incorrect total after the latest update.,Academic
I would like to complain that the water cooler is creating an uncomfortable environment in the room. Please send someone to inspect the location. I would be grateful if the responsible office could review the details instead of asking me to repeat the same process. I request urgent maintenance of this issue.,Maintenance & Facilities
the toilet flush is blocked and watre is collecting around it. Kindly send the maintenance team to inspect and fix it.,Maintenance & Facilities
"I have a problem, the water cooler keeps stopping and starting. The condition is affecting normal use of the area. The concerned staff are requested to repair this promptly.",Maintenance & Facilities
I want to bring this issue to your attention: the hostel corridor lights is creating an uncomfortable living situation. I have already submitted a request at the hostel office. Kindly inspect the issue and arrange the required solution.,Hostel/Provost Office
"the mess timing has become worse this week. The issue needs attention before it becomes more serious. Because the issue is still unresolved, it is now affecting my normal university work. I request the Provost Office to look into this matter.",Hostel/Provost Office
I want to bring this issue to your attention: the student portal is not responding at all. I have already checked this more than once. Please investigate the error and update the service.,IT Services
"Please help, can someone check why the university server is rejecting files that meet the stated requirements. I already changed the password, but the error remains. I would be grateful if the responsible offce could review the details instead of asking me to repeat the same process. Please investigate the error and update the service.",IT Services
I am writing regarding the email verification link has been unavailable since this morning. The issue occurs both in the lab and on my own device. Please check the account or system and fix the issue.,IT Services
"There is a problem with the thesis progress review has been pending for several days. The department office asked me to wait, but there has been no update. I have been trying to get this sorted out, but there has not been a clear resolution yet. Please verify the record and correct it.",Academic
the drainage line is making a loud noise throughout lectures.,Maintenance & Facilities
There seems to be an issue with the hostel water supply has not been repaired despite an earlier request. This is affecting normal hostel routine. I have been trying to get this sorted out but there has not been a clear resolution yet. I request the Provost Office to look into this matter.,Hostel/Provost Office
Please check why the registered credit hours is different from what appears on the departmental notice. Other students in the same class can see the correct information. I would be grateful if the responsible office could review the details instead of asking me to repeat the same process. I request the department to resolve this as soon as possible.,Academic
the parking area is making a loud noise throughout lectures. The problm is now affecting more than one class. Please arrange repair as soon as possible.,Maintenance & Facilities
I am having trouble because the classroom fan has broken fittings. I have already checked this more than once. Please arrange repair as soon as possible.,Maintenance & Facilities
the department printer has been unavailable since this morning. Please check whether there is an account or server-side problem. Kindly ask IT support to resolve this problem.,IT Services
I need help because the admission status has not been processed even though the documents were submitted. I have already checked this more than once. Please resolve the issue without further unnecessary delay.,Administrative Offices
the fee refund request is stuck between two administrative offices.,Administrative Offices
There seems to be an issue with the electrical sockets has not been repaired after an earlier complaint. The area is frequently used by students and staff. Kindly resolve the maintenance problem at the earliest.,Maintenance & Facilities
I want to report that the hostel security refund was submitted before the deadline but still shows pending. The concerned office is requested to check and complete this matter.,Administrative Offices
"Sir please check, i would like to complain that my midterm marks is creating a clash with another registered course. Because of this error, I am unable to proceed with the next academic step. Please review this issue and update the academic recrod.",Academic
"the hostel security desk is making it difficult to stay in the room. The condition has been causing inconvenience for several days. Because the issue is still unresolved, it is now affecting my normal university work. Please ask the hostel administration to resolve it.",Hostel/Provost Office
Can someone check why the common room is affecting basic hostel facilities. I have already checked this more than once. Please resolve this hostel-related problem soon.,Hostel/Provost Office
"I am writing regarding the accounts office receipt was returned without explaining what is missing. I need the document for another university process. I have been trying to get this sorted out, but there has not been a clear resolution yet. Kindly review the documents and process the request.",Administrative Offices
I need help because the student portal shows a server error repeatedly. Restarting the device did not solve the issue. I have been trying to get this sorted out but there has not been a clear resolution yet. Please check the account or system and fix the issue.,IT Services
my student card was marked incomplete although all listed documents were attached.,Administrative Offices
the LMS account is not syncing with my student account.,IT Services
I am having trouble because the washroom plumbing is overflowing during busy hours. Kindly resolve the maintenance problem at the earliest.,Maintenance & Facilities
"This is getting difficult, there seems to be an issue with the room furniture hasnt been repaired despite an earlier request. Please resolve this hostel-related problem soon.",Hostel/Provost Office
"the duplicate student card request has not been issued yet. The counter staff asked me to check again later, but there is still no progress. Kindly check the application and provide an update.",Administrative Offices
the migration certificate shows an incorrect amount. I would appreciate a clear status instead of being sent between offices. The concerned office is requested to check and complete this matter.,Administrative Offices
Please check why my CGPA is showing the wrong course information. I have already checked this more than once. Please check the matter before it affects my semester further.,Academic
the air conditioner is not providing adequate service. This is especially difficult when the room is full. I request urgent maintenance of this issue.,Maintenance & Facilities
the parking area is causing difficulty for students during lectures. The problem is now affecting more than one class. Kindly resolve the maintenance problem at the earliest.,Maintenance & Facilities
"the online registration portal has stopped working after the latest update. The problem started recently and has continued since then. Because the issue is still unresolved, it is now affecting my normal university work. Please resolve the technical problem before the deadline.",IT Services
"Sir please check, i want to bring this issue to your attention: the classroom windows is leaking and making the floor wet. I have already checked this more than once. Please arrange repair as soon as possible.",Maintenance & Facilities
"This is getting difficult, the room furniture has not been repaired despite an earlier request. Please handle the matter according to hostel policy.",Hostel/Provost Office
Please check why my thesis supervision was changed without any explanation. This issue is causing difficulty with my current semester planning. I would be grateful if the responsible office could review the details instead of asking me to repeat the same process. Please check the matter before it affects my semester further.,Academic
the LMS course page has been unavailable since this morning. Other university websites are opening normally. Kindly ask IT support to resolve this problem.,IT Services
I need help because my roommate issue is not being handled according to the hostel procedure. Kindly inspect the issue and arrange the required solution.,Hostel/Provost Office
the accounts office receipt contains incorrect student information. Please process the request and correct the record.,Administrative Offices
the lab computer shows a server error repeatedly. I reported this earlier to the IT desk but it is still unresolved. Please restore access as soon as possible.,IT Services
"the admission fee record has no status update despite repeated visits. The counter staff asked me to check again later, but there is still no progress. I request verification and completion of the pending process.",Administrative Offices
the mess timing is creating an uncomfortable living situation. Kindly inspect the issue and arrange the required solution.,Hostel/Provost Office
I want to report that my scholarship application is causing difficulty with another university process. I have already checked this more than once. Please process the request and correct the record.,Administrative Offices
Could you please look into this: the classroom projector shows an error whenever I try to submit work. I have already checked this more than once. Kindly check the network or account configuration.,IT Services
Could you plz look into this: my fee challan has been delayed beyond the stated processing time. I have already checked this more than once. Please resolve the issue without further unnecessary delay.,Administrative Offices
Can someone check why my CGPA is different from what appears on the departmental notice. I have already checked this more than once. Please update the record according to the submitted documents.,Academic
I want to bring this issue to your attention: the LMS course page keeps disconnecting during use. I have already checked this more than once. Kindly ask IT support to resolve this problem.,IT Services
I am having trouble becase the password reset service is preventing me from accessing course material. I request technical support for this issue.,IT Services
There seems to be an issue with the lab computer is not loading the required page. Please restore access as soon as possible.,IT Services
the classroom ceiling has been out of order for several days. The issue becomes worse during afternoon classes. pls have this facility repaired or replaced.,Maintenance & Facilities
I am writing regarding the water cooler needs urgent cleaning and maintenance. I have already checked this more than once. Please check the problem and restore the facility.,Maintenance & Facilities
"Sir please check, i am having trouble because the electrical sockets is not working properly during class hours. I have already checked this more than once. The concerned staff are requested to repair this promptly.",Maintenance & Facilities
"Can u check this, i need help because my financial aid application has been pending without any clear update. I have already checked this more than once. Please correct the record and confirm the updated status.",Administrative Offices
the assignment grade is preventing me from completing registration.,Academic
"Hi, the watre cooler keeps stopping and starting.",Maintenance & Facilities
"Sir please check, could you please look into this: my thesis supervision is preventing me from completing registration. I have already checked this more than once. I request the department to resolve this as soon as possible.",Academic
Please check why the printing system fails before the process is completed. I have already checked this more than once. Please restore access as soon as possible.,IT Services
my midterm marks is preventing me from completing registration.,Academic
the semester timetable does not include marks for work that I submitted.,Academic
"I want to report that my fee challan was marked incomplete although all listed documents were attached. I need the document for another university process. I have been trying to get this sorted out, but there has not been a clear resolution yet. pleas ask the concerned administrative office to resolve this.",Administrative Offices
I want to report that the backup generator has broken fittings. The condition is affecting normal use of the area. Kindly resolve the maintenance problem at the earliest.,Maintenance & Facilities
the student portal works for a few minutes and then goes offline. Kindly check the network or account configuration.,IT Services
"Please help, could you please look into this: the practical marks is showing the wrong course information. I have already checked this more than once. I request the department to resolve this as soon as possible.",Academic
the drainage line is damaged and unsafe to use. The condition is affecting normal use of the area. The concerned staff are requested to repair this promptly.,Maintenance & Facilities
"Sir please check, could you please look into this: the registered credit hours was changed without any explanation. Please check the matter before it affects my semester further.",Academic
the classroom windows is creating an uncomfortable environment in the room. The problem is now affecting more than one class. I request urgent maintenance of this issue.,Maintenance & Facilities
Can someone check why my attendance recrod is different from what appears on the departmental notice. Please recheck the entry and let me know once it is fixed.,Academic
I am writing regarding the hostel gate procedure has been pending with the hostel offce. Please handle the matter according to hostel policy.,Hostel/Provost Office
the classroom chairs is creating an uncomfortable environment in the room. Please send someone to inspect the location. Kindly resolve the maintenance problm at the earliest.,Maintenance & Facilities
"the bonafide certificate shows an incorrect amount. This matter has remained unresolved for several working days. Because the issue is still unresolved, it is now affecting my normal university work. Please ask the concerned administrative office to resolve this.",Administrative Offices
Could you please look into this: my portel login is not loading the required page. Restarting the device did not solve the issue. The IT team is requested to inspect and correct this.,IT Services
the scholarship payment is stuck between two administrative offices. I would appreciate a clear status instead of being sent between offices. Kindly review the documents and process the request.,Administrative Offices
Could you please look into this: the admission status is not appearing in the official record. I have already checked this more than once. Please ask the concerned administrative office to resolve this.,Administrative Offices
"the mess timing is creating an uncomfortable living situation. I would like the matter to be handled according to hostel rules. Because the issue is still unresolved, it is now affecting my normal university work. Please resolve this hostel-related problem soon.",Hostel/Provost Office
"I am writing regarding the laboratory ventilation has loose parts that may cause an accident. It would be better to repair it before the damage increases. I have been trying to get this sorted out, but there hasnt been a clear resolution yet. Please have this facility repaired or replaced.",Maintenance & Facilities
"my roommate issue was handled differently from the stated hostel rules. The condition has been causing inconvenience for several days. Because the issue is still unresolved, it is now affecting my normal university work. I request the Provost Office to look into this matter.",Hostel/Provost Office
the transcript is showing the wrong course information. I submitted the required application before the deadline. Please check the matter before it affects my semester further.,Academic
the classroom projector has been unavailable since this morning. I tried from more than one device and the problem is the same. Please investigate the error and update the service.,IT Services
"There is a problem with the department printer shows a server error repeatedly. I reported this earlier to the IT desk but it is still unresolved. I have been trying to get this sorted out, but there has not been a clear resolution yet. Please investigate the error and update the service.",IT Services
the room ceiling fan is making it difficult to stay in the room. This is affecting normal hostel routine. Please ask the hostel administration to resolve it.,Hostel/Provost Office
I need help because the biometric attendance machine fails before the process is completed. I reported this earlier to the IT desk but it is still unresolved. Please check the account or system and fix the issue.,IT Services
I am facing an issue because the hot water facility is making it difficult to stay in the room. The issue needs attention before it becomes more serious. I request the Provost Office to look into this matter.,Hostel/Provost Office
There is a problem with the backup generator is damaged and unsafe to use. Kindly resolve the maintenance problem at the earliest.,Maintenance & Facilities
my hostel room allocation is not available at the stated time. Please ask the hostel administration to resolve it.,Hostel/Provost Office
"the corridor lights needs urgent cleaning and maintenance. The condition is affecting normal use of the area. Because the issue is still unresolved, it is now affecting my normal university work. The concerned staff are requested to repair this promptly.",Maintenance & Facilities
"Hi, i am having trouble because the LMS account is preventing me from accessing course material. Please check whether there is an account or server-side problem. Please check the account or system and fix the issue.",IT Services
"Can u check this, i want to bring this issue to your attention: the room furniture is creating an uncomfortable living situation. Please check the hostel record for my earlier complaint. Please take action and update me about the complaint.",Hostel/Provost Office
the bonafide certificate is being delayed because the counter staff keep asking me to return later. The required documents and receipt were submitted. Kindly check the application and provide an update.,Administrative Offices
"There is a problem with my GPA calculation is showing the wrong course information. Because of this error, I am unable to proceed with the next academic step. I have been trying to get this sorted out, but there hasnt been a clear resolution yet. I request the department to resolve this as soon as possible.",Academic
I am facing an issue because my midterm marks has not been updated even though the instructor confirmed the correction. I have already checked this more than once. Please recheck the entry and let me know once it is fixed.,Academic
"I would like to complain that my fee challan has not been approved even after verification. The counter staff asked me to check again later, but there is still no progress. Kindly check the aplication and provide an update.",Administrative Offices
"I have a problemm, the quiz score still shows the old information after correction. This issue is causing difficulty with my current semester planning. Please check the matter before it affects my semester further.",Academic
"Sir please check, i need help because the lab computer works for a few minutes and then goes offline. This is affecting my ability to complete university work. I have been trying to get this sorted out, but there hasnt been a clear resolution yet. The IT team is requested to inspect and correct this.",IT Services
Could you please look into this: the scholarship payment is causing difficulty with another university process. The required documents and receipt were submitted. Please resolve the issue without further unnecessary delay.,Administrative Offices
There seems to be an issue with the admission fee record needs correction in the administrative record. Please verify the record with the accounts or registrar office. Kindly check the application and provide an update.,Administrative Offices
I need help because the email verification link has not been restored after an earlier complaint. I have already checked this more than once. Kindly ask IT support to resolve this problem.,IT Services
the department printer is not detecting the connected device.,IT Services
course registration has not been updated even though the instructor confirmed the correction.,Academic
I want to report that the classroom chairs has broken fittings. The problem is now affecting more than one class. I request urgent maintenance of this issue.,Maintenance & Facilities
I am facing an issue because the campus network works for a few minutes and then goes offline. Please check whether there is an account or server-side problem. The IT team is requested to inspect and correct this.,IT Services
I want to report that the online registration portal is rejecting files that meet the stated requirements. I reported this earlier to the IT desk but it is still unresolved. Please check the account or system and fix the issue.,IT Services
"the mess timing is not available at the stated time. The warden was informed, but I have not received any update. The concerned hostel staff are requested to take action.",Hostel/Provost Office
"my portal login is rejecting files that meet the stated requirements. Please check whether there is an account or server-side problem. Because the issue is still unresolved, it is now affecting my normal university work. Kindly check the network or account configuration.",IT Services
I am having trouble because my university email fails before the process is completed. Please restore access as soon as possible.,IT Services
I want to report that the classroom projector does not send the verification message. This is affecting my ability to complete universirty work. Please check the account or system and fix the issue.,IT Services
There seems to be an issue with the registered credit hours is preventing me from completing registration. pleas check the matter before it affects my semester further.,Academic
Please check why the classroom fan has exposed wiring that should be inspected. Please check the problem and restore the facility.,Maintenance & Facilities
"Sir please check, i want to bring this issue to your attention: the parking area is causing difficulty for students during lectures. A maintenance complaint was already reported, but the problem remains. Please send the maintenance team to inspect and fix it.",Maintenance & Facilities
the makeup exam request is creating a clash with another registered course. I already contacted the relevant teacher but the recrod is unchanged. Kindly review this issue and update the academic record.,Academic
I would like to complain that the duplicate student card request is causing difficulty with another university process. Please correct the record and confirm the updated status.,Administrative Offices
"Hi, the drinking water supply has exposed wiring that should be inspected. Please have this facility repaired or replaced.",Maintenance & Facilities
I am facing an issue because the final exam result has not been shared with students. I have already checked this more than once. Please verify the record and correct it.,Academic
"Sir please check, the hostel washroom is not being handled according to the hostel procedure. The warden was informed, but I have not received any update. becuase the issue is still unresolved, it is now affecting my normal university work. Please inspect the issue and arrange the required solution.",Hostel/Provost Office
the network connection is not responding at all. plz restore access as soon as possible.,IT Services
"I am facing an issue because my clearance form was marked incomplete although all listed documents were attached. The counter staff asked me to check again later, but there is still no progress. Please ask the concerned administrative office to resolve this.",Administrative Offices
"Sir please check, i am having trouble becuase the water cooler is making a loud noise throughout lectures. The issue becomes worse during afternoon classes. The concerned staff are requested to repair this promptly.",Maintenance & Facilities
Could you please look into this: the assignment grade has not been updated even though the instructor confirmed the correction. I have already checked this more than once. I request the department to resolve this as soon as possible.,Academic
my CGPA is preventing me from completing registration. Kindly investigate the discrepancy and make the required correction.,Academic
Could you please look into this: my attendance record still shows the old information after correction. Please recheck the entry and let me know once it is fixed.,Academic
Can someone check why the hostel WiFi complaint record is still unresolved after several days. The concerned hostel staff are requested to take action.,Hostel/Provost Office
the LMS course page does not accept my correct login details. Other university websites are opening normally. I request technical support for this issue.,IT Services
the admission status was marked incomplete although all listed documents were attached. This matter has remained unresolved for several working days. Please process the request and correct the record.,Administrative Offices
the electrical sockets is not providing adequate service. The problm is now affecting more than one class. The concerned staff are requested to repair this promptly.,Maintenance & Facilities
I want to bring this issue to your attention: the university WiFi is not detecting the connected device. Please check whether there is an account or server-side problem. Kindly ask IT support to resolve this problem.,IT Services
"I need help because the viva schedule was not accepted even though I met the deadline. This issue is causing difficulty with my current semester planning. I have been trying to get this sorted out, but there has not been a clear resolution yet. Kindly investigate the discrepancy and make the required correction.",Academic
"the classroom windows is damaged and unsafe to use. A maintenance complaint was already reported, but the problem remains. Please have this facility repaired or replaced.",Maintenance & Facilities
the quiz score is still missing from the student record. This issue is causing difficulty with my current semester planning. Please recheck the entry and let me know once it is fixed.,Academic
I am facing an issue because the course section has not been shared with students. The supporting document was submitted at the department office. I would be grateful if the responsible office could review the details instead of asking me to repeat the same process. Please check the matter before it affects my semester further.,Academic
"Sir please check, there seems to be an issue with the hostel security desk is creating an uncomfortable living situation. I have already submitted a request at the hostel office. I have been trying to get this sorted out, but there has not been a clear resolution yet. The concerned hostel staff are requested to take action.",Hostel/Provost Office
the projector connection has stopped workng after the latest update.,IT Services
the email verification link fails before the process is completed. I tried from more than one device and the problem is the same. I request technical support for this issue.,IT Services
"I have a problem, the department printer shows an error whenever I try to submit work. Other university websites are opening normally. I request technical support for this issue.",IT Services
Can someone check why the password reset service does not send the verification message. The IT team is requested to inspect and correct this.,IT Services
There is a problem with my attendance record has not been approved despite repeated follow-up. I have already checked this more than once. I request the department to resolve this as soon as possible.,Academic
the LMS account shows a server error repeatedly. The problem started recently and has continued since then. Kindly check the network or account configuration.,IT Services
the result card is still missing from the student record. I already contacted the relevant teacher but the record is unchanged. Could the concerned office please confirm the correct status?,Academic
There seems to be an issue with the biometric attendance machine is preventing me from accessing course material. This is affecting my ability to complete university work. Kindly check the network or account configuration.,IT Services
I am writing regarding the lab internet connection has stopped working after the latest update. I have already checked this more than once. Please investigate the error and update the service.,IT Services
I am facing an issue because the washroom plumbing has been out of order for several days. I have already checked this more than once. Kindly send the maintenance team to inspect and fix it.,Maintenance & Facilities
"There is a problem with my university email keeps disconnecting during use. This is affecting my ability to complete university work. I have been trying to get this sorted out, but there has not been a clear resolution yet. pleas investigate the error and update the service.",IT Services
"Please help, i am having trouble because the university server does not send the verification message. I have already checked this more than once. I request technical support for this issue.",IT Services
"Please help, can someone check why the washroom plumbing has exposed wiring that should be inspected. Please send someone to inspect the location. The concerned staff are requested to repair this promptly.",Maintenance & Facilities
"I want to bring this issue to your attention: my attendance record does not include marks for work that I submitted. The department office asked me to wait, but there has been no update. I have been trying to get this sorted out, but there has not been a clear resolution yet. Kindly investigate the discrepancy and make the required correction.",Academic
There is a problem with the drainage line has broken fittings. Students are facing this problem every day. The concerned staff are requested to repair this promptly.,Maintenance & Facilities
I am having trouble because the network connection shows an error whenever I try to submit work. The issue occurs both in the lab and on my own device. I request technical support for this issue.,IT Services
"the room ceiling fan is creating repeated arguments among residents. I informed the hostel staff earlier, but the issue continues. Please take action and update me about the complaint.",Hostel/Provost Office
I want to report that the fee correction application has not been issued yet. The application was submitted within the announced dates. Please resolve the issue without further unnecessary delay.,Administrative Offices
"Can u check this, the campus network is rejecting files that meet the stated requirements. Please ask IT support to resolve this problem.",IT Services
my fee challan contains incorrect student information. The concerned office is requested to check and complete this matter.,Administrative Offices
There seems to be an issue with the building staircase has been out of order for several days. Please send someone to inspect the location. I would be grateful if the responsible office could review the details instead of asking me to repeat the same process. Kindly resolve the maintenance problem at the earliest.,Maintenance & Facilities
I am facing an issue because the exam date sheet has an incorrect total after the latest update. I submtted the required application before the deadline. I request the department to resolve this as soon as possible.,Academic
"Can someone check why the quiz score does not include marks for work that I submitted. I already contacted the relevant teacher but the record is unchanged. I have been trying to get this sorted out, but there has not been a clear resolution yet. Kindly review this issue and update the academic record.",Academic
I am writing regarding the electrical sockets is producing a strong smell and needs maintenance. The problem is now affecting more than one class. I would be grateful if the responsible office could review the details instead of asking me to repeat the same process. Please check the problem and restore the facility.,Maintenance & Facilities
I need help because the hostel cleaning schedule is creating an uncomfortable living situation. The condition has been causing inconvenience for several days. I have been trying to get this sorted out but there has not been a clear resolution yet. Please ask the hostel administration to resolve it.,Hostel/Provost Office
I am having trouble because my portal login is rejecting files that meet the stated requirements. I request technical support for this issue.,IT Services
Could you please look into this: the hostel security desk is still unresolved after several days. I have already checked this more than once. Please take action and update me about the complaint.,Hostel/Provost Office
I want to report that the deparment printer works for a few minutes and then goes offline. Kindly check the network or account configuration.,IT Services
Please check why the building staircase is causing difficulty for students during lectures. Students are facing this problem every day. I would be grateful if the responsible office could review the details instead of asking me to repeat the same process. Please inspect the area and take the necessary action.,Maintenance & Facilities
Please check why the laundry area has become worse this week. I have already checked this more than once. Kindly have the warden or relevant staff check this issue.,Hostel/Provost Office
"Please help, there is a problm with my thesis supervision does not reflect the form I submitted on time. Please recheck the entry and let me know once it is fixed.",Academic
"This is getting difficult, i need help because the LMS course page has been unavailable since this morning. I reported this earlier to the IT desk but it is still unresolved. I would be grateful if the responsible office could review the details instead of asking me to repeat the same process. Please ask IT support to resolve this problem.",IT Services
"course registration is creating a clash with another registered course. Because of this error, I am unable to proceed with the next academic step. I request the department to resolve this as soon as possible.",Academic
"Hi, i am facing an issue because my midterm marks was changed without any explanation. I would appreciate verification from the concerned academic office. I request the department to resolve this as soon as possible.",Academic
the drainage line keeps stopping and starting.,Maintenance & Facilities
the admission status was returned without explaining what is missing. I have kept a copy of the submitted form and payment receipt. Please resolve the issue without further unnecessary delay.,Administrative Offices
the admission fee record has been pending without any clear update. I have already visited the concerned office more than once. Please process the request and correct the record.,Administrative Offices
"Hi, i want to report that the fee refund request shows an incorrect amount. This matter has remained unresolved for several working days. Please process the request and correct the record.",Administrative Offices
I would like to complain that the password reset service has stopped working after the latest update. Please resolve the technical problem before the deadline.,IT Services
I am writing regarding the laboratory ventilation is damaged and unsafe to use. The area is frequently used by students and staff. Please arrange repair as soon as possible.,Maintenance & Facilities
I want to bring this issue to your attention: the printing system is rejecting files that meet the stated requirements. I have already checked this more than once. Kindly check the network or account configuration.,IT Services
"I would like to complain that my student card has not been processed even though the documents were submited. The required documents and receipt were submitted. I have been trying to get this sorted out, but there has not been a clear resolution yet. Please resolve the issue without further unnecessary delay.",Administrative Offices
the quiz score was uploaded late and now I cannot complete the next process. I would appreciate verification from the concerned academic office. Could the concerned office please confirm the correct status?,Academic
There is a problem with my roommate issue is creating hygiene concerns for residents. I have already submitted a request at the hostel office. I would be grateful if the responsible office could review the details instead of asking me to repeat the same process. Kindly inspect the issue and arrange the required solution.,Hostel/Provost Office
"Hi, i would like to complain that the hostel washroom has not been updated in the hostel record. Please check the hostel record for my earlier complaint. The concerned hostel staff are requested to take action.",Hostel/Provost Office
I am having trouble because the password reset service has not been restored after an earlier complaint. Other university websites are opening normally. Please investigate the error and update the service.,IT Services
Can someone check why my CGPA is showing the wrong course information. I already contacted the relevant teacher but the record is unchanged. Could the concerned office please confirm the correct status?,Academic
I am having trouble because the lecture desk is damaged and unsafe to use. This is especially difficult when the room is full. Kindly send the maintenance team to inspect and fix it.,Maintenance & Facilities
the network connection is preventing me from accessing course material.,IT Services
"This is getting difficult, i would like to complain that the classroom fan is creating an uncomfortable environment in the room. Please send someone to inspect the location. I would be grateful if the responsible office could review the details instead of asking me to repeat the same process. Please check the problem and restore the facility.",Maintenance & Facilities
I want to bring this issue to your attention: the classroom windows is producing a strong smell and needs maintenance. The issue becomes worse during afternoon classes. Please have this facility repaired or replaced.,Maintenance & Facilities
the hostel WiFi complaint record is not working properly. Please ask the hostel administration to resolve it.,Hostel/Provost Office
"I have a problem, can someone check why the admission document has been pending without any clear update. Please verify the record with the accounts or registrar office. I would be grateful if the responsible office could review the details instead of asking me to repeat the same process. Please correct the record and confirm the updated status.",Administrative Offices
Could you please look into this: the lecture desk is making a loud noise throughout lectures. I have already checked this more than once. I request urgent maintenance of this issue.,Maintenance & Facilities
I am having trouble because the document attestation request is causing difficulty with another university process. This matter has remained unresolved for several working days. Please correct the record and confirm the updated status.,Administrative Offices
"Can u check this, can someone check why the semester timetable was changed without any explanation. The department office asked me to wait, but there has been no update. Please update the record according to the submitted documents.",Academic
"Please help, could you please look into this: the hot water facility is causing problems for residents every day. I have already checked this more than once. Please handle the matter according to hostle policy.",Hostel/Provost Office
I want to report that the room cleanliness has not been repaired despite an earlier request. I have already checked this more than once. The concerned hostel staff are requested to take action.,Hostel/Provost Office
"Sir please check, my portal login is not connected to the campus network. Please resolve the technical problem before the deadline.",IT Services
"the laundry area is affecting basic hostel facilities. This is affecting normal hostel routine. Because the issue is still unresolved, it is now affecting my normal university work. Please handle the matter according to hostel policy.",Hostel/Provost Office
"Please help, there is a problem with the classroom ceiling is creating an uncomfortable environment in the room. I have already checked this more than once. The concerned staff are requested to repair this promptly.",Maintenance & Facilities
"the thesis progress review does not include marks for work that I submitted. I submitted the required applicaton before the deadline. Because the issue is still unresolved, it is now affecting my normal university work. Please update the record according to the submitted documents.",Academic
"the makeup exam request does not reflect the form I submitted on time. Because of this error, I am unable to proceed with the next academic step. Please recheck the entry and let me know once it is fixed.",Academic
"This is getting difficult, the classroom windows is causing difficulty for students during lectures. The problem is now affecting more than one class. Because the issue is still unresolved, it is now affecting my normal university work. Please send the maintenance team to inspect and fix it.",Maintenance & Facilities
"This is getting difficult, the lab computer does not send the verification message. Please check whether there is an account or server-side problem. Please investigate the error and update the service.",IT Services
"the department printer is not detecting the connected device. This is affecting my ability to complete university work. Because the issue is still unresolved, it is now affecting my normal university work. The IT team is requested to inspect and correct this.",IT Services
Please check why the online registration protal shows a server error repeatedly. The issue occurs both in the lab and on my own device. I request technical support for this issue.,IT Services
Please check why the lecture desk is producing a strong smell and needs maintenance. I have already checked this more than once. I request urgent maintenance of this issue.,Maintenance & Facilities
the assignment grade is still missing from the student record.,Academic
"This is getting difficult, my degree verification request is stuck between two administrative offices. I have already visited the concerned office more than once. The concerned office is requested to check and complete this matter.",Administrative Offices
"the hostel curfew entry is making it difficult to stay in the room. I would like the matter to be handled according to hostel rules. Because the issue is still unresolved, it is now affecting my normal university work. I request the Provost Office to look into this matter.",Hostel/Provost Office
I want to report that my scholarship application was submitted before the deadline but still shows pending. I have already checked this more than once. pleas resolve the issue without further unnecessary delay.,Administrative Offices
"Please help, the hostel room lock is creating repeated arguments among residents.",Hostel/Provost Office
I am facing an issue because the mess timing has been pending with the hostel office. I have already checked this more than once. The concerned hostel staff are requested to take action.,Hostel/Provost Office
"the lab computer doesnt accept my correct login details. Restarting the device did not solve the issue. Because the issue is still unresolved, it is now affecting my normal university work. Please restore access as soon as possible.",IT Services
my financial aid application was entered under the wrong category.,Administrative Offices
"I need help becuase the room furniture has not been repaired despite an earlier request. This is affecting normal hostel routine. I have been trying to get this sorted out, but there has not been a clear resolution yet. Please resolve this hostel-related problem soon.",Hostel/Provost Office
the hostel water supply is causing problems for residents every day. This is affecting normal hostel routine. Please ask the hostel administration to resolve it.,Hostel/Provost Office
"Hi, can someone check why the university WiFi does not recognize my account. Restarting the device did not solve the issue. I would be grateful if the responsible office could review the details instead of asking me to repeat the same process. Please check the network or account configuration.",IT Services
I am writing regarding the hostel room lock is not available at the stated time. Please ask the hostel administration to resolve it.,Hostel/Provost Office
the hostel security refund has not been approved even after verification. The delay is creating difficulty with my semester matters. I request verification and completion of the pending process.,Administrative Offices
I would like to complain that the room ceiling fan has been pending with the hostel office. I have already checked this more than once. Please handle the matter according to hostel policy.,Hostel/Provost Office
There is a problem with the quiz score was not accepted even though I met the deadline. I have already checked this more than once. Please check the matter before it affects my semester further.,Academic
I am facing an issue because the lab computer does not send the verification message. I have already checked this more than once. Kindly check the network or account configuration.,IT Services
the computer lab software is not responding at all. Other university websites are opening normally. I request technical support for this issue.,IT Services
I want to bring this issue to your attention: the hostel WiFi complaint record has been pending with the hostel office. Please check the hostel record for my earlier complaint. Please resolve this hostel-related problem soon.,Hostel/Provost Office
the hostel WiFi complaint record is not being handled according to the hostel procedure. I have already submitted a request at the hostel office. Please handle the matter according to hostel policy.,Hostel/Provost Office
"I want to bring this issue to your attention: my degree verification request was entered under the wrong category. Please verify the record with the accounts or registrar offce. I have been trying to get this sorted out, but there has not been a clear resolution yet. I request verification and completion of the pending process.",Administrative Offices
I want to bring this issue to your attention: the toilet flush is not working properly during class hours. A maintenance complaint was already reported but the problem remains. I would be grateful if the responsible office could review the details instead of asking me to repeat the same process. Please arrange repair as soon as possible.,Maintenance & Facilities
I would like to complain that the admission document has not been approved even after verification. I have already checked this more than once. Kindly review the documents and process the request.,Administrative Offices
"This is getting difficult, i am having trouble because the document attestation request is stuck between two administrative offices. The delay is creating difficulty with my semester matters. I would be grateful if the responsible office could review the details instead of asking me to repeat the same process. Please process the request and correct the record.",Administrative Offices
the computer lab software is not loading the required page. The issue occurs both in the lab and on my own device. Please restore access as soon as possible.,IT Services
the classroom chairs keeps stopping and starting.,Maintenance & Facilities
"Sir please check, the migration certificate was supposed to be completed earlier but remains unresolved. I have already visited the concerned office more than once. Because the issue is still unresolved, it is now affecting my normal university work. Please process the request and correct the record.",Administrative Offices
the hostel security refund does not match the payment receipt. I would appreciate a clear status instead of being sent between offices. Kindly review the documents and process the request.,Administrative Offices
"Hi, i am facing an issue because the biometric attendence machine is preventing me from accessing course material. The issue occurs both in the lab and on my own device. Please check the network or account configuration.",IT Services
"Could you please look into this: the hostel security desk is still unresolved after several days. I informed the hostel staff earlier, but the issue continues. Please handle the matter according to hostel policy.",Hostel/Provost Office
"the drainage line is in poor condition and needs replacement. A maintenance complaint was already reported, but the problem remains. Kindly send the maintenance team to inspect and fix it.",Maintenance & Facilities
I need help because the practical markss is different from what appears on the departmental notice. I would appreciate verification from the concerned academic office. Please recheck the entry and let me know once it is fixed.,Academic
"Please help, the course section does not include marks for work that I submited.",Academic
There is a problem with the washroom taps has broken fittings. The facility is currently difficult to use safely. Please inspect the area and take the necessary action.,Maintenance & Facilities
"Please help, i am writing regarding the makeup exam request is different from what appears on the departmental notice. I would appreciate verification from the concerned academic office. I would be grateful if the responsible office could review the details instead of asking me to repeat the same process. Please review this issue and update the academic record.",Academic
"Please help, the university server shows an error whenever I try to submit work. Please check the account or system and fix the issue.",IT Services
the hostel security desk was handled differently from the stated hostel rules. Kindly inspect the issue and arrange the required solution.,Hostel/Provost Office
the semester timetable does not reflect the form I submitted on time. The supporting document was submitted at the department office. I request the department to resolve this as soon as possible.,Academic
"the washroom plumbing is leaking and making the floor wet. A maintenance complaint was already reported, but the problem remains. Kindly resolve the maintenance problem at the earliest.",Maintenance & Facilities
"This is getting difficult, please check why the bonafide certificate shows an incorrect amount. This matter has remained unresolved for several working days. Please check the application and provide an update.",Administrative Offices
the hostel water supply has not been updated in the hostel record. The condition has been causing inconvenience for several days. The concerned hostel staff are requested to take action.,Hostel/Provost Office
I need help because the hostel curfew entry was reported to the warden but no action has been taken. The issue needs attention before it becomes more serious. plz ask the hostel administration to resolve it.,Hostel/Provost Office
the campus network works for a few minutes and then goes offline. Kindly check the network or account configuration.,IT Services
the transcript shows a value that does not match the marks announced in class. Other students in the same class can see the correct information. Please recheck the entry and let me know once it is fixed.,Academic
the room ceiling fan has not been updated in the hostel record. I would like the matter to be handled according to hostel rules. Please handle the matter according to hostel policy.,Hostel/Provost Office
the lab computer does not send the verification message. I need access before the current submission deadline. Kindly ask IT support to resolve this problemm.,IT Services
I need help because the semester timetable was entered under the wrong course code. I have already checked this more than once. Kindly investigate the discrepancy and make the required correction.,Academic
the campus network shows a server error repeatedly.,IT Services
There seems to be an issue with the mess food is creating an uncomfortable living situation. The issue needs attention before it becomes more serious. I would be grateful if the responsible office could review the details instead of asking me to repeat the same process. Please ask the hostel administration to resolve it.,Hostel/Provost Office
the admission status was supposed to be completed earlier but remains unresolved. This matter has remained unresolved for several working days. Kindly check the applicaton and provide an update.,Administrative Offices
my degree verification request has not been processed even though the documents were submitted.,Administrative Offices
"I am facing an issue because the accounts office receipt has not been issued yet. The application was submitted within the announced dates. I have been trying to get this sorted out, but there has not been a clear resolution yet. Kindly check the application and provide an update.",Administrative Offices
I need help because the laundry area is not working properly. This is affecting normal hostel routine. pleas handle the matter according to hostel policy.,Hostel/Provost Office
Please check why the admission fee record is being delayed because the counter staff keep asking me to return later. The application was submitted within the announced dates. I have been trying to get this sorted out but there has not been a clear resolution yet. Please process the request and correct the record.,Administrative Offices
the LMS account keeps disconnecting during use. Kindly ask IT support to resolve this problem.,IT Services
"the document attestation request was marked incomplete although all listed documents were attached. The required documents and receipt were submitted. Because the issue is still unresolved, it is now affecting my normal university work. Please process the request and correct the record.",Administrative Offices
the classroom chairs is creating an uncomfortable environment in the room.,Maintenance & Facilities
the quiz score is preventing me from completing registration. This issue is causing difficulty with my current semester planning. Kindly investigate the discrepancy and make the required correction.,Academic
Could you please look into this: the lab internet connection is not syncing with my student account. Please check whether there is an account or server-side problem. I would be grateful if the responsible office could review the details instead of asking me to repeat the same process. The IT team is requested to inspect and correct this.,IT Services
There seems to be an issue with my degree verification request shows an incorrect amount. I would appreciate a clear status instead of being sent between offices. Please process the request and correct the record.,Administrative Offices
"Can u check this, the thesis progress review is showing the wrong course information. I already contacted the relevant teacher but the record is unchanged. Because the issue is still unresolved, it is now affecting my normal universty work. Please investigate the discrepancy and make the required correction.",Academic
I am facing an issue because the room ceiling fan has not been repaired despite an earlier request. Several residents on the floor are facing the same problem. I would be grateful if the responsible office could review the details instead of asking me to repeat the same process. Kindly have the warden or relevant staff check this issue.,Hostel/Provost Office
"the hostel security desk is making it difficult to stay in the room. Several residents on the floor are facing the same problem. Because the issue is still unresolved, it is now affecting my normal university work. I request the Provost Office to look into this matter.",Hostel/Provost Office
I want to report that course registration was changed without any explanation. I have already checked this more than once. I request the department to resolve this as soon as possible.,Academic
"the document attestation request needs correction in the administrative record. I have kept a copy of the submitted form and payment receipt. Because the issue is still unresolved, it is now affecting my normal university work. Please ask the concerned administrative office to resolve this.",Administrative Offices
my attendance record was marked absent although I attended the class. Kindly review this issue and update the academic record.,Academic
the hostel cleaning schedule is still unresolved after several days. The issue needs attention before it becomes more serious. pleas resolve this hostel-related problem soon.,Hostel/Provost Office
"the classroom windows is causing difficulty for students during lectures. The condition is affecting normal use of the area. Because the issue is still unresolved, it is now affecting my normal university work. The concerned staff are requested to repair this promptly.",Maintenance & Facilities
the electrical sockets has broken fittings. Please send someone to inspect the location. Please inspect the area and take the necessary action.,Maintenance & Facilities
I am facing an issue because the migration certificate has not been issued yet. I have already visited the concerned office more than once. Please ask the concerned administrative office to resolve this.,Administrative Offices
Im facing an issue because my clearance form has been delayed beyond the stated processing time. I have already checked this more than once. Please resolve the issue without further unnecessary delay.,Administrative Offices
"I have a problem, i am writing regarding the campus network is not syncing with my student account. pls investigate the error and update the service.",IT Services
There is a problem with the lab computer is not syncing with my student account. I need access before the current submission deadline. I would be grateful if the responsible office could review the details instead of asking me to repeat the same process. Please restore access as soon as possible.,IT Services
"I have a problem, can someone check why the prerequisite approval hasnt been approved despite repeated follow-up. I submitted the required application before the deadline. I have been trying to get this sorted out, but there has not been a clear resolution yet. Please recheck the entry and let me know once it is fixed.",Academic
I want to report that the room furniture has not been repaired despite an earlier request. The problem is especially difficult during evening hours. Please handle the matter according to hostel policy.,Hostel/Provost Office
I am writing regarding the biometric attendance machine is showing outdated information. I tried from more than one device and the problem is the same. I would be grateful if the responsible office could review the details instead of asking me to repeat the same process. Please check the account or system and fix the issue.,IT Services
the hostel washroom is causing unnecessary difficulty at night. Please take action and update me about the complaint.,Hostel/Provost Office
I need help because the scholarship payment needs correction in the administrative record. The delay is creating difficulty with my semester matters. Please correct the record and confirm the updated status.,Administrative Offices
"the printing system is not syncing with my student account. Other university websites are opening normally. becase the issue is still unresolved, it is now affecting my normal university work. Please check the account or system and fix the issue.",IT Services
"I would like to complain that the printing system has not been restored after an earlier complaint. I already changed the password, but the error remains. I would be grateful if the responsible office could review the details instead of asking me to repeat the same process. Please investigate the error and update the service.",IT Services
the room furniture was handled differently from the stated hostel rules. Please check the hostel recrod for my earlier complaint. Please handle the matter according to hostel policy.,Hostel/Provost Office
the document attestation request does not match the payment receipt. The application was submitted within the announced dates. Please correct the record and confirm the updated status.,Administrative Offices
Could you please look into this: the official certificate request has not been approved even after verification. The delay is creating difficulty with my semester matters. Please correct the record and confirm the updated status.,Administrative Offices
"I need help because the projector connection works for a few minutes and then goes offline. I already changed the password, but the error remains. I would be grateful if the responsible office could review the details instead of asking me to repeat the same process. I request technical support for this issue.",IT Services
the official certificate request has been pending without any clear update. Please correct the record and confirm the updated status.,Administrative Offices
"the classroom ceiling is blocked and water is collecting around it. The condition is affecting normal use of the area. Because the issue is still unresolved, it is now affecting my normal university work. Please have this facility repaired or replaced.",Maintenance & Facilities
"Please check why the online registration portal is extremely slow during class hours. The problem started recently and has continued since then. I have been trying to get this sorted out, but there has not been a clear resolution yet. Kindly check the network or account configuration.",IT Services
the online registration portal is extremely slow during class hours. This is affecting my ability to complete university work. Please investigate the error and update the service.,IT Services
Could you pleas look into this: the course section still shows the old information after correction. Kindly investigate the discrepancy and make the required correction.,Academic
There is a problem with the assignment grade contains an error that is affecting my semester record. Please check the matter before it affects my semester further.,Academic
"the bonafide certificate has been delayed beyond the stated processing time. I need the document for another university process. Because the issue is still unresolved, it is now affecting my normal university work. I request verification and completion of the pending process.",Administrative Offices
"I have a problemm, the campus network is showing outdated information. The IT team is requested to inspect and correct this.",IT Services
"There is a problem with the department elevator is not available when it is needed. A maintenance complaint was already reported, but the problem remains. Please inspect the area and take the necessary action.",Maintenance & Facilities
"Could you please look into this: the password reset service is not responding at all. I reported this earlier to the IT desk but it is still unresolved. I have been trying to get this sorted out, but there has not been a clear resolution yet. I request technical support for this issue.",IT Services
I would like to complain that the semester timetable is different from what appears on the departmental notice. I have already checked this more than once. Please verify the record and correct it.,Academic
There seems to be an issue with the duplicate student card request has been delayed beyond the stated processing time. I need the document for another university process. Please ask the concerned administrative office to resolve this.,Administrative Offices
the campus network works for a few minutes and then goes offline.,IT Services
the makeup exam request is still missing from the student record. Could the concerned office please confirm the correct status?,Academic
I am having trouble because the hot water facility is not being handled according to the hostel procedure. Please ask the hostel administration to resolve it.,Hostel/Provost Office
I need help because the university WiFi works for a few minutes and then goes offline. Restarting the device did not solve the issue. I would be grateful if the responsible office could review the details instead of asking me to repeat the same process. Kindly check the network or account configuration.,IT Services
"This is getting difficult, the exam date sheet has not been updated even though the instructor confirmed the correction. I would appreciate verification from the concerned academic office. plz verify the record and correct it.",Academic
I am writing regarding the prerequisite approval was changed without any explanation. I need the corrected record for an upcoming academic requirement. I would be grateful if the responsible office could review the details instead of asking me to repeat the same process. I request the department to resolve this as soon as possible.,Academic
"This is getting difficult, can someone check why my portal login works for a few minutes and then goes offline. The problem started recently and has continued since then. Please restore access as soon as possible.",IT Services
There seems to be an issue with my student card has been pending without any clear update. The application was submitted within the announced dates. Kindly check the application and provide an update.,Administrative Offices
I would like to complain that the washroom plumbing has broken fittings. Students are facing this problem every day. I would be grateful if the responsible office could review the details instead of asking me to repeat the same process. Please inspect the area and take the necessary action.,Maintenance & Facilities
"the result card has an incorrect total after the latest update. The department office asked me to wait, but there has been no update. Because the issue is still unresolved, it is now affecting my normal university work. Please verify the record and correct it.",Academic
"the password reset service does not accept my correct login details. I reported this earlier to the IT desk but it is still unresolved. Because the issue is still unresolved, it is now affecting my normal university work. Please resolve the technical problem before the deadline.",IT Services
I am facing an issue because my attendance record has an incorrect total after the latest update. I need the corrected record for an upcoming academic requirement. I request the department to resolve this as soon as possible.,Academic
There is a problem with the water cooler keeps stopping and starting. Please have this facility repaired or replaced.,Maintenance & Facilities
I am having trouble because the hostel curfew entry needs attention from the provost office. I have already checked this more than once. I request the Provost Office to look into this matter.,Hostel/Provost Office
"Please help, the campus network is not detecting the connected device. Other university websites are opening normally. Please investigate the error and update the service.",IT Services
I want to report that the hostle room lock is causing problems for residents every day. I have already checked this more than once. The concerned hostel staff are requested to take action.,Hostel/Provost Office
I am facing an issue because the classroom projector is rejecting files that meet the stated requirements. The issue occurs both in the lab and on my own device. I would be grateful if the responsible office could review the details instead of asking me to repeat the same process. plz investigate the error and update the service.,IT Services
"I want to bring this issue to your attention: the hostel WiFi complaint record needs attention from the provost office. I informed the hostel staff earlier, but the issue continues. I request the Provost Office to look into this matter.",Hostel/Provost Office
Please check why my university email shows an error whenever I try to submit work. The problem started recently and has continued since then. I have been trying to get this sorted out but there has not been a clear resolution yet. Please investigate the error and update the service.,IT Services
Im having trouble because the laboratory ventilation is creating an uncomfortable environment in the room. The facility is currently difficult to use safely. I have been trying to get this sorted out but there has not been a clear resolution yet. The concerned staff are requested to repair this promptly.,Maintenance & Facilities
"Can u check this, the water cooler is making a loud noise throughout lectures. The area is frequently used by students and staff. Because the issue is still unresolved, it is now affecting my normal university work. Please send the maintenance team to inspect and fix it.",Maintenance & Facilities
the password reset service is rejecting files that meet the stated requirements.,IT Services
Please check why the mess timing is making it difficult to stay in the room. The issue needs attention before it becomes more serious. Please take action and update me about the complaint.,Hostel/Provost Office
"Can u check this, i want to report that the bonafide certificate is being delayed because the counter staff keep asking me to return later. The application was submitted within the announced dates. Please check the application and provide an update.",Administrative Offices
"I am having trouble because the classroom projector shows a server error repeatedly. I tried from more than one device and the problem is the same. I have been trying to get this sorted out, but there has not been a clear resolution yet. I request technical support for this issue.",IT Services
Im facing an issue because the room furniture is not being handled according to the hostel procedure. I would like the matter to be handled according to hostel rules. I request the Provost Office to look into this matter.,Hostel/Provost Office
the electrical sockets has loose parts that may cause an accident.,Maintenance & Facilities
my GPA calculation does not include marks for work that I submitted. Kindly investigate the discrepancy and make the required correction.,Academic
"the network connection has not been restored after an earlier complaint. plz check whether there is an account or server-side problem. Because the issue is still unresolved, it is now affecting my normal university work. I request technical support for this issue.",IT Services
"Sir please check, the drainage line is not availble when it is needed. The facility is currently difficult to use safely. Please have this facility repaired or replaced.",Maintenance & Facilities
There seems to be an issue with my clearance form does not match the payment receipt. This matter has remained unresolved for several wroking days. Kindly review the documents and process the request.,Administrative Offices
I would like to complain that the lecture room lights is making a loud noise throughout lectures. I have already checked this more than once. The concerned staff are requested to repair this promptly.,Maintenance & Facilities
"I have a problem, the admission fee recrod was submitted before the deadline but still shows pending. Please resolve the issue without further unnecessary delay.",Administrative Offices
the prerequisite approval was marked absent although I attended the class. I would appreciate verification from the concerned academic office. Please update the record according to the submitted documents.,Academic
"the lab computer has been unavailable since this morning. Restarting the device did not solve the issue. Because the issue is still unresolved, it is now affecting my normal university work. I request technical support for this issue.",IT Services
I want to bring this issue to your attention: the biometric attendance machine is preventing me from accessing course material. I tried from more than one device and the problem is the same. Kindly check the network or account configuration.,IT Services
I want to report that my student card shows an incorrect amount. Please correct the record and confirm the updatd status.,Administrative Offices
my university email does not send the verification message. I tried from more than one device and the problem is the same. Kindly check the network or account configuration.,IT Services
I am writing regarding the assignment grade does not reflect the form I submitted on time. I have already checked this more than once. Please recheck the entry and let me know once it is fixed.,Academic
"Hi, the assignment grade is still missing from the student record. Because of this error, I am unable to proceed with the next academic step. can the office confirm the correct status?",Academic
Can someone check why the room change request has not been updated in the hostel recoard. Kindly inspect the issue and arrange the required solution.,Hostel/Provost Office
the duplicate student card request was marked incomplete although all listed documents were attached. Please verify the record with the accounts or registrar office. The concerned office is requested to check and complete this matter.,Administrative Offices
pleas check why the classroom fan is overflowing during busy hours. I have already checked this more than once. Please arrange repair as soon as possible.,Maintenance & Facilities
Can someone check why the university WiFi works for a few minutes and then goes offline. This is affecting my ability to complete university work. Kindly check the network or account configuration.,IT Services
I would like to complain that my portal login is not connected to the campus network. I have already checked this more than once. Please restore access as soon as possible.,IT Services
I want to report that the printing system does not accept my correct login details. pleas restore access as soon as possible.,IT Services
the makeup exam request does not include marks for work that I submitted.,Academic
"the admission status shows an incorrect amount. The application was submitted within the announced dates. Because the issue is still unresolved, it is now affecting my normal university work. Please process the request and correct the record.",Administrative Offices
"the common room is causing unnecessary difficulty at night. I informed the hostel staff earlier, but the issue continues. Please handle the matter according to hostel policy.",Hostel/Provost Office
I want to bring this issue to your attention: my thesis supervision has been pending for several days. Other students in the same class can see the correct information. I would be grateful if the responsible office could review the details instead of asking me to repeat the same process. Please update the record according to the submitted documents.,Academic
"I want to report that the accounts offce receipt is not appearing in the official record. The counter staff asked me to check again later, but there is still no progress. Please process the request and correct the record.",Administrative Offices
the accounts office receipt was submitted before the deadline but still shows pending. This matter has remained unresolved for several working days. Please correct the record and confirm the updated status.,Administrative Offices
I would like to complain that the computer lab software shows an error whenever I try to submit work. I reported this earlier to the IT desk but it is still unresolved. I would be grateful if the responsible office could review the details instead of asking me to repeat the same process. Please resolve the technical problem before the deadline.,IT Services
"Can u check this, the classroom ceiling is in poor condition and needs replacement. Please have this facility repaired or replaced.",Maintenance & Facilities
the lab internte connection is preventing me from accessing course material. The problem started recently and has continued since then. The IT team is requested to inspect and correct this.,IT Services
the university server shows an error whenever I try to submit work. I tried from more than one device and the problem is the same. I request technical support for this issue.,IT Services
"the document attestation request shows an incorrect amount. I would appreciate a clear status instead of being sent between offices. Because the issue is still unresolved, it is now affecting my normal university work. The concerned office is requested to check and complete this matter.",Administrative Offices
Please check why the electrical sockets is overflowing during busy hours. The condition is affecting normal use of the area. Kindly send the maintenance team to inspect and fix it.,Maintenance & Facilities
There seems to be an issue with the biometric attendance machine doesnt accept my correct login details. Please check whether there is an account or server-side problem. I would be grateful if the responsible office could review the details instead of asking me to repeat the same process. I request technical support for this issue.,IT Services
the biometric attendance machine does not send the verification message.,IT Services
"This is getting difficult, i am writing regarding the viva schedule was marked absent although I attended the class. Please check the matter before it affects my semester further.",Academic
the hostel room lock is affecting basic hostel facilities. Several residents on the floor are facing the same problem. Kindly inspect the issue and arrange the required solution.,Hostel/Provost Office
There is a problem with the water cooler is causing difficulty for students during lectures. The area is frequently used by students and staff. The concerned staff are requested to repair this promptly.,Maintenance & Facilities
Could you please look into this: the drainage line has broken fittings. Please send someone to inspect the location. I would be grateful if the responsible office could review the details instead of asking me to repeat the same process. Kindly send the maintenance team to inspect and fix it.,Maintenance & Facilities
I am facing an issue because the semester timetable has an incorrect total after the latest update. I have already checked this more than once. Kindly review this issue and update the academic record.,Academic
Please check why the admission fee record was supposed to be completed earlier but remains unresolved. The application was submitted within the announced dates. Kindly review the documents and process the request.,Administrative Offices
"Hi, the classroom ceiling keeps stopping and starting. The problem is now affecting more than one class. Because the issue is still unresolved, it is now affecting my normal universirty work. Please check the problem and restore the facility.",Maintenance & Facilities
the hostel security refund does not match the payment receipt.,Administrative Offices
"I would like to complain that the fee refund request has not been approved even after verification. Please verify the recrod with the accounts or registrar office. I have been trying to get this sorted out, but there has not been a clear resolution yet. Kindly review the documents and process the request.",Administrative Offices
I am writing regarding the classroom fan is in poor condition and needs replacement. I have already checked this more than once. Please inspect the area and take the necessary action.,Maintenance & Facilities
"Please help, my scholarship application has been delayed beyond the stated processing time. I have already visited the concerned office more than once. Please ask the concerned administrative office to resolve this.",Administrative Offices
the admission document is not appearing in the official record.,Administrative Offices
Can someone check why the common room is creating repeated arguments among residents. I would like the matter to be handled according to hostel rules. I would be grateful if the responsible office could review the details instead of asking me to repeat the same process. Please take action and update me about the complaint.,Hostel/Provost Office
Please check why the lecture desk is in poor condition and needs replacement. The area is frequently used by students and staff. I request urgent maintenance of this issue.,Maintenance & Facilities
I am facing an issue because my student card has no status update despite repeated visits. This matter has remained unresolved for several working days. I would be grateful if the responsible office could review the details instead of asking me to repeat the same process. The concerned office is requested to check and complete this matter.,Administrative Offices
"This is getting difficult, the document attestation request was submitted before the deadline but still shows pending. Please verify the record with the accounts or registrar office. I request verification and completion of the pending process.",Administrative Offices
the hostel washroom needs attention from the provost office. The issue needs attention before it becomes more serious. Please ask the hostel administration to resolve it.,Hostel/Provost Office
my scholarship application does not match the payment receipt. Please ask the concerned administrative office to resolve this.,Administrative Offices
"This is getting difficult, the accounts office receipt has no status update despite repeated visits. The delay is creating difficulty with my semester matters. Because the issue is still unresolved, it is now affecting my normal university work. Please process the request and correct the record.",Administrative Offices
"Hi, the toilet flush is making a loud noise throughout lectures.",Maintenance & Facilities
"This is getting difficult, the lab computer is not connected to the campus network. Please check the account or system and fix the issue.",IT Services
I want to bring this issue to your attention: the password reset service hasnt been restored after an earlier complaint. The issue occurs both in the lab and on my own device. I would be grateful if the responsible office could review the details instead of asking me to repeat the same process. Please resolve the technical problem before the deadline.,IT Services
the classroom fan is not providing adequate service.,Maintenance & Facilities
I need help because the hostel washroom is making it difficult to stay in the room. This is affecting normal hostel routine. I have been trying to get this sorted out but there has not been a clear resolution yet. Kindly have the warden or relevant staff check this issue.,Hostel/Provost Office
"Hi, can someone check why the electrical sockets is not available when it is needed. It would be better to repair it before the damage increases. I would be grateful if the responsible office could review the details instead of asking me to repeat the same process. Please send the maintenance team to inspect and fix it.",Maintenance & Facilities
I would like to complain that my degree verification request is being delayed because the counter staff keep asking me to return later. The required documents and receipt were submitted. The concerned office is requested to check and complete this matter.,Administrative Offices
the classroom windows is in poor condition and needs replacement.,Maintenance & Facilities
"my portal login is showing outdated information. Restarting the device did not solve the issue. Because the issue is still unresolved, it is now affecting my normal university work. The IT team is requested to inspect and correct this.",IT Services
I am facing an issue because the building staircase is blocked and wter is collecting around it. This is especially difficult when the room is full. Please have this facility repaired or replaced.,Maintenance & Facilities
"the LMS course page is not loading the required page. Other university websites are opening normally. Because the issue is still unresolved, it is now affecting my normal university work. Kindly ask IT support to resolve this problem.",IT Services
my clearance form does not match the payment receipt. I need the document for another university process. Kindly review the documents and process the request.,Administrative Offices
my scholarship application was submitted before the deadline but still shows pending.,Administrative Offices
"Please help, there is a problm with the room change request is causing unnecessary difficulty at night. The warden was informed but I have not received any update. Please handle the matter according to hostel policy.",Hostel/Provost Office
"I want to bring this issue to your attention: the hostel corridor lights is not available at the stated time. The warden was informed, but I have not received any update. I request the Provost Office to look into this matter.",Hostel/Provost Office
the scholarship payment is stuck between two administrative offices. Please verify the record with the accounts or registrar office. Please ask the concerned administrative office to resolve this.,Administrative Offices
"Please help, the lab computer has been unavailable since this morning. The IT team is requested to inspect and correct this.",IT Services
the drainage line is blocked and water is collecting around it. The issue becomes worse during afternoon classes. Please check the problem and restore the facility.,Maintenance & Facilities
my university email shows a server error repeatedly. Please investigate the error and update the service.,IT Services
"There is a problem with the document attestation request was supposed to be completed earlier but remains unresolved. I have kept a copy of the submitted form and payment receipt. I have been trying to get this sorted out, but there has not been a clear resolution yet. Kindly check the application and provide an update.",Administrative Offices
my student card has no status update despite repeated visits. Kindly review the documents and process the request.,Administrative Offices
the document attestation request does not match the payment receipt. Please process the request and correct the record.,Administrative Offices
"Hi, i am writing regarding the final exam result is different from what appears on the departmental notice. I submitted the required application before the deadline. I have been trying to get this sorted out but there has not been a clear resolution yet. Please update the record according to the submitted documents.",Academic
I am facing an issue because the student portal does not send the verification message. I need access before the current submission deadline. I request technical support for this issue.,IT Services
"the lecture desk is blocked and water is collecting around it. Please send someone to inspect the location. Because the issue is still unresolved, it is now affecting my normal university work. I request urgent maintenance of this issue.",Maintenance & Facilities
"Can u check this, the hostel room lock is creating an uncomfortable living situation. The concerned hostel staff are requested to take action.",Hostel/Provost Office
I would like to complain that the document attestation request was returned without explaining what is missing. I have already checked this more than once. Kindly check the application and provide an update.,Administrative Offices
I am having trouble because the lab internet connection is not responding at all. Please check whether there is an account or server-side problemm. Please resolve the technical problem before the deadline.,IT Services
"Please help, the admission fee record has not been forwarded to the concerned office. Please resolve the issue without further unnecessary delay.",Administrative Offices
I want to report that the registered credit hours shows a value that does not match the mraks announced in class. I have already checked this more than once. Please verify the record and correct it.,Academic
"Can u check this, the registrar application has been pending without any clear update. I need the document for another university process. Please ask the concerned administrative office to resolve this.",Administrative Offices
the online registration portal is not detecting the connected device. This is affecting my ability to complete university work. Please investigate the error and update the service.,IT Services
"the hostle cleaning schedule is not working properly. I would like the matter to be handled according to hostel rules. Because the issue is still unresolved, it is now affecting my normal university work. The concerned hostel staff are requested to take action.",Hostel/Provost Office
I would like to complain that the deparment printer is showing outdated information. I tried from more than one device and the problem is the same. Kindly ask IT support to resolve this problem.,IT Services
I need help because the lab computer shows an error whenever I try to submit work. This is affecting my ability to complete university work. Please check the account or system and fix the issue.,IT Services
There is a problem with my fee challan does not match the payment receipt. Kindly review the documents and process the request.,Administrative Offices
Could you please look into this: the hostel curfew entry has not been updated in the hostel record. Please handle the matter according to hostel policy.,Hostel/Provost Office
the accounts office receipt has not been processed even though the documents were submitted. I request verification and completion of the pending process.,Administrative Offices
the LMS course page is not loading the required page. This is affecting my ability to complete university work. Please investigate the error and update the service.,IT Services
"I am facing an issue because the student portal shows an error whenever I try to submit work. Other university websites are opening normally. I have been trying to get this sorted out, but there has not been a clear resolution yet. Kindly check the network or account configuration.",IT Services
Could you please look into this: the fee correction application shows an incorrect amount. Please verify the record with the accounts or registrar ofice. I would be grateful if the responsible office could review the details instead of asking me to repeat the same process. I request verification and completion of the pending process.,Administrative Offices
There seems to be an issue with the exam date sheet does not reflect the form I submitted on time. I have already checked this more than once. Please check the matter before it affects my semester further.,Academic
"Can u check this, the departmnt printer has stopped working after the latest update.",IT Services
"Could you please look into this: my fee challan hasnt been approved even after verification. The counter staff asked me to check again later, but there is still no progress. Please ask the concerned administrative office to resolve this.",Administrative Offices
the room change request has not been updated in the hostel record.,Hostel/Provost Office
Can someone check why the corridor lights is not working properly during class hours. I have already checked this more than once. The concerned staff are requested to repair this promptly.,Maintenance & Facilities
I want to report that the LMS account is not connected to the campus network. I have already checked this more than once. Please investigate the error and update the service.,IT Services
"the fee refund request was marked incomplete although all listed documents were attached. I need the document for another university process. Because the issue is still unresolved, it is now affecting my normal university work. Please ask the concerned administrative office to resolve this.",Administrative Offices
I am writing regarding the hostel water supply requires inspection by hostel staff. The condition has been causing inconvenience for several days. Please resolve this hostel-related problem soon.,Hostel/Provost Office
"This is getting difficult, the makeup exam request has not been approved despite repeated follow-up. I submitted the required application before the deadline. Please check the matter before it affects my semester further.",Academic
I need help because the result card was changed without any explanation. I have already checked this more than once. Please verify the record and correct it.,Academic
Could you please look into this: the admission status is stuck between two administrative offices. I have kept a copy of the submitted form and payment receipt. Kindly check the application and provide an update.,Administrative Offices
"I have a problem, my fee challan was supposed to be completed earlier but remains unresolved. The delay is creating difficulty with my semester matters. Please check the application and provide an update.",Administrative Offices
"the lab computer keeps disconnecting during use. I tried from more than one device and the problem is the same. Because the issue is still unresolved, it is now affecting my normal university work. Kindly ask IT support to resolve this problem.",IT Services
Im having trouble because the drinking water supply is causing difficulty for students during lectures. It would be better to repair it before the damage increases. Kindly resolve the maintenance problem at the earliest.,Maintenance & Facilities
I am having trouble because the final exam result is still missing from the student recrod. I have already checked this more than once. Please update the record according to the submitted documents.,Academic
"Please help, the room furniture is creating an uncomfortable living situation.",Hostel/Provost Office
the washroom taps has loose parts that may cause an accident. The problem is now affecting more than one class. Please inspect the area and take the necessary action.,Maintenance & Facilities
the drinking water supply is causing difficulty for students during lectures. Students are facing this problem every day. I request urgent maintenance of this issue.,Maintenance & Facilities
There seems to be an issue with the biometric attandance machine is showing outdated information. I need access before the current submission deadline. I would be grateful if the responsible office could review the details instead of asking me to repeat the same process. The IT team is requested to inspect and correct this.,IT Services
"Hi, my clearance form has not been processed even though the documents were submitted. Please check the application and provide an update.",Administrative Offices
"Sir please check, please check why the printing system is preventing me from accessing course material. The problem started recently and has continued since then. I would be grateful if the responsible office could review the details instead of asking me to repeat the same process. Please restore access as soon as possible.",IT Services
Can someone check why the registered credit hours was changed without any explanation. The department office asked me to wait but there has been no update. Could the concerned office please confirm the correct status?,Academic
Can someone check why the fee correction application contains incorrect student information. I have already visited the concerned office more than once. I would be grateful if the responsible office could review the details instead of asking me to repeat the same process. Please correct the record and confirm the updated status.,Administrative Offices
I am having trouble because the corridor lights has exposed wiring that should be inspected. It would be better to repair it before the damage increases. Please check the problem and restore the facility.,Maintenance & Facilities
"Can u check this, i am writing regarding the washroom plumbing has loose parts that may cause an accident. The condition is affecting normal use of the area. I have been trying to get this sorted out, but there has not been a clear resolution yet. The concerned staff are requested to repair this promptly.",Maintenance & Facilities
"Could you please look into this: the hot water facility has been pending with the hostel office. Several residents on the floor are facing the same problem. I have been trying to get this sorted out, but there hasnt been a clear resolution yet. Please take action and update me about the complaint.",Hostel/Provost Office
the universty server is extremely slow during class hours. Other university websites are opening normally. The IT team is requested to inspect and correct this.,IT Services
Could you please look into this: the accounts office receipt is being delayed because the counter staff keep asking me to return later. I would appreciate a clear status instead of being sent between offices. Please process the request and correct the record.,Administrative Offices
"There seems to be an issue with the common room is causing unnecessary difficulty at night. I informed the hostel staff earlier, but the issue continues. Kindly have the warden or relevant staff check this issue.",Hostel/Provost Office
the quiz score shows a value that doesnt match the marks announced in class. Please verify the record and correct it.,Academic
the network connection does not send the verification message. I need access before the current submission deadline. The IT team is requested to inspect and correct this.,IT Services
"Hi, i want to bring this issue to your attention: the scholarship payment contains incorrect student information. I have already checked this more than once. Please process the request and correct the record.",Administrative Offices
Can someone check why the lab computer shows a server error repeatedly. Other university websites are opening normally. Please resolve the technical problem before the deadline.,IT Services
the campus network keeps disconnecting during use. This is affecting my ability to complete university work. I request technical support for this issue.,IT Services
I want to report that the transcript has an incorrect total after the latest update. plz check the matter before it affects my semester further.,Academic
the biometric attendance machine is not responding at all. Restarting the device did not solve the issue. Please investigate the error and update the service.,IT Services
Please check why the department printer does not recognize my account. Please check whether there is an account or server-side problem. Kindly check the network or account configuration.,IT Services
There is a problem with my universirty email doesnt recognize my account. The issue occurs both in the lab and on my own device. Please check the account or system and fix the issue.,IT Services
"Please check why the assignment grade was entered under the wrong course code. The department office asked me to wait, but there has been no update. Please verify the record and correct it.",Academic
the makeup exam request shows a value that does not match the marks announced in class.,Academic
the LMS course page is preventing me from accessing course material. I need access before the current submission deadline. Kindly ask IT support to resolve this problem.,IT Services
"Please help, the online registration portal is not connected to the campus network.",IT Services
"Please help, there seems to be an issue with the scholarship payment was marked incomplete although all listed documents were attached. Please ask the concerned administrative office to resolve this.",Administrative Offices
"the exam date sheet doesnt reflect the form I submitted on time. This issue is causing difficulty with my current semester planning. Because the issue is still unresolved, it is now affecting my normal university work. Please recheck the entry and let me know once it is fixed.",Academic
the biometric attendance machine is showing outdated information. Kindly check the network or account configuration.,IT Services
Could you please look into this: the projector connection is preventing me from accessing course material. Please investigate the error and update the service.,IT Services
"the quiz score has not been updated even though the instructor confirmed the correction. Because of this error, Im unable to proceed with the next academic step. I request the department to resolve this as soon as possible.",Academic
I am writing regarding the course section has not been updated even though the instructor confirmed the correction. Please recheck the entry and let me know once it is fixed.,Academic
"I would like to complain that the drinking water supply has been left unrepaired since last week. It would be better to repair it before the damage increases. I have been trying to get this sorted out, but there has not been a clear resolution yet. Kindly resolve the maintenance problem at the earliest.",Maintenance & Facilities
I want to report that the student portal does not send the verification message. I tried from more than one device and the problem is the same. Please check the account or system and fix the issue.,IT Services
"the hostel security desk is making it difficult to stay in the room. I informed the hostel staff earlier, but the issue continues. Please ask the hostel administration to resolve it.",Hostel/Provost Office
I am writing regarding the projector connection keeps disconnecting during use. I have already checked this more than once. Please investigate the error and update the service.,IT Services
"the toilet flush has broken fittings. This is especially difficult when the room is full. Because the issue is still unresolved, it is now affecting my normal university work. The concerned staff are requested to repair this promptly.",Maintenance & Facilities
"Please help, i would like to complain that the department elevator is causing difficulty for students during lectures. The condition is affecting normal use of the area. I have been trying to get this sorted out, but there has not been a clear resolution yet. Please have this facility repaired or replaced.",Maintenance & Facilities
my clearance form has not been forwarded to the concerned office. The application was submitted within the announced dates. The concerned office is requested to check and complete this matter.,Administrative Offices
the classroom projector is extremely slow during class hours. The IT team is requested to inspect and correct this.,IT Services
I need help because the password reset service is extremely slow during class hours. I have already checked this more than once. Please check the account or system and fix the issue.,IT Services
"my clearance form is not appearing in the official record. I have already visited the concerned office more than once. Because the issue is still unresolved, it is now affecting my normal university work. I request verification and completion of the pending process.",Administrative Offices
"the classroom chairs is overflowing during busy hours. This is especially difficult when the room is full. Because the issue is still unresolved, it is now affecting my normal university work. Please arrange repair as soon as possible.",Maintenance & Facilities
the final exam result shows a value that does not match the marks announced in class. I need the corrected record for an upcoming academic requirement. Please update the record according to the submitted documents.,Academic
"the admission fee record was entered under the wrong category. The counter staff asked me to check again later, but there is still no progress. Please ask the concerned administrative office to resolve this.",Administrative Offices
I want to report that the room cleanliness is creating an uncomfortable living situation. This is affecting normal hostel routine. Kindly have the warden or relevant staff check this issue.,Hostel/Provost Office
Please check why the parking area has been out of order for several days. Students are facing this problem every day. I would be grateful if the responsible office could review the details instead of asking me to repeat the same process. I request urgent maintenance of this issue.,Maintenance & Facilities
I want to report that the electrical sockets is producing a strong smell and needs maintenance. I have already checked this more than once. Please check the problem and restore the facility.,Maintenance & Facilities
the hostel washroom is not being handled according to the hostel procedure. The problem is especially difficult during evening hours. The concerned hostel staff are requested to take action.,Hostel/Provost Office
my thesis supervision was changed without any explanation.,Academic
"This is getting difficult, i need help because the hostel water supply is still unresolved after several days. This is affecting normal hostel routine. I have been trying to get this sorted out, but there hasnt been a clear resolution yet. pleas ask the hostel administration to resolve it.",Hostel/Provost Office
I want to bring this issue to your attention: the hostel washroom has been pending with the hostel office. This is affecting normal hostel routine. Kindly inspect the issue and arrange the required solution.,Hostel/Provost Office
I am facing an issue because the laboratory ventilation is not providing adequate service. Please inspect the area and take the necessary action.,Maintenance & Facilities
the hostel security refund was supposed to be completed earlier but remains unresolved. I need the document for another universirty process. Kindly check the application and provide an update.,Administrative Offices
"Sir please check, the hostel security desk is creating hygiene concerns for residents. I have already submitted a request at the hostel office. Please take action and update me about the complaint.",Hostel/Provost Office
I am facing an issue because the room ceiling fan has been pending with the hostel office. Please check the hostel record for my earlier complaint. I would be grateful if the responsible office could review the details instead of asking me to repeat the same process. Please ask the hostel administration to resolve it.,Hostel/Provost Office
"Im facing an issue becase the drainage line has not been repaired after an earlier complaint. A maintenance complaint was already reported, but the problem remains. Kindly resolve the maintenance problem at the earliest.",Maintenance & Facilities
I want to report that the makeup exam request has not been updated even though the instructor confirmed the correction. I already contacted the relevant teacher but the record is unchanged. Kindly review this issue and update the academic record.,Academic
I am writing regarding the campus network has stopped working after the latest update. I have already checked this more than once. Please resolve the technical problem before the deadline.,IT Services
"This is getting difficult, the air conditioner keeps stopping and starting. Please arrange repair as soon as possible.",Maintenance & Facilities
the classroom fan is causing difficulty for students during lectures. Kindly resolve the maintenance problem at the earliest.,Maintenance & Facilities
I need help because the hostel cleaning schedule is not being handled according to the hostel procedure. This is affecting normal hostel routine. I would be grateful if the responsible office could review the details instead of asking me to repeat the same process. Please take action and update me about the complaint.,Hostel/Provost Office
"I need help because the admission document is stuck between two administrative offices. I need the document for another university process. I have been trying to get this sorted out, but there has not been a clear resolution yet. Please process the request and correct the record.",Administrative Offices
"I want to bring this issue to your attention: the transcript still shows the old information after correction. I already contacted the relevant teacher but the record is unchanged. I have been trying to get this sorted out, but there has not been a clear resolution yet. Kindly review this issue and update the academic record.",Academic
"Can u check this, i am writing regarding the fee refund request needs correction in the administrative record. I have already checked this more than once. Please ask the concerned administrative ofice to resolve this.",Administrative Offices
I want to report that my fee challan does not match the payment receipt. I have already checked this more than once. Kindly check the application and provide an update.,Administrative Offices
"the common room is not working properly. I have already submitted a request at the hostel office. Because the issue is still unresolved, it is now affecting my normal university work. Please handle the matter according to hostel policy.",Hostel/Provost Office
"the LMS course page has been unavailable since this morning. I already changed the password, but the error remains. Because the issue is still unresolved, it is now affecting my normal university work. Please resolve the technical problem before the deadline.",IT Services
I want to bring this issue to your attention: the department printer has been unavailable since this morning. Kindly ask IT support to resolve this problem.,IT Services
I want to report that the fee refund request doesnt match the payment receipt. The required documents and receipt were submitted. I would be grateful if the responsible office could review the details instead of asking me to repeat the same process. Please process the request and correct the recoard.,Administrative Offices
There seems to be an issue with the hostel cleaning schedule is not being handled according to the hostel procedure. This is affecting normal hostel routine. Please ask the hostel administration to resolve it.,Hostel/Provost Office
"Sir please check, i need help because course registration is still missing from the student record. The supporting document was submitted at the department office. Please update the record according to the submitted documents.",Academic
"the common room has not been updated in the hostel record. The condition has been causing inconvenience for several days. Because the issue is still unresolved, it is now affecting my normal university work. Kindly inspect the issue and arrange the required solution.",Hostel/Provost Office
"Please help, i want to bring this issue to your attention: my student card was marked incomplete although all listed documents were attached. I have already checked this more than once. Please check the application and provide an update.",Administrative Offices
I need help because the migration certificate is being delayed because the counter staff keep asking me to return later. The application was submitted within the announced dates. Please process the request and correct the recoard.,Administrative Offices
"the classroom chairs has exposed wiring that should be inspected. This is especially difficult when the room is full. Because the issue is still unresolved, it is now affecting my normal university work. Please inspect the area and take the necessary action.",Maintenance & Facilities
the common room has not been resolved after repeated reporting. I have already submitted a request at the hostel office. Please ask the hostel administration to resolve it.,Hostel/Provost Office
the washroom plumbing is not available when it is needed. Students are facing this problem every day. Kindly send the maintenance team to inspect and fix it.,Maintenance & Facilities
I would like to complain that the assignment grade has not been approved despite repeated follow-up. I already contacted the relevant teacher but the record is unchanged. Please check the matter before it affects my semester further.,Academic
"the practical marks is showing the wrong course information. The supporting document was submitted at the department office. Because the issue is still unresolved, it is now affecting my normal university work. Kindly review this issue and update the academic record.",Academic
"the hostel WiFi complaint record is causing problems for residents every day. I have already submitted a request at the hostel office. Because the issue is still unresolved, it is now affecting my normal university work. Please resolve this hostel-related problem soon.",Hostel/Provost Office
"Sir please check, i am having trouble because my GPA calculation has not been approved despite repeated follow-up. I submitted the required applicaton before the deadline. Please investigate the discrepancy and make the required correction.",Academic
"the projector connection does not recognize my account. This is affecting my ability to complete university work. Because the issue is still unresolved, it is now affecting my normal university work. I request technical support for this issue.",IT Services
There is a problem with my CGPA is showing the wrong course information. I have already checked this more than once. Please recheck the entry and let me know once it is fixed.,Academic
I need help because the washroom taps needs urgent cleaning and maintenance. The facility is currently difficult to use safely. Please inspect the area and take the necessary action.,Maintenance & Facilities
"Hi, the transcript has been pending for several days. The supporting document was submitted at the department office. Because the issue is still unresolved, it is now affecting my normal university work. Please check the matter before it affects my semester further.",Academic
my hostel room allocation is making it difficult to stay in the room.,Hostel/Provost Office
the registered credit hours was not accepted even though I met the deadline.,Academic
"Can u check this, i am facing an issue because the department printer has been unavailable since this morning. I have already checked this more than once. The IT team is requested to inspect and correct this.",IT Services
"Can u check this, i am writing regarding the parking area has broken fittings. I have already checked this more than once. Please resolve the maintenance problem at the earliest.",Maintenance & Facilities
Can someone check why the hostel corridor lights is causing unnecessary difficulty at night. I have already submitted a request at the hostel office. Please handle the matter according to hostel policy.,Hostel/Provost Office
"Can u check this, i want to report that the university server does not send the verification message. I have already checked this more than once. I request technical support for this issue.",IT Services
"I am facing an issue because the university server hasnt been restored after an earlier complaint. I already changed the password, but the error remains. I have been trying to get this sorted out, but there has not been a clear resolution yet. Please check the account or system and fix the issue.",IT Services
There seems to be an issue with the online registration portal has not been restored after an earlier complaint. I have already checked this more than once. I request technical support for this issue.,IT Services
I am writing regarding the accounts office receipt was returned without explaining what is missing. I have already checked this more than once. Kindly check the application and provide an update.,Administrative Offices
"Hi, the hostel curfew entry is creating repeated arguments among residents. I informed the hostel staff earlier, but the issue continues. Please take action and update me about the complant.",Hostel/Provost Office
"This is getting difficult, the laboratory ventilation is not providing adequate service. This is especially difficult when the room is full. I request urgent maintenance of this issue.",Maintenance & Facilities
"Hi, i want to report that the classroom ceiling has loose parts that may cause an accident. I have already checked this more than once. I request urgent maintenance of this issue.",Maintenance & Facilities
"Can u check this, i am facing an issue because the migration certificate needs correction in the administrative record. I have already checked this more than once. The concerned office is requested to check and complete this matter.",Administrative Offices
Please check why the water cooler is in poor condition and needs replacement. It would be better to repair it before the damage increases. Please have this facility repaired or replaced.,Maintenance & Facilities
There seems to be an issue with the drainage line is not available when it is needed. Kindly send the maintenance team to inspect and fix it.,Maintenance & Facilities
Could you please look into this: the department elevator has broken fittings. I have already checked this more than once. Please check the problem and restore the facility.,Maintenance & Facilities
"This is getting difficult, i want to report that the campus network has stopped working after the latest update. The issue occurs both in the lab and on my own device. I would be grateful if the responsible office could review the details instead of asking me to repeat the same process. Please investigate the error and update the service.",IT Services
There seems to be an issue with my roommate issue has been pending with the hostel office. The issue needs attention before it becomes more serious. Please ask the hostel administration to resolve it.,Hostel/Provost Office
"There is a problem with the department elevator is overflowing during busy hours. The issue becomes worse during afternoon classes. I have been trying to get this sorted out, but there has not been a clear resolution yet. Kindly send the maintenance team to inspect and fix it.",Maintenance & Facilities
I want to report that the room change request is causing unnecessary difficulty at night. I have already checked this more than once. Please resolve this hostel-related problem soon.,Hostel/Provost Office
I want to bring this issue to your attention: the hostel washroom is not working properly. Please check the hostel record for my earlier complaint. Kindly inspect the issue and arrange the required solution.,Hostel/Provost Office
Could you pls look into this: my GPA calculation is creating a clash with another registered course. I already contacted the relevant teacher but the record is unchanged. Please verify the record and correct it.,Academic
the official certificate request is stuck between two administrative offices.,Administrative Offices
"Sir plz check, can someone check why the classroom windows is making a loud noise throughout lectures. This is especially difficult when the room is full. Please send the maintenance team to inspect and fix it.",Maintenance & Facilities
"Hi, my student card is causing difficulty with another university process. Please review the documents and process the request.",Administrative Offices
the air conditioner is producing a strong smell and needs maintenance.,Maintenance & Facilities
"the hostel corridor lights is not working properly. I informed the hostel staff earlier, but the issue continues. I request the Provost Office to look into this matter.",Hostel/Provost Office
Could you please look into this: the transcript does not include marks for work that I submitted. I need the corrected record for an upcoming academic requirement. Please recheck the entry and let me know once it is fixed.,Academic
"Sir please check, the drinking water supply has not been repaired after an earlier complaint. It would be better to repair it before the damage increases. Please resolve the maintenance problem at the earliest.",Maintenance & Facilities
"There is a problem with the mess timing has been pending with the hosel office. The condition has been causing inconvenience for several days. I have been trying to get this sorted out, but there hasnt been a clear resolution yet. I request the Provost Office to look into this matter.",Hostel/Provost Office
I am writing regarding the electrical sockets has been out of order for several days. I have already checked this more than once. plz have this facility repaired or replaced.,Maintenance & Facilities
the mess food is creating hygiene concerns for residents. I request the Provost Office to look into this matter.,Hostel/Provost Office
I am having trouble because the campus network is preventing me from accessing course material. Please check whether there is an account or server-side problem. Please investigate the error and update the service.,IT Services
"There is a problem with the transcript does not reflect the form I submitted on time. This issue is causing difficulty with my current semester planning. I have been trying to get this sorted out, but there has not been a clear resolution yet. Please verify the record and correct it.",Academic
pls check why the common room is still unresolved after several days. I have already checked this more than once. Kindly inspect the issue and arrange the required solution.,Hostel/Provost Office
"This is getting difficult, i am having trouble because the classroom projector is not syncing with my student account. The issue occurs both in the lab and on my own device. I would be grateful if the responsible office could review the details instead of asking me to repeat the same process. Please investigate the error and update the service.",IT Services
the corridor lights has not been repaired after an earlier complaint. The problem is now affecting more than one class. Please check the problem and restore the facility.,Maintenance & Facilities
I am facing an issue because the hot water facility is not working properly. I have already submitted a request at the hostel office. I would be grateful if the responsible office could review the details instead of asking me to repeat the same process. Kindly inspect the issue and arrange the required solution.,Hostel/Provost Office
Could you please look into this: my student card has not been approved even after verification. The delay is creating difficulty with my semester matters. Please process the request and correct the record.,Administrative Offices
I want to report that the admission status has not been issued yet. The concerned office is requested to check and complete this matter.,Administrative Offices
I am facing an issue because the room ceiling fan is making it difficult to stay in the room. I have already checked this more than once. Please handle the matter according to hostel policy.,Hostel/Provost Office
I want to bring this issue to your attention: the electrical sockets is creating an uncomfortable environment in the room. pls send someone to inspect the location. The concerned staff are requested to repair this promptly.,Maintenance & Facilities
the lab internet connection does not accept my correct login details.,IT Services
Please check why the hostel water supply has become worse this week. This is affecting normal hostel routine. Please handle the matter according to hostel policy.,Hostel/Provost Office
There is a problem with my degree verification request has not been approved even after verification. I have already checked this more than once. Kindly check the application and provide an update.,Administrative Offices
Can someone check why the classroom windows is blocked and water is collecting around it. I have already checked this more than once. Kindly resolve the maintenance problem at the earliest.,Maintenance & Facilities
the bonafide certificate has been pending without any clear update. Please ask the concerned administrative office to resolve this.,Administrative Offices
"the bonafide certificate needs correction in the administrative record. The counter staff asked me to check again later, but there is still no progress. Because the issue is still unresolved, it is now affecting my normal university work. Please process the request and correct the record.",Administrative Offices
my midterm marks does not reflect the form I submitted on time. I submitted the required application before the deadline. Please update the record according to the submitted documents.,Academic
the mess timing requires inspection by hostel staff. I would like the matter to be handled according to hostel rules. Please resolve this hostel-related problm soon.,Hostel/Provost Office
I am writing regarding my hostel room allocation is not being handled according to the hostel procedure. I have already checked this more than once. Please take action and update me about the complaint.,Hostel/Provost Office
"my clearance form was supposed to be completed earlier but remains unresolved. Please verify the record with the accounts or registrar office. Because the issue is still unresolved, it is now affecting my normal university work. Please correct the record and confirm the updated status.",Administrative Offices
the air conditioner is in poor condition and needs replacement. Please check the problem and restore the facility.,Maintenance & Facilities
the final exam result is preventing me from completing registration. This issue is causing difficulty with my current semester planning. Please verify the record and correct it.,Academic
"Please help, i need help because the course section still shows the old information after correction. I have already checked this more than once. Please investigate the discrepancy and make the required correction.",Academic
I am facing an issue because the duplicate student card request was supposed to be completed earlier but remains unresolved. Please verify the record with the accounts or registrar office. Please correct the record and confirm the updated status.,Administrative Offices
the hostel gate procedure is not available at the stated time.,Hostel/Provost Office
"This is getting difficult, there seems to be an issue with the classroom ceiling has been out of order for several days. Students are facing this problem every day. Please have this facility repaired or replaced.",Maintenance & Facilities
"I would like to complain that the registered credit hours has not been approved despite repeated follow-up. Because of this error, I am unable to proceed with the next academic step. Please check the matter before it affects my semester further.",Academic
"I have a problem, can someone check why the mess timing is creating hygiene concerns for residents. The condition has been causing inconvenience for several days. pleas have the warden or relevant staff check this issue.",Hostel/Provost Office
"the hot water facility is creating repeated arguments among residents. The condition has been causing inconvenience for several days. Because the issue is still unresolved, it is now affecting my normal university work. Please ask the hostel administration to resolve it.",Hostel/Provost Office
the department elevator has exposed wiring that should be inspected.,Maintenance & Facilities
the washroom plumbing keeps stopping and starting. The facility is currently difficult to use safely. Please have this facility repaired or replaced.,Maintenance & Facilities
"the hostel gate procedure is causing unnecessary difficulty at night. I informed the hostel staff earlier, but the issue continues. I request the Provost Office to look into this matter.",Hostel/Provost Office
Please check why the scholarship payment is causing difficulty with another university process. This matter has remained unresolved for several working days. Please ask the concerned administrative office to resolve this.,Administrative Offices
There seems to be an issue with the network connection does not send the verification message. I tried from more than one device and the problem is the same. Please resolve the technical problem before the deadline.,IT Services
the classroom chairs is damaged and unsafe to use. The area is frequently used by students and staff. I request urgent maintenance of this issue.,Maintenance & Facilities
I am facing an issue because the makeup exam request has an incorrect total after the latest update. I have already checked this more than once. I request the department to resolve this as soon as possible.,Academic
Please check why the campus network fails before the process is completed. The problem started recently and has continued since then. Kindly check the network or account configuration.,IT Services
"I want to bring this issue to your attention: the online registration portal has not been restored after an earlier complaint. Please check whether there is an account or server-side problem. I have been trying to get this sorted out, but there has not been a clear resolution yet. Please restore access as soon as possible.",IT Services
I need help because the water cooler is making a loud noise throughout lectures. I request urgent maintenance of this issue.,Maintenance & Facilities
I want to report that the lecture desk is damaged and unsafe to use. I have already checked this more than once. Please inspect the area and take the necessary action.,Maintenance & Facilities
the prerequisite approval has not been approved despite repeated follow-up. Please update the record according to the submitted documents.,Academic
I am having trouble because the network connection is not connected to the campus network. The issue occurs both in the lab and on my own device. Please check the account or system and fix the issue.,IT Services
the corridor lights has broken fittings. This is especially difficult when the room is full. Kindly send the maintenance team to inspect and fix it.,Maintenance & Facilities
I want to report that the lab internet connection has been unavailable since this morning. Please investigate the error and update the service.,IT Services
I am facing an issue because the practical marks has been pending for several days. I have checked the portal more than once and the same problem remains. I would be grateful if the responsible office could review the details instead of asking me to repeat the same process. I request the department to resolve this as soon as possible.,Academic
I would like to complain that my financial aid application was supposed to be completed earlier but remains unresolved. I have already checked this more than once. Kindly review the documents and process the request.,Administrative Offices
"Hi, can someone check why the course section is creating a clash with another registered course. I have already checked this more than once. Please review this issue and update the academic recrod.",Academic
the hostel gate procedure is making it difficult to stay in the room.,Hostel/Provost Office
the quiz score has not been updtaed even though the instructor confirmed the correction.,Academic
"Can u check this, the university server fails before the process is completed. I need access before the current submission deadline. Because the issue is still unresolved, it is now affecting my normal university work. Please check the network or account configuration.",IT Services
I would like to complain that the official certificate request contains incorrect student information. I have already checked this more than once. Kindly review the documents and process the request.,Administrative Offices
I want to report that my fee challan was submitted before the deadline but still shows pending. Please verify the record with the accounts or registrar office. I would be grateful if the responsible office could review the details instead of asking me to repeat the same process. Please process the request and correct the record.,Administrative Offices
I want to bring this issue to your attention: the hostel room lock needs attention from the provost office. I have already submited a request at the hostel office. Kindly have the warden or relevant staff check this issue.,Hostel/Provost Office
the washroom plumbing has been out of order for several days.,Maintenance & Facilities
"Can u check this, the printing system shows an error whenever I try to submit work. I need access before the current submission deadline. pleas check the account or system and fix the issue.",IT Services
the lab computer is not loading the required page. Other university websites are opening normally. I request technical support for this issue.,IT Services
I am having trouble because my portal login is not syncing with my student account. I have already checked this more than once. Kindly check the network or account configuration.,IT Services
"the password reset service is preventing me from accessing course material. I already changed the password, but the error remains. I request technical support for this issue.",IT Services
Can someone check why the hostel cleaning schedule has not been resolved after repeated reporting. The issue needs attention before it becomes more serious. I request the Provost Office to look into this matter.,Hostel/Provost Office
"I am writing regarding the viva schedule was uploaded late and now I cannot complete the next process. I need the corrected record for an upcoming academic requirement. I have been trying to get this sorted out, but there hasnt been a clear resolution yet. plz update the record according to the submitted documents.",Academic
"the accounts office receipt has not been forwarded to the concerned office. I need the document for another university process. Because the issue is still unresolved, it is now affecting my normal university work. The concerned office is requested to check and complete this matter.",Administrative Offices
"Can u check this, i want to report that the accounts office receipt was marked incomplete although all listed documents were attached. The application was submitted within the announced dates. I have been trying to get this sorted out, but there has not been a clear resolution yet. Please resolve the issue without further unnecessary delay.",Administrative Offices
the hostel gate procedure has not been repaired despite an earlier request. Kindly have the warden or relevant staff check this issue.,Hostel/Provost Office
I want to report that the accounts office receipt shows an incorrect amount. I have kept a copy of the submitted form and payment receipt. Please ask the concerned administrative office to resolve this.,Administrative Offices
"the registered credit hours shows a value that does not match the marks announced in class. The department office asked me to wait, but there has been no update. Please recheck the entry and let me know once it is fixed.",Academic
Please check why course registration was uploaded late and now I cannot complete the next process. I have already checked this more than once. Kindly investigate the discrepancy and make the required correction.,Academic
the fee correction application is not appearing in the official recoard. Please correct the record and confirm the updated status.,Administrative Offices
I am writing regarding the email verification link is not detecting the connected device. I have already checked this more than once. Please resolve the technical problem before the deadline.,IT Services
I need help because my financial aid application does not match the payment receipt. I have already checked this more than once. Kindly check the application and provide an update.,Administrative Offices
There is a problem with the parking area is blocked and water is collecting around it. I have already checked this more than once. Kindly send the maintenance team to inspect and fix it.,Maintenance & Facilities
the hostel security desk is making it difficult to stay in the room. The problem is especially difficult during evening hours. I request the Provost Office to look into this matter.,Hostel/Provost Office
the hostel cleaning schedule is making it difficult to stay in the room. Please check the hostel record for my earlier complaint. Please take action and update me about the complaint.,Hostel/Provost Office
"I have a problem, my clearance form is being delayed because the counter staff keep asking me to return later. The counter staff asked me to check again later but there is still no progress. Please review the documents and process the request.",Administrative Offices
"the classroom fan is damaged and unsafe to use. It would be better to repair it before the damage increases. Because the issue is still unresolved, it is now affecting my normal university work. Kindly send the maintenance team to inspect and fix it.",Maintenance & Facilities
the common room is affecting basic hostel facilities.,Hostel/Provost Office
"the assignment grade does not include marks for work that I submitted. I would appreciate verification from the concerned academic office. Because the issue is still unresolved, it is now affecting my normal university work. Please verify the record and correct it.",Academic
Please check why the campus network is extremely slow during class hours. I have already checked this more than once. Please investigate the error and update the service.,IT Services
Please check why the hosel room lock needs attention from the provost office. This is affecting normal hostel routine. Please take action and update me about the complaint.,Hostel/Provost Office
"This is getting difficult, there is a problem with the scholarship payment needs correction in the administrative record. I have already checked this more than once. Please correct the record and confirm the updated status.",Administrative Offices
"There seems to be an issue with the migration certificate was supposed to be completed earlier but remains unresolved. The required documents and receipt were submited. I have been trying to get this sorted out, but there has not been a clear resolution yet. I request verification and completion of the pending process.",Administrative Offices
"This is getting difficult, the washroom taps is blocked and water is collecting around it. Please have this facility repaired or replaced.",Maintenance & Facilities
"the classroom projector is preventing me from accessing course material. I already changed the password, but the error remains. Because the issue is still unresolved, it is now affecting my normal university work. The IT team is requested to inspect and correct this.",IT Services
I want to report that the LMS account is not connected to the campus network. Kindly check the network or account configuration.,IT Services
the mess food has become worse this week. Please take action and update me about the complaint.,Hostel/Provost Office
I want to report that the printing system is rejecting files that meet the stated requirements. I have already checked this more than once. The IT team is requested to inspect and correct this.,IT Services
the hostel washroom is not working properly. Please handle the matter according to hostel policy.,Hostel/Provost Office
Could you please look into this: the toilet flush is in poor condition and needs replacement. Students are facing this problem every day. I request urgent maintenance of this issue.,Maintenance & Facilities
Can someone check why the duplicate student card request has been pending without any clear update. I have kept a copy of the submited form and payment receipt. Please resolve the issue without further unnecessary delay.,Administrative Offices
the online registration portal does not accept my correct login details. Kindly ask IT support to resolve this problem.,IT Services
"the viva schedule was not accepted even though I met the deadline. The supporting document was submitted at the department office. Because the issue is still unresolved, it is now affecting my normal university work. Could the concerned office please confirm the correct status?",Academic
"I want to bring this issue to your attention: the parking area has not been repaired after an earlier complaint. The problem is now affecting more than one class. I have been trying to get this sorted out, but there has not been a clear resolution yet. The concerned staff are requested to repair this promptly.",Maintenance & Facilities
the makeup exam request is showing the wrong course information.,Academic
"Hi, i am facing an issue because the washroom plumbing is not working properly during class hours. A maintenance complaint was already reported, but the problem remains. Please arrange repair as soon as possible.",Maintenance & Facilities
I would like to complain that the washroom plumbing is in poor condition and needs replacement. I have already checked this more than once. pleas arrange repair as soon as possible.,Maintenance & Facilities
the building staircase is causing difficulty for students during lectures.,Maintenance & Facilities
I would like to complain that the common room was reported to the warden but no action has been taken. The problem is especially difficult during evening hours. Please resolve this hostel-related problem soon.,Hostel/Provost Office
I am facing an issue because the duplicate student card request has been pending without any clear update. I have kept a copy of the submitted form and payment receipt. pleas ask the concerned administrative office to resolve this.,Administrative Offices
"Could you please look into this: the classroom chairs is not availble when it is needed. The facility is currently difficult to use safely. I have been trying to get this sorted out, but there has not been a clear resolution yet. The concerned staff are requested to repair this promptly.",Maintenance & Facilities
"This is getting difficult, i am writing regarding my midterm marks shows a value that doesnt match the marks announced in class. I have already checked this more than once. I request the department to resolve this as soon as possible.",Academic
"the quiz score has not been shared with students. Because of this error, I am unable to proceed with the next academic step. Kindly review this issue and update the academic record.",Academic
Can someone check why the university WiFi is extremely slow during class hours. I need access before the current submission deadline. I would be grateful if the responsible office could review the details instead of asking me to repeat the same process. Please resolve the technical problemm before the deadline.,IT Services
"my roommate issue has been pending with the hostel office. The condition has been causing inconvenience for several days. Because the issue is still unresolved, it is now affecting my normal university work. Kindly have the warden or relevant staff check this issue.",Hostel/Provost Office
Can someone check why the transcript still shows the old information after correction. I have already checked this more than once. Please verify the record and correct it.,Academic
I want to bring this issue to your attention: the lecture room lights has been out of order for several days. The facility is currently difficult to use safely. Kindly send the maintenance team to inspect and fix it.,Maintenance & Facilities
Can someone check why the classroom windows has been out of order for several days. The area is frequently used by students and staff. I would be grateful if the responsible office could review the details instead of asking me to repeat the same process. Please check the problem and restore the facility.,Maintenance & Facilities
"I have a problem, could you please look into this: the email verification link is not loading the required page. I reported this earlier to the IT desk but it is still unresolved. I have been trying to get this sorted out but there has not been a clear resolution yet. Please restore access as soon as possible.",IT Services
the hostel room lock is creating hygiene concerns for residents. The issue needs attention before it becomes more serious. The concerned hostel staff are requested to take action.,Hostel/Provost Office
Can someone check why the document attestation request has not been forwarded to the concerned office. The required documents and receipt were submitted. I have been trying to get this sorted out but there has not been a clear resolution yet. Please correct the record and confirm the updated status.,Administrative Offices
Can someone check why the hostel corridor lights is affecting basic hostel facilities. The problem is especially difficult during evening hours. I have been trying to get this sorted out but there has not been a clear resolution yet. Kindly have the warden or relevant staff check this issue.,Hostel/Provost Office
"This is getting difficult, the semester timetable has an incorrect total after the latest update. I need the corrected record for an upcoming academic requirement. Because the issue is still unresolved, it is now affecting my normal university work. Please investigate the discrepancy and make the required correction.",Academic
the hostel cleaning schedule is making it difficult to stay in the room. This is affecting normal hostel routine. I request the Provost ofice to look into this matter.,Hostel/Provost Office
There seems to be an issue with the hostel WiFi complaint record is causing problems for residents every day. The issue needs attention before it becomes more serious. Please ask the hostel administration to resolve it.,Hostel/Provost Office
"the hostel security desk is affecting basic hostel facilities. The warden was informed, but I have not received any update. Kindly inspect the issue and arrange the required solution.",Hostel/Provost Office
I need help because the room furniture is creating repeated arguments among residents. Several residents on the floor are facing the same problem. I would be grateful if the responsible office could review the details instead of asking me to repeat the same process. Kindly inspect the issue and arrange the required solution.,Hostel/Provost Office
the biometric attendance machine is rejecting files that meet the stated requirements. Please check the account or system and fix the issue.,IT Services
"I am having trouble because the fee correction application has not been processed even though the documents were submitted. The application was submitted within the announced dates. I have been trying to get this sorted out, but there has not been a clear resolution yet. Please process the request and correct the record.",Administrative Offices
Please check why the password reset service is rejecting files that meet the stated requirements. Restarting the device did not solve the issue. Kindly ask IT support to resolve this problem.,IT Services
"Sir please check, the classroom projector is rejecting files that meet the stated requirements. Please check whether there is an account or server-side problem. The IT team is requested to inspect and correct this.",IT Services
the room ceiling fan needs attention from the provost offce. Kindly have the warden or relevant staff check this issue.,Hostel/Provost Office
"Can u check this, i am facing an issue because my attendance record still shows the old information after correction. I need the corrected record for an upcoming academic requirement. I would be grateful if the responsible office could review the details instead of asking me to repeat the same process. Please check the matter before it affects my semester further.",Academic
"There is a problem with the hostel WiFi complaint record is not being handled according to the hostel procedure. I informed the hostel staff earlier, but the issue continues. I have been trying to get this sorted out, but there has not been a clear resolution yet. I request the Provost Office to look into this matter.",Hostel/Provost Office
I want to bring this issue to your attention: the registered credit hours contains an error that is affecting my semester record. I submitted the required application before the deadline. I would be grateful if the responsible office could review the details instead of asking me to repeat the same process. Kindly review this issue and update the academic record.,Academic
the LMS account does not recognize my account.,IT Services
"There is a problem with the hostel WiFi complaint record is not being handled according to the hostel procedure. The issue needs attention before it becomes more serious. I have been trying to get this sorted out, but there has not been a clear resolution yet. Please ask the hostel administration to resolve it.",Hostel/Provost Office
"the exam date sheet contains an error that is affecting my semester record. I have checked the portal more than once and the same problem remains. Because the issue is still unresolved, it is now affecting my normal universty work. Kindly review this issue and update the academic record.",Academic
I need help because the registered credit hours was marked absent although I attended the class. This issue is causing difficulty with my current semester planning. Kindly investigate the discrepancy and make the required correction.,Academic
my attendance record has not been shared with students. The supporting document was submitted at the department office. Please update the record according to the submitted documents.,Academic
"Sir plz check, please check why the classroom windows is causing difficulty for students during lectures. I have already checked this more than once. I request urgent maintenance of this issue.",Maintenance & Facilities
the semester timetable has been pending for several days. I submitted the required application before the deadline. Kindly review this issue and update the academic record.,Academic
"Please help, i would like to complain that the scholarship payment shows an incorrect amount. Please process the request and correct the record.",Administrative Offices
the student portal is not responding at all. Please restore access as soon as possible.,IT Services
"I am having trouble because the fee correction application has not been approved even after verification. The counter staff asked me to check again later, but there is still no progress. Please correct the record and confirm the updated status.",Administrative Offices
I need help becuase the drinking water supply needs urgent cleaning and maintenance. I have already checked this more than once. Please check the problem and restore the facility.,Maintenance & Facilities
the lab computer is not responding at all. Kindly ask IT support to resolve this problem.,IT Services
I would like to complain that the classroom projector does not accept my correct login details. I tried from more than one device and the problem is the same. I would be grateful if the responsible office could review the details instead of asking me to repeat the same process. The IT team is requested to inspect and correct this.,IT Services
I am writing regarding the hostel security refund does not match the payment receipt. Please verify the record with the accounts or registrar office. I would be grateful if the responsible office could review the details instead of asking me to repeat the same process. Please correct the record and confirm the updated status.,Administrative Offices
I want to report that the university WiFi is not responding at all. Kindly ask IT support to resolve this problem.,IT Services
I want to report that the common room was reported to the warden but no action has been taken. The problem is especially difficult during evening hours. Please resolve this hostel-related problem soon.,Hostel/Provost Office
the room cleanliness is causing problems for residents every day. Several residents on the floor are facing the same problemm. Kindly inspect the issue and arrange the required solution.,Hostel/Provost Office
There is a problem with the admission document has been delayed beyond the stated processing time. I have already checked this more than once. I request verification and completion of the pending process.,Administrative Offices
my financial aid application has not been forwarded to the concerned office. I have already visited the concerned office more than once. Please resolve the issue without further unnecessary delay.,Administrative Offices
"the biometric attendance machine is rejecting files that meet the stated requirements. Restarting the device did not solve the issue. Because the issue is still unresolved, it is now affecting my normal university work. Please check the account or system and fix the issue.",IT Services
the washroom taps is blocked and water is collecting around it. Kindly send the maintenance team to inspect and fix it.,Maintenance & Facilities
"This is getting difficult, i want to report that the printing system has been unavailable since this morning. I have already checked this more than once. Please check the network or account configuration.",IT Services
There seems to be an issue with the course section was not accepted even though I met the deadline. I need the corrected record for an upcoming academic requirement. Please update the record according to the submitted documents.,Academic
There is a problm with my CGPA was changed without any explanation. Kindly review this issue and update the academic record.,Academic
"the corridor lights is causing difficulty for students during lectures. Please send someone to inspect the location. Because the issue is still unresolved, it is now affecting my normal university work. Please arrange repair as soon as possible.",Maintenance & Facilities
"This is getting difficult, i want to bring this issue to your attention: my roommate issue has become worse this week. I request the Provost Office to look into this matter.",Hostel/Provost Office
the lecture room lights is producing a strong smell and needs maintenance. The condition is affecting normal use of the area. Please have this facility repaired or replaced.,Maintenance & Facilities
I want to bring this issue to your attention: the campus network is not syncing with my student account. Restarting the device did not solve the issue. Kindly check the network or account configuration.,IT Services
"I have a problem, i am having trouble because the result card was uploaded late and now I cannot complete the next process. I have already checked this more than once. Please recheck the entry and let me know once it is fixed.",Academic
the air conditioner is creating an uncomfortable environment in the room. The issue becomes worse during afternoon classes. I request urgent maintenance of this issue.,Maintenance & Facilities
Im writing regarding the toilet flush is in poor condition and needs replacement. The issue becomes worse during afternoon classes. The concerned staff are requested to repair this promptly.,Maintenance & Facilities
my CGPA has not been approved despite repeated follow-up. I would appreciate verification from the concerned academic ofice. I request the department to resolve this as soon as possible.,Academic
the air conditioner is not working properly during class hours. The facility is currently difficult to use safely. Kindly send the maintenance team to inspect and fix it.,Maintenance & Facilities
the duplicate student card request has no status update despite repeated visits. The delay is creating difficulty with my semester matters. I request verification and completion of the pending process.,Administrative Offices
"Hi, there seems to be an issue with the corridor lights is blocked and water is collecting around it. I have already checked this more than once. Please arrange repair as soon as possible.",Maintenance & Facilities
the printing system has not been restored after an earlier complaint.,IT Services
I am having trouble because the migration certificate is causing difficulty with another university process. I have already checked this more than once. The concerned office is requested to check and complete this matter.,Administrative Offices
I want to report that the drinking water supply is making a loud noise throughout lectures. I have already checked this more than once. Please arrange repair as soon as possible.,Maintenance & Facilities
"Sir please check, i am having trouble because my roommate issue has become worse this week. This is affecting normal hostel routine. I would be grateful if the responsible office could review the details instead of asking me to repeat the same process. I request the Provost Office to look into this matter.",Hostel/Provost Office
the scholarship payment shows an incorrect amount. I have kept a copy of the submitted form and payment receipt. Please process the request and correct the record.,Administrative Offices
I am facing an issue because the online registration portal does not accept my correct login details. Restarting the device did not solve the issue. I request technical support for this issue.,IT Services
"the transcript is different from what appears on the departmental notice. This issue is causing difficulty with my current semester planning. Because the issue is still unresolved, it is now affecting my normal university work. I request the department to resolve this as soon as possible.",Academic
I need help because the transcript does not include marks for work that I submitted. I have already checked this more than once. Please check the matter before it affects my semester further.,Academic
the electrical sockets is damaged and unsafe to use. The area is frequently used by students and staff. Kindly resolve the maintenance problem at the earliest.,Maintenance & Facilities
Please check why the mess food has not been updated in the hostel record. Several residents on the floor are facing the same problem. Please ask the hostel administration to resolve it.,Hostel/Provost Office
the lab computer is not syncing with my student account. Please check whether there is an account or server-side problem. The IT team is requested to inspect and correct this.,IT Services
the admission document has not been approved even after verification. pls ask the concerned administrative office to resolve this.,Administrative Offices
the corridor lights is not available when it is needed. The issue becomes worse during afternoon classes. I request urgent maintenance of this issue.,Maintenance & Facilities
the bonafide certificate has not been processed even though the documents were submitted. I have already visited the concerned office more than once. Kindly review the documents and process the request.,Administrative Offices
I need help because the hostel security refund was marked incomplete although all listed documents were attached. Kindly check the application and provide an update.,Administrative Offices
the laboratory ventilation is making a loud noise throughout lectures.,Maintenance & Facilities
I am having trouble because the hostel water supply has not been updated in the hostel record. The problem is especially difficult during evening hours. Kindly have the warden or relevant staff check this issue.,Hostel/Provost Office
"I want to report that the admission status has not been issued yet. The counter staff asked me to check again later, but there is still no progress. I have been trying to get this sorted out, but there has not been a clear resolution yet. The concerned office is requested to check and complete this matter.",Administrative Offices
There seems to be an issue with my universirty email has not been restored after an earlier complaint. I have already checked this more than once. Please investigate the error and update the service.,IT Services
the transcript has not been shared with students. Kindly investigate the discrepancy and make the required correction.,Academic
I want to bring this issue to your attention: the exam date sheet was uploaded late and now I cannot complete the next process. I submitted the required application before the deadline. Please update the record according to the submitted documents.,Academic
"I have a problem, the online registration portal has been unavailable since this morning. Please investigate the error and update the service.",IT Services
"I am having trouble because the lab computer is rejecting files that meet the stated requirements. The issue occurs both in the lab and on my own device. I have been trying to get this sorted out, but there has not been a clear resolution yet. The IT team is requested to inspect and correct this.",IT Services
the final exam result contains an error that is affecting my semester record.,Academic
Can someone check why the corridor lights has been left unrepaired since last week. I have already checked this more than once. Please check the problem and restore the facility.,Maintenance & Facilities
"Hi, i want to bring this issue to your attention: the room ceiling fan is not available at the stated time. Several residents on the floor are facing the same problem. I would be grateful if the responsible office could review the details instead of asking me to repeat the same process. The concerned hostel staff are requested to take action.",Hostel/Provost Office
I want to bring this issue to your attention: the accounts office receipt was submtted before the deadline but still shows pending. The application was submitted within the announced dates. Please process the request and correct the record.,Administrative Offices
the backup generator is not providing adequate service.,Maintenance & Facilities
There seems to be an issue with my GPA calculation was entered under the wrong course code. I have already checked this more than once. Kindly investigate the discrepancy and make the required correction.,Academic
I am writing regarding the common room has not been resolved after repeated reporting. I have already checked this more than once. Please ask the hostel administration to resolve it.,Hostel/Provost Office
I want to report that the LMS course page is not loading the required page. Kindly ask IT support to resolve this problem.,IT Services
"Can u check this, i need help becuase my thesis supervision contains an error that is affecting my semester record. Please recheck the entry and let me know once it is fixed.",Academic
"Please help, the course section shows a value that does not match the marks announced in class. I already contacted the relevant teacher but the record is unchanged. Because the issue is still unresolved, it is now affecting my normal university work. Please review this issue and update the academic record.",Academic
Can someone check why the fee correction application has not been forwarded to the concerned office. I have already checked this more than once. Please ask the concerned administrative office to resolve this.,Administrative Offices
I want to report that the result card was marked absent although I attended the class. I have already checked this more than once. Could the concerned office please confirm the correct status?,Academic
my midterm marks does not reflect the form I submitted on time. This issue is causing difficulty with my current semester planning. Please verify the recrod and correct it.,Academic
I am facing an issue because the hostel cleaning schedule has become worse this week. Several residents on the floor are facing the same problem. Please take action and update me about the complaint.,Hostel/Provost Office
my degree verification request was entered under the wrong category.,Administrative Offices
"Please help, the quiz score has not been shared with students. I need the corrected record for an upcoming academic requirement. Because the issue is still unresolved, it is now affecting my normal university work. Please review this issue and update the academic record.",Academic
There seems to be an issue with my CGPA was changed without any explanation. Other students in the same class can see the correct information. I would be grateful if the responsible office could review the details instead of asking me to repeat the same process. Please update the record according to the submitted documents.,Academic
the room change request is creating an uncomfortable living situation. Several residents on the floor are facing the same problem. Please ask the hostel administration to resolve it.,Hostel/Provost Office
There is a problem with the lab internet connection does not recognize my account. I tried from more than one device and the problem is the same. I request technical support for this issue.,IT Services
Please check why the building staircase is not available when it is needed. I have already checked this more than once. Please arrange repair as soon as possible.,Maintenance & Facilities
I am having trouble because my thesis supervision has not been approved despite repeated follow-up. I would appreciate verification from the concerned academic office. I would be grateful if the responsible office could review the details instead of asking me to repeat the same process. Please recheck the entry and let me know once it is fixed.,Academic
I want to bring this issue to your attention: the university server does not accept my correct login details. Other university websites are opening normally. Please resolve the technical problem before the deadline.,IT Services
Please check why my attendance record is creating a clash with another registered course. I submitted the required application before the deadline. I request the department to resolve this as soon as possible.,Academic
the hostel curfew entry is causing problems for residents every day. Kindly have the warden or relevant staff check this issue.,Hostel/Provost Office
"the official certificate request was entered under the wrong category. I need the document for another university process. Because the issue is still unresolved, it is now affecting my normal university work. Please process the request and correct the record.",Administrative Offices
"There is a problem with the hostel water supply is creating repeated arguments among residents. The warden was informed, but I have not received any update. Please handle the matter according to hostel policy.",Hostel/Provost Office
my clearance form has no status update despite repeated visits. The required documents and receipt were submitted. Please correct the record and confirm the updated status.,Administrative Offices
"Hi, the admission fee recrod has not been approved even after verification.",Administrative Offices
"the washroom taps is overflowing during busy hours. A maintenance complaint was already reported, but the problem remains. Kindly send the maintenance team to inspect and fix it.",Maintenance & Facilities
"my clearance form needs correction in the administrative record. The counter staff asked me to check again later, but there is still no progress. The concerned office is requested to check and complete this matter.",Administrative Offices
I would like to complain that the lecture room lights has been left unrepaired since last week. The facility is currently difficult to use safely. Kindly send the maintenance team to inspect and fix it.,Maintenance & Facilities
Im writing regarding the hosel security refund was supposed to be completed earlier but remains unresolved. I have already checked this more than once. Kindly review the documents and process the request.,Administrative Offices
I am having trouble because the biometric attendance machine is preventing me from accessing course material. The issue occurs both in the lab and on my own device. I have been trying to get this sorted out but there has not been a clear resolution yet. Please restore access as soon as possible.,IT Services
"Please help, the hostel gate procedure was reported to the warden but no action has been taken. The problem is especially difficult during evening hours. Please ask the hostel administration to resolve it.",Hostel/Provost Office
"Please help, the university server is not responding at all. Please investigate the error and update the service.",IT Services
"Hi, the electrical sockets has not been repaired after an earlier complaint. Students are facing this problem every day. The concerned staff are requested to repair this promptly.",Maintenance & Facilities
Im having trouble because the admission fee recoard has not been approved even after verification. I have already checked this more than once. I request verification and completion of the pending process.,Administrative Offices
There is a problem with my clearance form has not been processed even though the documents were submitted. I have already checked this more than once. I request verification and completion of the pending process.,Administrative Offices
I want to report that the printing system is rejecting files that meet the stated requirements. Kindly ask IT support to resolve this problem.,IT Services
"This is getting difficult, the course section is creating a clash with another registered course. This issue is causing difficulty with my current semester planning. I request the department to resolve this as soon as possible.",Academic
"Hi, my roommate issue needs attention from the provost office.",Hostel/Provost Office
"Hi, i am writing regarding the computer lab software fails before the process is completed. I tried from more than one device and the problem is the same. I would be grateful if the responsible office could review the details instead of asking me to repeat the same process. I request technical support for this issue.",IT Services
the hostel corridor lights has not been resolved after repeated reporting. I would like the matter to be handled according to hostel rules. Please ask the hostel administration to resolve it.,Hostel/Provost Office
I am having trouble because the course section was marked absent although I attended the class. I have already checked this more than once. Kindly investigate the discrepancy and make the required correction.,Academic
There is a problem with my portal login has been unavailable since this morning. The issue occurs both in the lab and on my own device. Please restore access as soon as possible.,IT Services
Please check why my financial aid application was entered under the wrong category. I have already checked this more than once. Please resolve the issue without further unnecessary delay.,Administrative Offices
"Can u check this, i need help because the computer lab software works for a few minutes and then goes offline. I tried from more than one device and the problem is the same. Please check the account or system and fix the issue.",IT Services
Could you please look into this: the room furniture was handled differently from the stated hostel rules. I have already submitted a request at the hostel office. Please handle the matter according to hostel policy.,Hostel/Provost Office
Can someone check why my fee challan is stuck between two administrative offices. I have already checked this more than once. The concerned offce is requested to check and complete this matter.,Administrative Offices
"Please help, the drinking water supply has not been repaired after an earlier complaint. The issue becomes worse during afternoon classes. Please check the problem and restore the facility.",Maintenance & Facilities
the password reset service works for a few minutes and then goes offline. I reported this earlier to the IT desk but it is still unresolved. Please check the account or system and fix the issue.,IT Services
"I have a problem, i want to bring this issue to your attention: the lecture desk has loose parts that may cause an accident. I have already checked this more than once. Please resolve the maintenance problem at the earliest.",Maintenance & Facilities
I need help because the electrical sockets is not available when it is needed. Students are facing this problem every day. Kindly resolve the maintenance problem at the earliest.,Maintenance & Facilities
Can someone check why the student portal is not loading the required page. The IT team is requested to inspect and correct this.,IT Services
the semester timetable has been pending for several days. This issue is causing difficulty with my current semester planning. Please update the record according to the submitted documents.,Academic
"the result card does not reflect the form I submitted on time. Because of this error, I am unable to proceed with the next academic step. Because the issue is still unresolved, it is now affecting my normal university work. Could the concerned office please confirm the correct status?",Academic
I am facing an issue because the room change request is creating an uncomfortable living situation. I have already checked this more than once. Kindly have the warden or relevant staff check this issue.,Hostel/Provost Office
the classroom windows has been left unrepaired since last week.,Maintenance & Facilities
I am writing regarding the projector connection has been unavailable since this morning. I reported this earlier to the IT desk but it is still unresolved. Please resolve the technical problemm before the deadline.,IT Services
"Im facing an issue because the LMS course page fails before the process is completed. Please check whether there is an account or server-side problem. I have been trying to get this sorted out, but there has not been a clear resolution yet. The IT team is requested to inspect and correct this.",IT Services
the classroom chairs has broken fittings. The condition is affecting normal use of the area. Please check the problem and restore the facility.,Maintenance & Facilities
course registration still shows the old information after correction. I have checked the portal more than once and the same problem remains. I request the deparment to resolve this as soon as possible.,Academic
Please check why the hostel security desk was reported to the warden but no action has been taken. The problem is especially difficult during evening hours. I would be grateful if the responsible office could review the details instead of asking me to repeat the same process. Please handle the matter according to hostel policy.,Hostel/Provost Office
I am having trouble because the washroom plumbing has exposed wiring that should be inspected. This is especially difficult when the room is full. I request urgent maintenance of this issue.,Maintenance & Facilities
the biometric attendance machine keeps disconnecting during use. Please check whether there is an account or server-side problem. Please investigate the error and update the service.,IT Services
I am writing regarding the room change request has become worse this week. I have already checked this more than once. Please ask the hostel administration to resolve it.,Hostel/Provost Office
Please check why the laundry area is causing problems for residents every day. I have already checked this more than once. The concerned hostel staff are requested to take action.,Hostel/Provost Office
the registered credit hours does not reflect the form I submitted on time. I have checked the portal more than once and the same problem remains. Kindly review this issue and update the academic record.,Academic
Could you please look into this: the document attestation request has not been processed even though the documents were submitted. The application was submitted within the announced dates. I would be grateful if the responsible office could review the details instead of asking me to repeat the same process. The concerned office is requested to check and complete this matter.,Administrative Offices
Please check why the building staircase is leaking and making the floor wet. I have already checked this more than once. Please arrange repair as soon as possible.,Maintenance & Facilities
"plz help, please check why the toilet flush is making a loud noise throughout lectures. Students are facing this problem every day. I would be grateful if the responsible office could review the details instead of asking me to repeat the same process. I request urgent maintenance of this issue.",Maintenance & Facilities
Please check why the hostel WiFi complaint record was handled differently from the stated hostel rules. Please resolve this hostel-related problem soon.,Hostel/Provost Office
the admission status has not been issued yet.,Administrative Offices
Could you please look into this: the hostel washroom needs attention from the provost office. I have already checked this more than once. The concerned hostel staff are requested to take action.,Hostel/Provost Office
I need help because the toilet flush is damaged and unsafe to use. It would be better to repair it before the damage increases. I would be grateful if the responsible office could review the details instead of asking me to repeat the same process. Please arrange repair as soon as possible.,Maintenance & Facilities
the transcript does not include marks for work that I submitted. This issue is causing difficulty with my current semester planning. Kindly review this issue and update the academic record.,Academic
I am having trouble because the campus network has been unavailable since this morning. Other university websites are opening normally. Please check the account or system and fix the issue.,IT Services
I need help becase the toilet flush is damaged and unsafe to use. I have already checked this more than once. I request urgent maintenance of this issue.,Maintenance & Facilities
"I want to report that the hot water facility needs attention from the provost office. I informed the hostel staff earlier, but the issue continues. Kindly inspect the issue and arrange the required solution.",Hostel/Provost Office
the classroom fan is in poor condition and needs replacement.,Maintenance & Facilities
the laboratory ventilation has not been repaired after an earlier complaintt.,Maintenance & Facilities
There is a problem with the assignment grade was entered under the wrong course code. I would appreciate verification from the concerned academic office. Could the concerned office please confirm the correct status?,Academic
There seems to be an issue with the university server does not send the verification message. Please check whether there is an account or server-side problem. Please investigate the error and update the service.,IT Services
"the classroom ceiling is in poor condition and needs replacement. The problem is now affecting more than one class. Because the issue is still unresolved, it is now affecting my normal university work. Please have this facility repaired or replaced.",Maintenance & Facilities
"There is a problm with the computer lab software is extremely slow during class hours. I need access before the current submission deadline. I have been trying to get this sorted out, but there has not been a clear resolution yet. Please check the account or system and fix the issue.",IT Services
I want to report that my student card is causing difficulty with another university process. I have kept a copy of the submitted form and payment receipt. I would be grateful if the responsible office could review the details instead of asking me to repeat the same process. Please correct the record and confirm the updated status.,Administrative Offices
I am having trouble because the hostel cleaning schedule has not been updated in the hostel record. Several residents on the floor are facing the same problem. Please ask the hostel administration to resolve it.,Hostel/Provost Office
"There is a problemm with the laundry area has been pending with the hostel office. I informed the hostel staff earlier, but the issue continues. Kindly inspect the issue and arrange the required solution.",Hostel/Provost Office
I am having trouble because the thesis progress review has an incorrect total after the latest update. I have already checked this more than once. I request the department to resolve this as soon as possible.,Academic
"the department elevator has loose parts that may cause an accident. A maintenance complaint was already reported, but the problem remains. becuase the issue is still unresolved, it is now affecting my normal university work. Please arrange repair as soon as possible.",Maintenance & Facilities
"the practical marks shows a value that doesnt match the marks announced in class. I need the corrected record for an upcoming academic requirement. Because the issue is still unresolved, it is now affecting my normal university work. Kindly investigate the discrepancy and make the required correction.",Academic
"Hi, i would like to complain that the semester timetable is still missing from the student record. The supporting document was submitted at the department office. Please investigate the discrepancy and make the required correction.",Academic
the official certificate request was entered under the wrong category. This matter has remained unresolved for several working days. Please process the request and correct the record.,Administrative Offices
"Can u check this, there seems to be an issue with the room ceiling fan is not being handled according to the hostel procedure. The warden was informed, but I have not received any update. The concerned hostel staff are requested to take action.",Hostel/Provost Office
There is a problem with the lecture room lights is creating an uncomfortable environment in the room. The condition is affecting normal use of the area. I have been trying to get this sorted out but there has not been a clear resolution yet. I request urgent maintenance of this issue.,Maintenance & Facilities
There is a problem with the official certificate request was marked incomplete although all listed documents were attached. The concerned office is requested to check and complete this matter.,Administrative Offices
the washroom taps is causing difficulty for students during lectures. The problem is now affecting more than one class. pleas have this facility repaired or replaced.,Maintenance & Facilities
Please check why the hostel corridor lights is not being handled according to the hostel procedure. Please resolve this hostel-related problem soon.,Hostel/Provost Office
the admission fee recoard shows an incorrect amount. I have kept a copy of the submitted form and payment receipt. Please correct the record and confirm the updated status.,Administrative Offices
the electrical sockets is not providing adequate service.,Maintenance & Facilities
There is a problem with the hostel cleaning schedule has not been repaired despite an earlier request. Please ask the hostel administration to resolve it.,Hostel/Provost Office
"This is getting difficult, my clearance form has been delayed beyond the stated processing time. The concerned office is requested to check and complete this matter.",Administrative Offices
my clearance form was marked incomplete although all listed documents were attached. Please ask the concerned administrative offce to resolve this.,Administrative Offices
"Please help, i need help because the hosel security refund was supposed to be completed earlier but remains unresolved. The required documents and receipt were submitted. I would be grateful if the responsible office could review the details instead of asking me to repeat the same process. Please process the request and correct the record.",Administrative Offices
"I need help because the lecture desk needs urgent cleaning and maintenance. The area is frequently used by students and staff. I have been trying to get this sorted out, but there hasnt been a clear resolution yet. Please arrange repair as soon as possible.",Maintenance & Facilities
"the thesis progress review was changed without any explanation. I already contacted the relevant teacher but the record is unchanged. Because the issue is still unresolved, it is now affecting my normal university work. Could the concerned office please confirm the correct status?",Academic
the thesis progress review is preventing me from completing registration.,Academic
"the lecture room lights has been left unrepaired since last week. The condition is affecting normal use of the area. Because the issue is still unresolved, it is now affecting my normal university work. Please check the problem and restore the facility.",Maintenance & Facilities
I would like to complain that the makeup exam request has an incorrect total after the latest update. I have already checked this more than once. Please verify the record and correct it.,Academic
"Please help, the lecture desk has not been repaired after an earlier complaint. The concerned staff are requested to repair this promptly.",Maintenance & Facilities
I want to bring this issue to your attention: the migration certificate contains incorrect studnet information. The delay is creating difficulty with my semester matters. Kindly check the application and provide an update.,Administrative Offices
my degree verification request was supposed to be completed earlier but remains unresolved. The application was submitted within the announced dates. Please ask the concerned administrative office to resolve this.,Administrative Offices
"Please help, i would like to complain that the classroom chairs keeps stopping and starting. Please resolve the maintenance problem at the earliest.",Maintenance & Facilities
"I am writing regarding the hostel water supply is making it difficult to stay in the room. The problem is especially difficult during evening hours. I have been trying to get this sorted out, but there hasnt been a clear resolution yet. Kindly inspect the issue and arrange the required solution.",Hostel/Provost Office
I am having trouble because my midterm marks has not been approved despite repeated follow-up. The supporting document was submitted at the department office. Please verify the recrod and correct it.,Academic
I would like to complain that my hostel room allocation is causing unnecessary difficulty at night. I would like the matter to be handled according to hostel rules. I have been trying to get this sorted out but there has not been a clear resolution yet. Kindly inspect the issue and arrange the required solution.,Hostel/Provost Office
"Sir please check, the accounts office receipt is causing difficulty with another university process. I have already visited the concerned office more than once. Because the issue is still unresolved, it is now affecting my normal university work. The concerned office is requested to check and complete this matter.",Administrative Offices
"Sir please check, i am writing regarding the bonafide certificate has not been processed even though the documents were submitted. I have kept a copy of the submitted form and payment receipt. Please correct the record and confirm the updated status.",Administrative Offices
I would like to complain that the hostel gate procedure is still unresolved after several days. This is affecting normal hostel routine. Kindly have the warden or relevant staff check this issue.,Hostel/Provost Office
I want to report that the classroom chairs has loose parts that may cause an accident. The condition is affecting normal use of the area. I would be grateful if the responsible offce could review the details instead of asking me to repeat the same process. I request urgent maintenance of this issue.,Maintenance & Facilities
I want to report that the semester timetable is showing the wrong course information. I have already checked this more than once. I request the department to resolve this as soon as possible.,Academic
"Can u check this, pleas check why the campus network is rejecting files that meet the stated requirements. I reported this earlier to the IT desk but it is still unresolved. Please resolve the technical problem before the deadline.",IT Services
Please check why the hostel water supply is causing unnecessary difficulty at night. I have already checked this more than once. Please take action and update me about the complaint.,Hostel/Provost Office
"This is getting difficult, the migration certificate was supposed to be completed earlier but remains unresolved. Please review the documents and process the request.",Administrative Offices
"Hi, i am facing an issue because the electrical sockets is creating an uncomfortable environment in the room. The condition is affecting normal use of the area. I have been trying to get this sorted out, but there has not been a clear resolution yet. Please resolve the maintenance problem at the earliest.",Maintenance & Facilities
"I need help because the classroom fan has broken fittings. The area is frequently used by students and staff. I have been trying to get this sorted out, but there has not been a clear resolution yet. Please check the problem and restore the facility.",Maintenance & Facilities
"Please help, i want to report that the classroom ceiling is creating an uncomfortable environment in the room. Please check the problem and restore the facility.",Maintenance & Facilities
my portal login has been unavailable since this morning. Please check the account or system and fix the issue.,IT Services
the hostel gate procedure is not available at the stated time. I request the Provost Office to look into this matter.,Hostel/Provost Office
Could you please look into this: the quiz score was not accepted even though I met the deadline. Please check the matter before it affects my semester further.,Academic
I am having trouble because the classroom projector keeps disconnecting during use. I have already checked this more than once. The IT team is requested to inspect and correct this.,IT Services
Could you please look into this: my midterm marks was changed without any explanation. I request the department to resolve this as soon as possible.,Academic
I am having trouble because the admission fee record shows an incorrect amount. I would appreciate a clear status instead of being sent between offices. I request verification and completion of the pending process.,Administrative Offices
I need help because the hostel corridor lights has not been repaired despite an earlier request. Please take action and update me about the complaint.,Hostel/Provost Office
the drinking water supply is causing difficulty for students during lectures.,Maintenance & Facilities
my CGPA contains an error that is affecting my semester record. I submitted the required application before the deadline. Please recheck the entry and let me know once it is fixed.,Academic
"I would like to complain that the migration certificate has no status update despite repeated visits. I have already visited the concerned office more than once. I have been trying to get this sorted out, but there has not been a clear resolution yet. Kindly check the application and provide an update.",Administrative Offices
"Sir pleas check, the password reset service keeps disconnecting during use. I already changed the password, but the error remains. The IT team is requested to inspect and correct this.",IT Services
"I want to report that my midterm marks has been pending for several days. This issue is causing difficulty with my current semester planning. I have been trying to get this sorted out, but there has not been a clear resolution yet. Could the concerned office please confirm the correct status?",Academic
Im facing an issue because the quiz score does not reflect the form I submitted on time. I submitted the required application before the deadline. Please check the matter before it affects my semester further.,Academic
I am facing an issue because my student card was marked incomplete although all listed documents were attached. I need the document for another university process. The concerned office is requested to check and complete this matter.,Administrative Offices
Please check why the common room is still unresolved after several days. Several residents on the floor are facing the same problem. Kindly inspect the issue and arrange the required solution.,Hostel/Provost Office
"the network connection is rejecting files that meet the stated requirements. I reported this earlier to the IT desk but it is still unresolved. Because the issue is still unresolved, it is now affecting my normal university work. pls check the account or system and fix the issue.",IT Services
the fee refund request is being delayed because the counter staff keep asking me to return later. I have already visited the concerned office more than once. Kindly check the application and provide an update.,Administrative Offices
I am facing an issue because the fee refund request does not match the payment receipt. I need the document for another university process. The concerned office is requested to check and complete this matter.,Administrative Offices
the deparment printer works for a few minutes and then goes offline.,IT Services
I want to report that the migration certificate was returned without explaining what is missing. I have already checked this more than once. pleas resolve the issue without further unnecessary delay.,Administrative Offices
I am facing an issue because the parking area is leaking and making the floor wet. The issue becomes worse during afternoon classes. plz inspect the area and take the necessary action.,Maintenance & Facilities
I want to report that the practical marks was entered under the wrong course code. I have already checked this more than once. I request the department to resolve this as soon as possible.,Academic
I need help because the lab computer does not accept my correct login details. Please resolve the technical problem before the deadline.,IT Services
the assignment grade has been pending for several days. Could the concerned office please confirm the correct status?,Academic
"I am having trouble because the room change request is not being handled according to the hostel procedure. The warden was informed, but I have not received any update. Please ask the hostel administration to resolve it.",Hostel/Provost Office
"the semester timetable has not been shared with students. The department office asked me to wait, but there has been no update. I request the department to resolve this as soon as possible.",Academic
I would like to complain that the registrar application contains incorrect student information. This matter has remained unresolved for several working days. Please process the request and correct the record.,Administrative Offices
the water cooler needs urgent cleaning and maintenance. This is especially difficult when the room is full. Please inspect the area and take the necessary action.,Maintenance & Facilities
I want to report that my thesis supervision hasnt been shared with students. This issue is causing difficulty with my current semester planning. Kindly review this issue and update the academic record.,Academic
the final exam result was entered under the wrong course code. This issue is causing difficulty with my current semester planning. Please update the record according to the submitted documents.,Academic
"I am having trouble because the projector connection is not responding at all. I already changed the password, but the error remains. I would be grateful if the responsible office could review the details instead of asking me to repeat the same process. Please resolve the technical problem before the deadline.",IT Services
"Can u check this, i am writing regarding the drinking water supply is making a loud noise throughout lectures. I have already checked this more than once. The concerned staff are requested to repair this promptly.",Maintenance & Facilities
"the classroom chairs has broken fittings. It would be better to repair it before the damage increases. Because the issue is still unresolved, it is now affecting my normal university work. Please inspect the area and take the necessary action.",Maintenance & Facilities
Could you please look into this: the mess food is not being handled according to the hostel procedure. I would like the matter to be handled according to hostel rules. Please handle the matter according to hostel policy.,Hostel/Provost Office
I want to report that the hostel corridor lights requires inspection by hostel staff. I have already submtted a request at the hostel office. Kindly inspect the issue and arrange the required solution.,Hostel/Provost Office
the printing system has stopped working after the latest update. I need access before the current submission deadline. Kindly ask IT support to resolve this problm.,IT Services
"I have a problem, i am facing an issue because the fee refund request was entered under the wrong category. The concerned office is requested to check and complete this matter.",Administrative Offices
I need help because my clearance form is causing difficulty with another university process. I would appreciate a clear status instead of being sent between offices. Please ask the concerned administrative office to resolve this.,Administrative Offices
I want to bring this issue to your attention: the electrical sockets is damaged and unsafe to use. Please inspect the area and take the necessary action.,Maintenance & Facilities
I want to report that my fee challan has not been processed even though the documents were submitted. I have already checked this more than once. Please resolve the issue without further unnecessary delay.,Administrative Offices
I am facing an issue because the laundry area is creating repeated arguments among residents. I have already checked this more than once. The concerned hosel staff are requested to take action.,Hostel/Provost Office
Could you please look into this: the hostel washroom is making it difficult to stay in the room. I have already checked this more than once. Please handle the matter according to hostel policy.,Hostel/Provost Office
the document attestation request was marked incomplete although all listed documents were attached. Please ask the concerned administrative office to resolve this.,Administrative Offices
my financial aid application is stuck between two administrative offices. The delay is creating difficulty with my semester matters. Kindly check the application and provide an update.,Administrative Offices
There is a problem with the corridor lights is in poor condition and needs replacement. Please inspect the area and take the necessary action.,Maintenance & Facilities
the bonafide certificate is stuck between two administrative offices. The application was submitted within the announced dates. Please correct the record and confirm the updated status.,Administrative Offices
"I would like to complain that the makeup exam request is still missing from the student record. I need the corrected record for an upcoming academic requirement. I have been trying to get this sorted out, but there has not been a clear resolution yet. Kindly investigate the discrepancy and make the required correction.",Academic
"Please help, i want to bring this issue to your attention: the drinking water supply is not working properly during class hours. This is especially difficult when the room is full. I have been trying to get this sorted out but there has not been a clear resolution yet. I request urgent maintenance of this issue.",Maintenance & Facilities
"the admission fee record is causing difficulty with another university process. The application was submitted within the announced dates. Because the issue is still unresolved, it is now affecting my normal university work. Please correct the record and confirm the updated status.",Administrative Offices
"Can u check this, i want to bring this issue to your attention: the accounts office receipt has not been processed even though the documents were submitted. The required documents and receipt were submitted. Please process the request and correct the record.",Administrative Offices
the hostel gate procedure has not been repaired despite an earlier request.,Hostel/Provost Office
"Can u check this, the makeup exam request was not accepted even though I met the deadline. can the office confirm the correct status?",Academic
"the hostel WiFi complaint record is affecting basic hostel facilities. Several residents on the floor are facing the same problem. Because the issue is still unresolved, it is now affecting my normal university work. The concerned hostel staff are requested to take action.",Hostel/Provost Office
"I am having trouble because the corridor lights has exposed wiring that should be inspected. Students are facing this problem every day. I have been trying to get this sorted out, but there has not been a clear resolution yet. Kindly send the maintenance team to inspect and fix it.",Maintenance & Facilities
I am writing regarding the lab computer is not loading the required page. I have already checked this more than once. Please check the account or system and fix the issue.,IT Services
I am having trouble because the result card shows a value that does not match the marks announced in class. Kindly review this issue and update the academic record.,Academic
"Hi, i need help because the quiz score has been pending for several days. I already contacted the relevant teacher but the record is unchanged. Please verify the record and correct it.",Academic
I would like to complain that the semester timetable has an incorrect total after the latest update. I have already checked this more than once. Please update the record according to the submitted documents.,Academic
"Please help, i am having trouble because the hostel washroom was reported to the warden but no action has been taken. This is affecting normal hostel routine. The concerned hostel staff are requested to take action.",Hostel/Provost Office
Please check why the lecture desk keeps stopping and starting. I have already checked this more than once. Please check the problem and restore the facility.,Maintenance & Facilities
Could you please look into this: the corridor lights is creating an uncomfortable environment in the room. The problem is now affecting more than one class. The concerned staff are requested to repair this promptly.,Maintenance & Facilities
my roommate issue has become worse this week. I have already submitted a request at the hostel office. Kindly have the warden or relevant staff check this issue.,Hostel/Provost Office
plz check why the drainage line is not working properly during class hours. Please send someone to inspect the location. I request urgent maintenance of this issue.,Maintenance & Facilities
"I have a problem, i need help because the LMS account does not accept my correct login details. I tried from more than one device and the problem is the same. I have been trying to get this sorted out, but there has not been a clear resolution yet. Please investigate the error and update the service.",IT Services
"I have a problem, can someone check why the duplicate student card request is being delayed because the counter staff keep asking me to return later. I have already visited the concerned office more than once. I have been trying to get this sorted out, but there has not been a clear resolution yet. Please review the documents and process the request.",Administrative Offices
the mess food has become worse this week. I would like the matter to be handled according to hosel rules. Kindly inspect the issue and arrange the required solution.,Hostel/Provost Office
"Hi, the assignment grade is creating a clash with another registered course. I need the corrected record for an upcoming academic requirement. plz check the matter before it affects my semester further.",Academic
"I have a problem, i am facing an issue because the washroom plumbing is creating an uncomfortable environment in the room. pleas send someone to inspect the location. Please resolve the maintenance problem at the earliest.",Maintenance & Facilities
plz check why the washroom plumbing is making a loud noise throughout lectures. The issue becomes worse during afternoon classes. I would be grateful if the responsible office could review the details instead of asking me to repeat the same process. Please inspect the area and take the necessary action.,Maintenance & Facilities
"I have a problem, could you please look into this: the migration certificate is causing difficulty with another university process. Please review the documents and process the request.",Administrative Offices
"the drainage line is creating an uncomfortable environment in the room. The problem is now affecting more than one class. Because the issue is still unresolved, it is now affecting my normal university work. I request urgent maintenance of this issue.",Maintenance & Facilities
There seems to be an issue with the LMS course page shows an error whenever I try to submit work. I have already checked this more than once. Please restore access as soon as possible.,IT Services
I am having trouble because my CGPA has not been shared with students. The department office asked me to wait but there has been no update. Please verify the record and correct it.,Academic
Can someone check why my degree verification request has not been processed even though the documents were submitted. I have kept a copy of the submitted form and payment receipt. I would be grateful if the responsible office could review the details instead of asking me to repeat the same process. Please ask the concerned administrative office to resolve this.,Administrative Offices
the department printer is not responding at all. Restarting the device did not solve the issue. Please investigate the error and update the service.,IT Services
my scholarship application was supposed to be completed earlier but remains unresolved. The concerned office is requested to check and complete this matter.,Administrative Offices
the document attestation request was marked incomplete although all listed documents were attached. This matter has remained unresolved for several working days. Please resolve the issue without further unnecessary delay.,Administrative Offices
Can someone check why the room cleanliness is creating hygiene concerns for residents. I have already checked this more than once. Kindly have the warden or relevant staff check this issue.,Hostel/Provost Office
"Can u check this, can someone check why the hostel washroom was handled differently from the stated hostel rules. Please handle the matter according to hostel policy.",Hostel/Provost Office
I would like to complain that the campus network fails before the process is completed. plz resolve the technical problem before the deadline.,IT Services
Please check why the exam date sheet was marked absent although I attended the class. I have already checked this more than once. Please verify the record and correct it.,Academic
the hostel room lock is creating repeated arguments among residents.,Hostel/Provost Office
There seems to be an issue with the lab computer is not connected to the campus network. I have already checked this more than once. Kindly ask IT support to resolve this problem.,IT Services
"course registration has not been updated even though the instructor confirmed the correction. This issue is causing difficulty with my current semester planning. Because the issue is still unresolved, it is now affecting my normal university work. Please check the matter before it affects my semester further.",Academic
"my thesis supervision does not include marks for work that I submitted. The department office asked me to wait, but there has been no update. Because the issue is still unresolved, it is now affecting my normal university work. Kindly review this issue and update the academic record.",Academic
I am having trouble because the hostel washroom needs attention from the provost office. I have already checked this more than once. Please take action and update me about the complaint.,Hostel/Provost Office
I would like to complain that the hostel corridor lights needs attention from the provost office. I have already checked this more than once. Please resolve this hostel-related problem soon.,Hostel/Provost Office
the mess timing is not available at the stated time.,Hostel/Provost Office
I am facing an issue because the room furniture is creating hygiene concerns for residents. Several residents on the floor are facing the same problem. Please ask the hostel administration to resolve it.,Hostel/Provost Office
I am having trouble because the wter cooler has broken fittings. Kindly send the maintenance team to inspect and fix it.,Maintenance & Facilities
my attendance record does not include marks for work that I submited. Please update the record according to the submitted documents.,Academic
I want to bring this issue to your attention: the prerequisite approval has not been shared with students. I have already checked this more than once. Please check the matter before it affects my semester further.,Academic
I want to report that the electrical sockets has been out of order for several days. I have already checked this more than once. Please check the problem and restore the facility.,Maintenance & Facilities
"the admission fee record has not been forwarded to the concerned office. The application was submitted within the announced dates. Because the issue is still unresolved, it is now affecting my normal university work. Kindly check the application and provide an update.",Administrative Offices
Please check why the scholarship payment has not been processed even though the documents were submitted. Please process the request and correct the record.,Administrative Offices
the toilet flush is not workng properly during class hours.,Maintenance & Facilities
Can someone check why the classroom ceiling has loose parts that may cause an accident. The area is frequently used by students and staff. Please check the problem and restore the facility.,Maintenance & Facilities
"Please check why the classroom ceiling has been out of order for several days. The facility is currently difficult to use safely. I have been trying to get this sorted out, but there hasnt been a clear resolution yet. Please check the problem and restore the facility.",Maintenance & Facilities
the room change request has been pending with the hostel office. Please resolve this hostel-related problem soon.,Hostel/Provost Office
my university email does not send the verification message. Restarting the device did not solve the issue. Please investigate the error and update the service.,IT Services
"This is getting difficult, i would like to complain that the hot water facility is not available at the stated time. I have already checked this more than once. Please resolve this hostel-related problm soon.",Hostel/Provost Office
I need help because the semester timetable was entered under the wrong course code. Please verify the record and correct it.,Academic
"the classroom chairs is overflowing during busy hours. A maintenance complaint was already reported, but the problem remains. I request urgent maintenance of this issue.",Maintenance & Facilities
Could you please look into this: the mess timing is creating repeated arguments among residents. The issue needs attention before it becomes more serious. Please resolve this hostel-related problem soon.,Hostel/Provost Office
"Hi, the toilet flush has exposed wiring that should be inspected. The concerned staff are requested to repair this promptly.",Maintenance & Facilities
the hostel security refund contains incorrect student information. I request verification and completion of the pending process.,Administrative Offices
"Can u check this, the room cleanliness is causing unnecessary difficulty at night. Several residents on the floor are facing the same problem. Because the issue is still unresolved, it is now affecting my normal university work. Please resolve this hostel-related problem soon.",Hostel/Provost Office
"Can u check this, the campus network has stopped working after the latest update.",IT Services
the parking area is not providing adequate service. Students are facing this problem every day. The concerned staff are requested to repair this promptly.,Maintenance & Facilities
"Im facing an issue because the water cooler is overflowing during busy hours. The issue becomes worse during afternoon classes. I have been trying to get this sorted out, but there has not been a clear resolution yet. Please inspect the area and take the necessary action.",Maintenance & Facilities
the hostel water supply needs attention from the provost office.,Hostel/Provost Office
I want to bring this issue to your attention: the network connection is rejecting files that meet the stated requirements. The issue occurs both in the lab and on my own device. I request technical support for this issue.,IT Services
the drinking water supply has exposed wiring that should be inspected.,Maintenance & Facilities
"Sir please check, i am having trouble because the washroom plumbing is not available when it is needed. I have already checked this more than once. Please check the problem and restore the facility.",Maintenance & Facilities
the fee refund request was returned without explaining what is missing.,Administrative Offices
"Sir please check, could you please look into this: the parking area is not providing adequate service. I have already checked this more than once. Please have this facility repaired or replaced.",Maintenance & Facilities
Could you please look into this: the classroom fan is not workng properly during class hours. I have already checked this more than once. Please have this facility repaired or replaced.,Maintenance & Facilities
the lecture room lights needs urgent cleaning and maintenance. Please arrange repair as soon as possible.,Maintenance & Facilities
I want to bring this issue to your attention: my GPA calculation is showing the wrong course information. I have already checked this more than once. Could the concerned office please confirm the correct status?,Academic
the mess food is causing problems for residents every day. Please ask the hostel administration to resolve it.,Hostel/Provost Office
"Please help, i want to report that the hostel washroom has become worse this week. I have already checked this more than once. I request the Provost Office to look into this matter.",Hostel/Provost Office
Could you please look into this: my clearance form was entered under the wrong category. I have already checked this more than once. Please correct the record and confirm the updated status.,Administrative Offices
I would like to complain that the hostel security refund was supposed to be completed earlier but remains unresolved. This matter has remained unresolved for several working days. I would be grateful if the responsible office could review the details instead of asking me to repeat the same process. I request verification and completion of the pending process.,Administrative Offices
I need help because my clearance form shows an incorrect amount. I have already checked this more than once. pleas resolve the issue without further unnecessary delay.,Administrative Offices
"Please help, i am facing an issue because my CGPA was not accepted even though I met the deadline. I have already checked this more than once. Please recheck the entry and let me know once it is fixed.",Academic
Could you please look into this: the building staircase is overflowing during busy hours. The issue becomes worse during afternoon classes. Kindly send the maintenance team to inspect and fix it.,Maintenance & Facilities
I want to bring this issue to your attention: the lecture desk needs urgent cleaning and maintenance. The issue becomes worse during afternoon classes. Please have this facility repaired or replaced.,Maintenance & Facilities
the bonafide certificate was entered under the wrong category. I have already visited the concerned offce more than once. Please ask the concerned administrative office to resolve this.,Administrative Offices
"the building staircase has been out of order for several days. Please send someone to inspect the location. Because the issue is still unresolved, it is now affecting my normal university work. Please have this facility repaired or replaced.",Maintenance & Facilities
my attendance record is still missing from the student record. I have checked the portal more than once and the same problem remains. Please recheck the entry and let me know once it is fixed.,Academic
I am having trouble because the hostel water supply has been pending with the hostel office. I have already checked this more than once. Please handle the matter according to hostel policy.,Hostel/Provost Office
I need help because my midterm marks was entered under the wrong course code. I have already checked this more than once. I request the department to resolve this as soon as possible.,Academic
"Hi, i want to report that the water cooler has been out of order for several days. Please have this facility repaired or replaced.",Maintenance & Facilities
Please check why the official certificate request does not match the payment receipt. Please correct the record and confirm the updated status.,Administrative Offices
I want to bring this issue to your attention: my CGPA was entered under the wrong course code. This issue is causing difficulty with my current semester planning. I would be grateful if the responsible office could review the details instead of asking me to repeat the same process. I request the department to resolve this as soon as possible.,Academic
the prerequisite approval is different from what appears on the departmental notice. I have checked the portal more than once and the same problem remains. Kindly review this issue and update the academic record.,Academic
the wter cooler is producing a strong smell and needs maintenance. Please arrange repair as soon as possible.,Maintenance & Facilities
Please check why the classroom fan is creating an uncomfortable environment in the room. I have already checked this more than once. Please have this facility repaired or replaced.,Maintenance & Facilities
"the exam date sheet was marked absent although I attended the class. I need the corrected record for an upcoming academic requirement. Because the issue is still unresolved, it is now affecting my normal university work. Please update the record according to the submitted documents.",Academic
There seems to be an issue with the hostel security desk is making it difficult to stay in the room. I have already checked this more than once. Please ask the hostel administration to resolve it.,Hostel/Provost Office
"I have a problem, i am facing an issue becase the hostel security refund has been delayed beyond the stated processing time. I have kept a copy of the submitted form and payment receipt. I have been trying to get this sorted out but there has not been a clear resolution yet. I request verification and completion of the pending process.",Administrative Offices
"There is a problem with the document attestation request has been pending without any clear update. I have kept a copy of the submitted form and payment receipt. I have been trying to get this sorted out, but there has not been a clear resolution yet. I request verification and completion of the pending process.",Administrative Offices
Im having trouble becase the university WiFi does not accept my correct login details. This is affecting my ability to complete university work. I request technical support for this issue.,IT Services
the hostel gate procedure has not been resolved after repeated reporting. I request the Provost ofice to look into this matter.,Hostel/Provost Office
"the mess timing was reported to the warden but no action has been taken. I informed the hostel staff earlier, but the issue continues. The concerned hostel staff are requested to take action.",Hostel/Provost Office
the LMS account has not been restored after an earlier complaint. Kindly check the network or account configuration.,IT Services
the student portal is not responding at all. Other university websites are opening normally. Please restore access as soon as possible.,IT Services
my degree verification request is causing difficulty with another university process. I have already visited the concerned office more than once. Kindly review the documents and process the request.,Administrative Offices
the practical mraks is creating a clash with another registered course. Please update the record according to the submitted documents.,Academic
the prerequisite approval has not been shared with students. The supporting document was submitted at the department office. Please check the matter before it affects my semester further.,Academic
There seems to be an issue with the common room hasnt been resolved after repeated reporting. Several residents on the floor are facing the same problem. I request the Provost Office to look into this matter.,Hostel/Provost Office
Please check why the migration certificate has not been forwarded to the concerned office. The application was submitted within the announced dates. Please resolve the issue without further unnecessary delay.,Administrative Offices
"the network connection fails before the process is completed. Restarting the device did not solve the issue. Because the issue is still unresolved, it is now affecting my normal university work. Kindly ask IT support to resolve this problem.",IT Services
I would like to complain that the quiz score contains an error that is affecting my semester record. I have already checked this more than once. Kindly review this issue and update the academic record.,Academic
There seems to be an issue with the universty server works for a few minutes and then goes offline. I need access before the current submission deadline. I would be grateful if the responsible office could review the details instead of asking me to repeat the same process. I request technical support for this issue.,IT Services
I want to bring this issue to your attention: the exam date sheet has been pending for several days. I would appreciate verification from the concerned academic office. I request the department to resolve this as soon as possible.,Academic
I would like to complain that the hostel curfew entry is creating an uncomfortable living situation. Please resolve this hostel-related problem soon.,Hostel/Provost Office
the campus network does not send the verification message. I reported this earlier to the IT desk but it is still unresolved. Please investigate the error and update the service.,IT Services
the bonafide certificate contains incorrect student information.,Administrative Offices
the practical marks contains an error that is affecting my semester record. The supporting document was submitted at the departmnt office. Please recheck the entry and let me know once it is fixed.,Academic
I need help because the hostel room lock is affecting basic hostel facilities. I have already submited a request at the hostel office. Kindly inspect the issue and arrange the required solution.,Hostel/Provost Office
the result card was not accepted even though I met the deadline. I request the department to resolve this as soon as possible.,Academic
the water cooler is not available when it is needed. Students are facing this problem every day. Please have this facility repaired or replaced.,Maintenance & Facilities
I would like to complain that the room furniture has not been updated in the hostel record. Several residents on the floor are facing the same problem. I would be grateful if the responsible office could review the details instead of asking me to repeat the same process. I request the Provost Office to look into this matter.,Hostel/Provost Office
"Please help, my CGPA has not been approved despite repeated follow-up.",Academic
the campus network has been unavailable since this morning. I request technical support for this issue.,IT Services
I need help because the department elevator is making a loud noise throughout lectures. I have already checked this more than once. Please check the problem and restore the facility.,Maintenance & Facilities
"Hi, i am having trouble because the lab computer has been unavailable since this morning. The IT team is requested to inspect and correct this.",IT Services
I am writing regarding the quiz score does not reflect the form I submitted on time. I have already checked this more than once. Please verify the record and correct it.,Academic
"my financial aid application was supposed to be completed earlier but remains unresolved. Please verify the record with the accounts or registrar office. Because the issue is still unresolved, it is now affecting my normal university work. Please resolve the issue without further unnecessary delay.",Administrative Offices
my university email works for a few minutes and then goes offline. The problem started recently and has continued since then. Kindly check the network or account configuration.,IT Services
Could you please look into this: the online registration portal works for a few minutes and then goes offline. I have already checked this more than once. Please investigate the error and update the service.,IT Services
"the deparment printer is not loading the required page. This is affecting my ability to complete university work. Because the issue is still unresolved, it is now affecting my normal university work. Please resolve the technical problem before the deadline.",IT Services
the room cleanliness is creating an uncomfortable living situation. Please check the hostel record for my earlier complaint. I request the Provost Office to look into this matter.,Hostel/Provost Office
I want to bring this issue to your attention: the lecture desk has been left unrepaired since last week. I have already checked this more than once. Kindly send the maintenance team to inspect and fix it.,Maintenance & Facilities
"the building staircase is overflowing during busy hours. The condition is affecting normal use of the area. Because the issue is still unresolved, it is now affecting my normal university work. Please arrange repair as soon as possible.",Maintenance & Facilities
"Sir please check, my degree verification request does not match the payment receipt. The required documents and receipt were submitted. Please process the request and correct the record.",Administrative Offices
I would like to complain that my fee challan was submitted before the deadline but still shows pending. I request verification and completion of the pending process.,Administrative Offices
I am having trouble because the student portal is not connected to the campus network. I have already checked this more than once. Please restore access as soon as possible.,IT Services
the official certificate request was submitted before the deadline but still shows pending. I would appreciate a clear status instead of being sent between offices. I request verification and completion of the pending process.,Administrative Offices
the washroom taps has exposed wiring that should be inspected.,Maintenance & Facilities
"the bonafide certificate has no status update despite repeated visits. The delay is creating difficulty with my semester matters. Because the issue is still unresolved, it is now affecting my normal university work. Please resolve the issue without further unnecessary delay.",Administrative Offices
"Hi, the makeup exam request does not include marks for work that I submitted. I already contacted the relevant teacher but the record is unchanged. Please verify the record and correct it.",Academic
my scholarship application is being delayed because the counter staff keep asking me to return later. Kindly review the documents and process the request.,Administrative Offices
I am writing regarding the registrar application was submitted before the deadline but still shows pending. I have already checked this more than once. Please process the request and correct the record.,Administrative Offices
Could you pleas look into this: the exam date sheet was uploaded late and now I cannot complete the next process. Other students in the same class can see the correct information. I would be grateful if the responsible office could review the details instead of asking me to repeat the same process. Please recheck the entry and let me know once it is fixed.,Academic
the official certificate request is being delayed because the counter staff keep asking me to return later. I need the document for another university process. Please resolve the issue without further unnecessary delay.,Administrative Offices
the semester timetable has been pending for several days.,Academic
"There is a problem with the room furniture is not available at the stated time. This is affecting normal hostel routine. I have been trying to get this sorted out, but there has not been a clear resolution yet. Kindly inspect the issue and arrange the required solution.",Hostel/Provost Office
I need help because the makeup exam request was not accepted even though I met the deadline. I submitted the required application before the deadline. I would be grateful if the responsible office could review the details instead of asking me to repeat the same process. Kindly investigate the discrepancy and make the required correction.,Academic
"I have a problem, there is a problem with the drainage line has been left unrepaired since last week. The facility is currently difficult to use safely. Please arrange repair as soon as possible.",Maintenance & Facilities
the hostel washroom is creating an uncomfortable living situation. Several residents on the floor are facing the same problem. Please take action and update me about the complaint.,Hostel/Provost Office
the migration certificate was returned without explaining what is missing.,Administrative Offices
"Please check why the lecture room lights has loose parts that may cause an accident. A maintenance complaint was already reported, but the problem remains. I request urgent maintenance of this issue.",Maintenance & Facilities
"Hi, i want to report that the hostel room lock is causing problems for residents every day. Several residents on the floor are facing the same problem. I would be grateful if the responsible office could review the details instead of asking me to repeat the same process. Please ask the hostel administration to resolve it.",Hostel/Provost Office
the fee refund request was returned without explaining what is missing. Please resolve the issue without further unnecessary delay.,Administrative Offices
the department elevator has loose parts that may cause an accident. The area is frequently used by students and staff. Please arrange repair as soon as possible.,Maintenance & Facilities
"Please help, could you please look into this: the hostel wter supply is creating repeated arguments among residents. This is affecting normal hostel routine. I request the Provost Office to look into this matter.",Hostel/Provost Office
"the room furniture is not being handled according to the hostel procedure. Several residents on the floor are facing the same problem. Because the issue is still unresolved, it is now affecting my normal university work. Please resolve this hostel-related problem soon.",Hostel/Provost Office
"Can someone check why the final exam result does not reflect the form I submitted on time. Because of this error, I am unable to proceed with the next academic step. Please check the matter before it affects my semester further.",Academic
I want to bring this issue to your attention: my clearance form is being delayed because the counter staff keep asking me to return later. I have already visited the concerned office more than once. Kindly check the application and provide an update.,Administrative Offices
"I have a problem, the building staircase is not working properly during class hours. The condition is affecting normal use of the area. Please resolve the maintenance problem at the earliest.",Maintenance & Facilities
"Sir please check, can someone check why my CGPA is different from what appears on the departmental notice. I have checked the portal more than once and the same problem remains. I would be grateful if the responsible office could review the details instead of asking me to repeat the same process. Please verify the record and correct it.",Academic
"the laboratory ventilation is not working properly during class hours. The facility is currently difficult to use safely. Because the issue is still unresolved, it is now affecting my normal university work. Please arrange repair as soon as possible.",Maintenance & Facilities
the department printer is not syncing with my stuent account.,IT Services
"Please check why my attendance record does not include marks for work that I submitted. The department office asked me to wait, but there has been no update. I would be grateful if the responsible office could review the details instead of asking me to repeat the same process. Could the concerned office please confirm the correct status?",Academic
"Please check why the laundry area is not working properly. This is affecting normal hostle routine. I have been trying to get this sorted out, but there has not been a clear resolution yet. Kindly have the warden or relevant staff check this issue.",Hostel/Provost Office
Could you please look into this: my GPA calculation is different from what appears on the departmental notice. I have already checked this more than once. Kindly review this issue and update the academic record.,Academic
"I want to report that the hostel security refund was submitted before the deadline but still shows pending. I need the document for another university process. I have been trying to get this sorted out, but there has not been a clear resolution yet. Please resolve the issue without further unnecessary delay.",Administrative Offices
"the lab internet connection does not recognize my account. I need access before the current submission deadline. Because the issue is still unresolved, it is now affecting my normal university work. The IT team is requested to inspect and correct this.",IT Services
"Hi, the online registration portal is extremely slow during class hours. I need access before the current submission deadline. becuase the issue is still unresolved, it is now affecting my normal university work. Please check the network or account configuration.",IT Services
Please check why my student card has not been forwarded to the concerned office. I have already checked this more than once. Kindly review the documents and process the request.,Administrative Offices
"Can u check this, the accounts office receipt was entered under the wrong category. Please correct the record and confirm the updated status.",Administrative Offices
I want to bring this issue to your attention: the makeup exam request was marked absent although I attended the class. I request the department to resolve this as soon as possible.,Academic
the practical marks is showing the wrong course information. I have checked the portal more than once and the same problem remains. Please recheck the entry and let me know once it is fixed.,Academic
"Hi, i want to report that the mess food is creating an uncomfortable living situation. Several residents on the floor are facing the same problem. I have been trying to get this sorted out, but there has not been a clear resolution yet. I request the Provost Office to look into this matter.",Hostel/Provost Office
"the washroom taps has been left unrepaired since last week. pleas send someone to inspect the location. Because the issue is still unresolved, it is now affecting my normal university work. Please check the problem and restore the facility.",Maintenance & Facilities
"the hostel security desk is still unresolved after several days. Please check the hostel record for my earlier complaint. Because the issue is still unresolved, it is now affecting my normal university work. Please handle the matter according to hostel policy.",Hostel/Provost Office
"the department elevator needs urgent cleaning and maintenance. Please send someone to inspect the location. Because the issue is still unresolved, it is now affecting my normal university work. Kindly resolve the maintenance problem at the earliest.",Maintenance & Facilities
"Hi, the classroom chairs is leaking and making the floor wet. The facility is currently difficult to use safely. Please have this facility repaired or replaced.",Maintenance & Facilities
"I have a problem, please check why my GPA calculation hasnt been updated even though the instructor confirmed the correction. I have already checked this more than once. I request the department to resolve this as soon as possible.",Academic
"I have a problem, i am writing regarding the practical marks does not include marks for work that I submitted. I have checked the portel more than once and the same problem remains. Please recheck the entry and let me know once it is fixed.",Academic
"I am writing regarding the email verification link fails before the process is completed. The issue occurs both in the lab and on my own device. I have been trying to get this sorted out, but there has not been a clear resolution yet. Please resolve the technical problem before the deadline.",IT Services
the transcript does not include marks for work that I submitted.,Academic
"Please help, the duplicate student card request is not appearing in the official recrod. I request verification and completion of the pending process.",Administrative Offices
"I have a problem, there is a problem with the lab internet connection is not loading the required page. I already changed the password, but the error remains. Please check the account or system and fix the issue.",IT Services
"I have a problem, the classroom ceiling has loose parts that may cause an accident. The issue becomes worse during afternoon classes. Because the issue is still unresolved, it is now affecting my normal university work. Please inspect the area and take the necessary action.",Maintenance & Facilities
I need help because the university server is preventing me from accessing course material. I have already checked this more than once. Please investigate the error and update the service.,IT Services
I am having trouble because course registration contains an error that is affecting my semester record. I need the corrected record for an upcoming academic requirement. I have been trying to get this sorted out but there has not been a clear resolution yet. Kindly review this issue and update the academic record.,Academic
"I want to bring this issue to your attention: the hostel security refund has not been approved even after verification. This matter has remained unresolved for several working days. I have been trying to get this sorted out, but there has not been a clear resolution yet. Kindly check the application and provide an update.",Administrative Offices
"Please help, the university WiFi shows a server error repeatedly. Please check whether there is an account or server-side problem. Because the issue is still unresolved, it is now affecting my normal university work. Please check the network or account configuration.",IT Services
There is a problemm with the scholarship payment is being delayed because the counter staff keep asking me to return later. This matter has remained unresolved for several working days. Kindly review the documents and process the request.,Administrative Offices
"I am writing regarding the laboratory ventilation is blocked and watre is collecting around it. It would be better to repair it before the damage increases. I have been trying to get this sorted out, but there has not been a clear resolution yet. Please have this facility repaired or replaced.",Maintenance & Facilities
Could you please look into this: the projector connection shows an error whenever I try to submit work. I request technical support for this issue.,IT Services
"my midterm marks is still missing from the student record. I would appreciate verification from the concerned academic office. Because the issue is still unresolved, it is now affecting my normal university work. Could the concerned office please confirm the correct status?",Academic
There seems to be an issue with the room cleanliness was reported to the warden but no action has been taken. Please check the hostel record for my earlier complaint. The concerned hostel staff are requested to take action.,Hostel/Provost Office
"This is getting difficult, the air conditioner needs urgent cleaning and maintenance. plz check the problem and restore the facility.",Maintenance & Facilities
"Can u check this, the admission fee record has not been forwarded to the concerned office. I request verification and completion of the pending process.",Administrative Offices
I am having trouble because the LMS course page is preventing me from accessing course material. I have already checked this more than once. Kindly check the network or account configuration.,IT Services
"Can u check this, there seems to be an issue with the common room is creating repeated arguments among residents. Please take action and update me about the complaint.",Hostel/Provost Office
I need help because the viva schedule was not accepted even though I met the deadline. Other students in the same class can see the correct information. Please recheck the entry and let me know once it is fixed.,Academic
There is a problem with the university server is preventing me from accessing course material. This is affecting my ability to complete university work. The IT team is requested to inspect and correct this.,IT Services
my midterm marks was uploaded late and now I cannot complete the next process. Other students in the same class can see the correct information. Please verify the record and correct it.,Academic
"I need help because the registered credit hours is showing the wrong course information. I submitted the required application before the deadline. I have been trying to get this sorted out, but there has not been a clear resolution yet. Kindly review this issue and update the academic record.",Academic
the hostel water supply has become worse this week. Please take action and update me about the complaint.,Hostel/Provost Office
"Hi, i am writing regarding the semester timetable is still missing from the student record. I have already checked this more than once. I request the department to resolve this as soon as possible.",Academic
I would like to complain that the classroom chairs has loose parts that may cause an accident. I have already checked this more than once. plz inspect the area and take the necessary action.,Maintenance & Facilities
"I have a problem, i am writing regarding the course section shows a value that doesnt match the marks announced in class. becuase of this error, I am unable to proceed with the next academic step. I have been trying to get this sorted out, but there has not been a clear resolution yet. Please review this issue and update the academic record.",Academic
the room change request is making it difficult to stay in the room. I informed the hostle staff earlier but the issue continues. The concerned hostel staff are requested to take action.,Hostel/Provost Office
the document attestation request shows an incorrect amount.,Administrative Offices
"I want to bring this issue to your attention: the classroom chairs is leaking and making the floor wet. This is especially difficult when the room is full. I have been trying to get this sorted out, but there has not been a clear resolution yet. The concerned staff are requested to repair this promptly.",Maintenance & Facilities
the hostel room lock has been pending with the hostel office.,Hostel/Provost Office
the university server does not send the verification message.,IT Services
Can someone check why the scholarship payment has not been forwarded to the concerned office. I have already checked this more than once. Please resolve the issue without further unnecessary delay.,Administrative Offices
I am writing regarding the admission status has not been approved even after verification. I have kept a copy of the submitted form and payment receipt. I request verification and completion of the pending process.,Administrative Offices
I want to bring this issue to your attention: the password reset service is not detecting the connected device. The problem started recently and has continued since then. I would be grateful if the responsible office could review the details instead of asking me to repeat the same process. The IT team is requested to inspect and correct this.,IT Services
"I have a problem, can someone check why my GPA calculation was not accepted even though I met the deadline. The department office asked me to wait, but there has been no update. I would be grateful if the responsible office could review the details instead of asking me to repeat the same process. I request the department to resolve this as soon as possible.",Academic
"Please help, i would like to complain that the classroom chairs is damaged and unsafe to use. Please arrange repair as soon as possible.",Maintenance & Facilities
There seems to be an issue with the password reset service has stopped working after the latest update. Kindly ask IT support to resolve this problem.,IT Services
"the viva schedule has an incorrect total after the latest update. The supporting document was submitted at the department office. Because the issue is still unresolved, it is now affecting my normal university work. I request the department to resolve this as soon as possible.",Academic
I am facing an issue because the accounts office receipt contains incorrect student information. The required documents and receipt were submitted. The concerned office is requested to check and complete this matter.,Administrative Offices
